1;ila;ila
1;ilas;ilas
1;ilam;ilam
1;ilat;ilat
1;ilah;ilah
1;ili;ili
1;ilis;ilis
1;ilim;ilim
1;ilit;ilit
1;ilih;ilih
1;ina;ina
1;inas;inas
1;inam;inam
1;inat;inat
1;inah;inah
1;jua;jua
1;juas;juas
1;juam;juam
1;juat;juat
1;juah;juah
1;juu;juu
1;juus;juus
1;juum;juum
1;juut;juut
1;juuh;juuh
1;kuu;kuu
1;kuus;kuus
1;kuum;kuum
1;kuut;kuut
1;kuuh;kuuh
1;kwa;kwa
1;kwas;kwas
1;kwam;kwam
1;kwat;kwat
1;kwah;kwah
1;mia;mia
1;mias;mias
1;miam;miam
1;miat;miat
1;miah;miah
1;mji;mji
1;mjis;mjis
1;mjim;mjim
1;mjit;mjit
1;mjih;mjih
1;mke;mke
1;mkes;mkes
1;mkem;mkem
1;mket;mket
1;mkeh;mkeh
1;mto;mto
1;mtos;mtos
1;mtom;mtom
1;mtot;mtot
1;mtoh;mtoh
1;mtu;mtu
1;mtus;mtus
1;mtum;mtum
1;mtut;mtut
1;mtuh;mtuh
1;nje;nje
1;njes;njes
1;njem;njem
1;njet;njet
1;njeh;njeh
1;nne;nne
1;nnes;nnes
1;nnem;nnem
1;nnet;nnet
1;nneh;nneh
1;pia;pia
1;pias;pias
1;piam;piam
1;piat;piat
1;piah;piah
1;pua;pua
1;puas;puas
1;puam;puam
1;puat;puat
1;puah;puah
1;saa;saa
1;saas;saas
1;saam;saam
1;saat;saat
1;saah;saah
1;uso;uso
1;usos;usos
1;usom;usom
1;usot;usot
1;usoh;usoh
1;wao;wao
1;waos;waos
1;waom;waom
1;waot;waot
1;waoh;waoh
1;yai;yai
1;yais;yais
1;yaim;yaim
1;yait;yait
1;yaih;yaih
1;yao;yao
1;yaos;yaos
1;yaom;yaom
1;yaot;yaot
1;yaoh;yaoh
2;adui;adui
2;aduis;aduis
2;aduim;aduim
2;aduit;aduit
2;aduih;aduih
2;aina;aina
2;ainas;ainas
2;ainam;ainam
2;ainat;ainat
2;ainah;ainah
2;anga;anga
2;angas;angas
2;angam;angam
2;angat;angat
2;angah;angah
2;baba;baba
2;babas;babas
2;babam;babam
2;babat;babat
2;babah;babah
2;bado;bado
2;bados;bados
2;badom;badom
2;badot;badot
2;badoh;badoh
2;bara;bara
2;baras;baras
2;baram;baram
2;barat;barat
2;barah;barah
2;basi;basi
2;basis;basis
2;basim;basim
2;basit;basit
2;basih;basih
2;bata;bata
2;batas;batas
2;batam;batam
2;batat;batat
2;batah;batah
2;bega;bega
2;begas;begas
2;begam;begam
2;begat;begat
2;begah;begah
2;bluu;bluu
2;bluus;bluus
2;bluum;bluum
2;bluut;bluut
2;bluuh;bluuh
2;bodi;bodi
2;bodis;bodis
2;bodim;bodim
2;bodit;bodit
2;bodih;bodih
2;bora;bora
2;boras;boras
2;boram;boram
2;borat;borat
2;borah;borah
2;bure;bure
2;bures;bures
2;burem;burem
2;buret;buret
2;bureh;bureh
2;busy;busy
2;busys;busys
2;busym;busym
2;busyt;busyt
2;busyh;busyh
2;dada;dada
2;dadas;dadas
2;dadam;dadam
2;dadat;dadat
2;dadah;dadah
2;damu;damu
2;damus;damus
2;damum;damum
2;damut;damut
2;damuh;damuh
2;dola;dola
2;dolas;dolas
2;dolam;dolam
2;dolat;dolat
2;dolah;dolah
2;duka;duka
2;dukas;dukas
2;dukam;dukam
2;dukat;dukat
2;dukah;dukah
2;dutu;dutu
2;dutus;dutus
2;dutum;dutum
2;dutut;dutut
2;dutuh;dutuh
2;elfu;elfu
2;elfus;elfus
2;elfum;elfum
2;elfut;elfut
2;elfuh;elfuh
2;eneo;eneo
2;eneos;eneos
2;eneom;eneom
2;eneot;eneot
2;eneoh;eneoh
2;gani;gani
2;ganis;ganis
2;ganim;ganim
2;ganit;ganit
2;ganih;ganih
2;gari;gari
2;garis;garis
2;garim;garim
2;garit;garit
2;garih;garih
2;gesi;gesi
2;gesis;gesis
2;gesim;gesim
2;gesit;gesit
2;gesih;gesih
2;giza;giza
2;gizas;gizas
2;gizam;gizam
2;gizat;gizat
2;gizah;gizah
2;haja;haja
2;hajas;hajas
2;hajam;hajam
2;hajat;hajat
2;hajah;hajah
2;haki;haki
2;hakis;hakis
2;hakim;hakim
2;hakit;hakit
2;hakih;hakih
2;hali;hali
2;halis;halis
2;halim;halim
2;halit;halit
2;halih;halih
2;hapa;hapa
2;hapas;hapas
2;hapam;hapam
2;hapat;hapat
2;hapah;hapah
2;hasa;hasa
2;hasas;hasas
2;hasam;hasam
2;hasat;hasat
2;hasah;hasah
2;hata;hata
2;hatas;hatas
2;hatam;hatam
2;hatat;hatat
2;hatah;hatah
2;haya;haya
2;hayas;hayas
2;hayam;hayam
2;hayat;hayat
2;hayah;hayah
2;hewa;hewa
2;hewas;hewas
2;hewam;hewam
2;hewat;hewat
2;hewah;hewah
2;hofu;hofu
2;hofus;hofus
2;hofum;hofum
2;hofut;hofut
2;hofuh;hofuh
2;hoja;hoja
2;hojas;hojas
2;hojam;hojam
2;hojat;hojat
2;hojah;hojah
2;huko;huko
2;hukos;hukos
2;hukom;hukom
2;hukot;hukot
2;hukoh;hukoh
2;jibu;jibu
2;jibus;jibus
2;jibum;jibum
2;jibut;jibut
2;jibuh;jibuh
2;jina;jina
2;jinas;jinas
2;jinam;jinam
2;jinat;jinat
2;jinah;jinah
2;jiwe;jiwe
2;jiwes;jiwes
2;jiwem;jiwem
2;jiwet;jiwet
2;jiweh;jiweh
2;joto;joto
2;jotos;jotos
2;jotom;jotom
2;jotot;jotot
2;jotoh;jotoh
2;jozi;jozi
2;jozis;jozis
2;jozim;jozim
2;jozit;jozit
2;jozih;jozih
2;kadi;kadi
2;kadis;kadis
2;kadim;kadim
2;kadit;kadit
2;kadih;kadih
2;kama;kama
2;kamas;kamas
2;kamam;kamam
2;kamat;kamat
2;kamah;kamah
2;kasi;kasi
2;kasis;kasis
2;kasim;kasim
2;kasit;kasit
2;kasih;kasih
2;kata;kata
2;katas;katas
2;katam;katam
2;katat;katat
2;katah;katah
2;kavu;kavu
2;kavus;kavus
2;kavum;kavum
2;kavut;kavut
2;kavuh;kavuh
2;kazi;kazi
2;kazis;kazis
2;kazim;kazim
2;kazit;kazit
2;kazih;kazih
2;kesi;kesi
2;kesis;kesis
2;kesim;kesim
2;kesit;kesit
2;kesih;kesih
2;kifo;kifo
2;kifos;kifos
2;kifom;kifom
2;kifot;kifot
2;kifoh;kifoh
2;kila;kila
2;kilas;kilas
2;kilam;kilam
2;kilat;kilat
2;kilah;kilah
2;kina;kina
2;kinas;kinas
2;kinam;kinam
2;kinat;kinat
2;kinah;kinah
2;kioo;kioo
2;kioos;kioos
2;kioom;kioom
2;kioot;kioot
2;kiooh;kiooh
2;kiti;kiti
2;kitis;kitis
2;kitim;kitim
2;kitit;kitit
2;kitih;kitih
2;kitu;kitu
2;kitus;kitus
2;kitum;kitum
2;kitut;kitut
2;kituh;kituh
2;kona;kona
2;konas;konas
2;konam;konam
2;konat;konat
2;konah;konah
2;kufa;kufa
2;kufas;kufas
2;kufam;kufam
2;kufat;kufat
2;kufah;kufah
2;kuja;kuja
2;kujas;kujas
2;kujam;kujam
2;kujat;kujat
2;kujah;kujah
2;kula;kula
2;kulas;kulas
2;kulam;kulam
2;kulat;kulat
2;kulah;kulah
2;kumi;kumi
2;kumis;kumis
2;kumim;kumim
2;kumit;kumit
2;kumih;kumih
2;kuua;kuua
2;kuuas;kuuas
2;kuuam;kuuam
2;kuuat;kuuat
2;kuuah;kuuah
2;kuwa;kuwa
2;kuwas;kuwas
2;kuwam;kuwam
2;kuwat;kuwat
2;kuwah;kuwah
2;lami;lami
2;lamis;lamis
2;lamim;lamim
2;lamit;lamit
2;lamih;lamih
2;lori;lori
2;loris;loris
2;lorim;lorim
2;lorit;lorit
2;lorih;lorih
2;maji;maji
2;majis;majis
2;majim;majim
2;majit;majit
2;majih;majih
2;mali;mali
2;malis;malis
2;malim;malim
2;malit;malit
2;malih;malih
2;mama;mama
2;mamas;mamas
2;mamam;mamam
2;mamat;mamat
2;mamah;mamah
2;mara;mara
2;maras;maras
2;maram;maram
2;marat;marat
2;marah;marah
2;mbao;mbao
2;mbaos;mbaos
2;mbaom;mbaom
2;mbaot;mbaot
2;mbaoh;mbaoh
2;mbio;mbio
2;mbios;mbios
2;mbiom;mbiom
2;mbiot;mbiot
2;mbioh;mbioh
2;mbwa;mbwa
2;mbwas;mbwas
2;mbwam;mbwam
2;mbwat;mbwat
2;mbwah;mbwah
2;meli;meli
2;melis;melis
2;melim;melim
2;melit;melit
2;melih;melih
2;meno;meno
2;menos;menos
2;menom;menom
2;menot;menot
2;menoh;menoh
2;meza;meza
2;mezas;mezas
2;mezam;mezam
2;mezat;mezat
2;mezah;mezah
2;mguu;mguu
2;mguus;mguus
2;mguum;mguum
2;mguut;mguut
2;mguuh;mguuh
2;mimi;mimi
2;mimis;mimis
2;mimim;mimim
2;mimit;mimit
2;mimih;mimih
2;mkia;mkia
2;mkias;mkias
2;mkiam;mkiam
2;mkiat;mkiat
2;mkiah;mkiah
2;moja;moja
2;mojas;mojas
2;mojam;mojam
2;mojat;mojat
2;mojah;mojah
2;moto;moto
2;motos;motos
2;motom;motom
2;motot;motot
2;motoh;motoh
2;moyo;moyo
2;moyos;moyos
2;moyom;moyom
2;moyot;moyot
2;moyoh;moyoh
2;mpya;mpya
2;mpyas;mpyas
2;mpyam;mpyam
2;mpyat;mpyat
2;mpyah;mpyah
2;mvua;mvua
2;mvuas;mvuas
2;mvuam;mvuam
2;mvuat;mvuat
2;mvuah;mvuah
2;nane;nane
2;nanes;nanes
2;nanem;nanem
2;nanet;nanet
2;naneh;naneh
2;naye;naye
2;nayes;nayes
2;nayem;nayem
2;nayet;nayet
2;nayeh;nayeh
2;nchi;nchi
2;nchis;nchis
2;nchim;nchim
2;nchit;nchit
2;nchih;nchih
2;nene;nene
2;nenes;nenes
2;nenem;nenem
2;nenet;nenet
2;neneh;neneh
2;neno;neno
2;nenos;nenos
2;nenom;nenom
2;nenot;nenot
2;nenoh;nenoh
2;nguo;nguo
2;nguos;nguos
2;nguom;nguom
2;nguot;nguot
2;nguoh;nguoh
2;nini;nini
2;ninis;ninis
2;ninim;ninim
2;ninit;ninit
2;ninih;ninih
2;njia;njia
2;njias;njias
2;njiam;njiam
2;njiat;njiat
2;njiah;njiah
2;nusu;nusu
2;nusus;nusus
2;nusum;nusum
2;nusut;nusut
2;nusuh;nusuh
2;osha;osha
2;oshas;oshas
2;osham;osham
2;oshat;oshat
2;oshah;oshah
2;paka;paka
2;pakas;pakas
2;pakam;pakam
2;pakat;pakat
2;pakah;pakah
2;pana;pana
2;panas;panas
2;panam;panam
2;panat;panat
2;panah;panah
2;papo;papo
2;papos;papos
2;papom;papom
2;papot;papot
2;papoh;papoh
2;pete;pete
2;petes;petes
2;petem;petem
2;petet;petet
2;peteh;peteh
2;pigo;pigo
2;pigos;pigos
2;pigom;pigom
2;pigot;pigot
2;pigoh;pigoh
2;pili;pili
2;pilis;pilis
2;pilim;pilim
2;pilit;pilit
2;pilih;pilih
2;pori;pori
2;poris;poris
2;porim;porim
2;porit;porit
2;porih;porih
2;reli;reli
2;relis;relis
2;relim;relim
2;relit;relit
2;relih;relih
2;saba;saba
2;sabas;sabas
2;sabam;sabam
2;sabat;sabat
2;sabah;sabah
2;safi;safi
2;safis;safis
2;safim;safim
2;safit;safit
2;safih;safih
2;safu;safu
2;safus;safus
2;safum;safum
2;safut;safut
2;safuh;safuh
2;sana;sana
2;sanas;sanas
2;sanam;sanam
2;sanat;sanat
2;sanah;sanah
2;sasa;sasa
2;sasas;sasas
2;sasam;sasam
2;sasat;sasat
2;sasah;sasah
2;sawa;sawa
2;sawas;sawas
2;sawam;sawam
2;sawat;sawat
2;sawah;sawah
2;siku;siku
2;sikus;sikus
2;sikum;sikum
2;sikut;sikut
2;sikuh;sikuh
2;simu;simu
2;simus;simus
2;simum;simum
2;simut;simut
2;simuh;simuh
2;sisi;sisi
2;sisis;sisis
2;sisim;sisim
2;sisit;sisit
2;sisih;sisih
2;sita;sita
2;sitas;sitas
2;sitam;sitam
2;sitat;sitat
2;sitah;sitah
2;soko;soko
2;sokos;sokos
2;sokom;sokom
2;sokot;sokot
2;sokoh;sokoh
2;somo;somo
2;somos;somos
2;somom;somom
2;somot;somot
2;somoh;somoh
2;sura;sura
2;suras;suras
2;suram;suram
2;surat;surat
2;surah;surah
2;suti;suti
2;sutis;sutis
2;sutim;sutim
2;sutit;sutit
2;sutih;sutih
2;tano;tano
2;tanos;tanos
2;tanom;tanom
2;tanot;tanot
2;tanoh;tanoh
2;tatu;tatu
2;tatus;tatus
2;tatum;tatum
2;tatut;tatut
2;tatuh;tatuh
2;tawi;tawi
2;tawis;tawis
2;tawim;tawim
2;tawit;tawit
2;tawih;tawih
2;tena;tena
2;tenas;tenas
2;tenam;tenam
2;tenat;tenat
2;tenah;tenah
2;timu;timu
2;timus;timus
2;timum;timum
2;timut;timut
2;timuh;timuh
2;tisa;tisa
2;tisas;tisas
2;tisam;tisam
2;tisat;tisat
2;tisah;tisah
2;tone;tone
2;tones;tones
2;tonem;tonem
2;tonet;tonet
2;toneh;toneh
2;tube;tube
2;tubes;tubes
2;tubem;tubem
2;tubet;tubet
2;tubeh;tubeh
2;umri;umri
2;umris;umris
2;umrim;umrim
2;umrit;umrit
2;umrih;umrih
2;vita;vita
2;vitas;vitas
2;vitam;vitam
2;vitat;vitat
2;vitah;vitah
2;wafu;wafu
2;wafus;wafus
2;wafum;wafum
2;wafut;wafut
2;wafuh;wafuh
2;wako;wako
2;wakos;wakos
2;wakom;wakom
2;wakot;wakot
2;wakoh;wakoh
2;wala;wala
2;walas;walas
2;walam;walam
2;walat;walat
2;walah;walah
2;wale;wale
2;wales;wales
2;walem;walem
2;walet;walet
2;waleh;waleh
2;watu;watu
2;watus;watus
2;watum;watum
2;watut;watut
2;watuh;watuh
2;waya;waya
2;wayas;wayas
2;wayam;wayam
2;wayat;wayat
2;wayah;wayah
2;wazi;wazi
2;wazis;wazis
2;wazim;wazim
2;wazit;wazit
2;wazih;wazih
2;wazo;wazo
2;wazos;wazos
2;wazom;wazom
2;wazot;wazot
2;wazoh;wazoh
2;wetu;wetu
2;wetus;wetus
2;wetum;wetum
2;wetut;wetut
2;wetuh;wetuh
2;wiki;wiki
2;wikis;wikis
2;wikim;wikim
2;wikit;wikit
2;wikih;wikih
2;yadi;yadi
2;yadis;yadis
2;yadim;yadim
2;yadit;yadit
2;yadih;yadih
2;yake;yake
2;yakes;yakes
2;yakem;yakem
2;yaket;yaket
2;yakeh;yakeh
2;yako;yako
2;yakos;yakos
2;yakom;yakom
2;yakot;yakot
2;yakoh;yakoh
2;yeye;yeye
2;yeyes;yeyes
2;yeyem;yeyem
2;yeyet;yeyet
2;yeyeh;yeyeh
2;zima;zima
2;zimas;zimas
2;zimam;zimam
2;zimat;zimat
2;zimah;zimah
2;ziwa;ziwa
2;ziwas;ziwas
2;ziwam;ziwam
2;ziwat;ziwat
2;ziwah;ziwah
3;ajabu;ajabu
3;ajabus;ajabus
3;ajabum;ajabum
3;ajabut;ajabut
3;ajabuh;ajabuh
3;akili;akili
3;akilis;akilis
3;akilim;akilim
3;akilit;akilit
3;akilih;akilih
3;alama;alama
3;alamas;alamas
3;alamam;alamam
3;alamat;alamat
3;alamah;alamah
3;ambao;ambao
3;ambaos;ambaos
3;ambaom;ambaom
3;ambaot;ambaot
3;ambaoh;ambaoh
3;amini;amini
3;aminis;aminis
3;aminim;aminim
3;aminit;aminit
3;aminih;aminih
3;ardhi;ardhi
3;ardhis;ardhis
3;ardhim;ardhim
3;ardhit;ardhit
3;ardhih;ardhih
3;asili;asili
3;asilis;asilis
3;asilim;asilim
3;asilit;asilit
3;asilih;asilih
3;awali;awali
3;awalis;awalis
3;awalim;awalim
3;awalit;awalit
3;awalih;awalih
3;baada;baada
3;baadas;baadas
3;baadam;baadam
3;baadat;baadat
3;baadah;baadah
3;barua;barua
3;baruas;baruas
3;baruam;baruam
3;baruat;baruat
3;baruah;baruah
3;bendi;bendi
3;bendis;bendis
3;bendim;bendim
3;bendit;bendit
3;bendih;bendih
3;benki;benki
3;benkis;benkis
3;benkim;benkim
3;benkit;benkit
3;benkih;benkih
3;bonde;bonde
3;bondes;bondes
3;bondem;bondem
3;bondet;bondet
3;bondeh;bondeh
3;bwana;bwana
3;bwanas;bwanas
3;bwanam;bwanam
3;bwanat;bwanat
3;bwanah;bwanah
3;chama;chama
3;chamas;chamas
3;chamam;chamam
3;chamat;chamat
3;chamah;chamah
3;chati;chati
3;chatis;chatis
3;chatim;chatim
3;chatit;chatit
3;chatih;chatih
3;chini;chini
3;chinis;chinis
3;chinim;chinim
3;chinit;chinit
3;chinih;chinih
3;chuma;chuma
3;chumas;chumas
3;chumam;chumam
3;chumat;chumat
3;chumah;chumah
3;chupa;chupa
3;chupas;chupas
3;chupam;chupam
3;chupat;chupat
3;chupah;chupah
3;daima;daima
3;daimas;daimas
3;daimam;daimam
3;daimat;daimat
3;daimah;daimah
3;dunia;dunia
3;dunias;dunias
3;duniam;duniam
3;duniat;duniat
3;duniah;duniah
3;faini;faini
3;fainis;fainis
3;fainim;fainim
3;fainit;fainit
3;fainih;fainih
3;fedha;fedha
3;fedhas;fedhas
3;fedham;fedham
3;fedhat;fedhat
3;fedhah;fedhah
3;fimbo;fimbo
3;fimbos;fimbos
3;fimbom;fimbom
3;fimbot;fimbot
3;fimboh;fimboh
3;ganda;ganda
3;gandas;gandas
3;gandam;gandam
3;gandat;gandat
3;gandah;gandah
3;gumzo;gumzo
3;gumzos;gumzos
3;gumzom;gumzom
3;gumzot;gumzot
3;gumzoh;gumzoh
3;hatua;hatua
3;hatuas;hatuas
3;hatuam;hatuam
3;hatuat;hatuat
3;hatuah;hatuah
3;hivyo;hivyo
3;hivyos;hivyos
3;hivyom;hivyom
3;hivyot;hivyot
3;hivyoh;hivyoh
3;ijayo;ijayo
3;ijayos;ijayos
3;ijayom;ijayom
3;ijayot;ijayot
3;ijayoh;ijayoh
3;ilani;ilani
3;ilanis;ilanis
3;ilanim;ilanim
3;ilanit;ilanit
3;ilanih;ilanih
3;inchi;inchi
3;inchis;inchis
3;inchim;inchim
3;inchit;inchit
3;inchih;inchih
3;jambo;jambo
3;jambos;jambos
3;jambom;jambom
3;jambot;jambot
3;jamboh;jamboh
3;jicho;jicho
3;jichos;jichos
3;jichom;jichom
3;jichot;jichot
3;jichoh;jichoh
3;jinsi;jinsi
3;jinsis;jinsis
3;jinsim;jinsim
3;jinsit;jinsit
3;jinsih;jinsih
3;jioni;jioni
3;jionis;jionis
3;jionim;jionim
3;jionit;jionit
3;jionih;jionih
3;jumla;jumla
3;jumlas;jumlas
3;jumlam;jumlam
3;jumlat;jumlat
3;jumlah;jumlah
3;kamba;kamba
3;kambas;kambas
3;kambam;kambam
3;kambat;kambat
3;kambah;kambah
3;kambi;kambi
3;kambis;kambis
3;kambim;kambim
3;kambit;kambit
3;kambih;kambih
3;kamwe;kamwe
3;kamwes;kamwes
3;kamwem;kamwem
3;kamwet;kamwet
3;kamweh;kamweh
3;kanda;kanda
3;kandas;kandas
3;kandam;kandam
3;kandat;kandat
3;kandah;kandah
3;kanzu;kanzu
3;kanzus;kanzus
3;kanzum;kanzum
3;kanzut;kanzut
3;kanzuh;kanzuh
3;kiasi;kiasi
3;kiasis;kiasis
3;kiasim;kiasim
3;kiasit;kiasit
3;kiasih;kiasih
3;kiatu;kiatu
3;kiatus;kiatus
3;kiatum;kiatum
3;kiatut;kiatut
3;kiatuh;kiatuh
3;kiini;kiini
3;kiinis;kiinis
3;kiinim;kiinim
3;kiinit;kiinit
3;kiinih;kiinih
3;kilio;kilio
3;kilios;kilios
3;kiliom;kiliom
3;kiliot;kiliot
3;kilioh;kilioh
3;kimya;kimya
3;kimyas;kimyas
3;kimyam;kimyam
3;kimyat;kimyat
3;kimyah;kimyah
3;kisha;kisha
3;kishas;kishas
3;kisham;kisham
3;kishat;kishat
3;kishah;kishah
3;kofia;kofia
3;kofias;kofias
3;kofiam;kofiam
3;kofiat;kofiat
3;kofiah;kofiah
3;kubwa;kubwa
3;kubwas;kubwas
3;kubwam;kubwam
3;kubwat;kubwat
3;kubwah;kubwah
3;kujua;kujua
3;kujuas;kujuas
3;kujuam;kujuam
3;kujuat;kujuat
3;kujuah;kujuah
3;kukaa;kukaa
3;kukaas;kukaas
3;kukaam;kukaam
3;kukaat;kukaat
3;kukaah;kukaah
3;kukua;kukua
3;kukuas;kukuas
3;kukuam;kukuam
3;kukuat;kukuat
3;kukuah;kukuah
3;kundi;kundi
3;kundis;kundis
3;kundim;kundim
3;kundit;kundit
3;kundih;kundih
3;kuona;kuona
3;kuonas;kuonas
3;kuonam;kuonam
3;kuonat;kuonat
3;kuonah;kuonah
3;kutoa;kutoa
3;kutoas;kutoas
3;kutoam;kutoam
3;kutoat;kutoat
3;kutoah;kutoah
3;kuuza;kuuza
3;kuuzas;kuuzas
3;kuuzam;kuuzam
3;kuuzat;kuuzat
3;kuuzah;kuuzah
3;kuvaa;kuvaa
3;kuvaas;kuvaas
3;kuvaam;kuvaam
3;kuvaat;kuvaat
3;kuvaah;kuvaah
3;kweli;kweli
3;kwelis;kwelis
3;kwelim;kwelim
3;kwelit;kwelit
3;kwelih;kwelih
3;labda;labda
3;labdas;labdas
3;labdam;labdam
3;labdat;labdat
3;labdah;labdah
3;laini;laini
3;lainis;lainis
3;lainim;lainim
3;lainit;lainit
3;lainih;lainih
3;lugha;lugha
3;lughas;lughas
3;lugham;lugham
3;lughat;lughat
3;lughah;lughah
3;maana;maana
3;maanas;maanas
3;maanam;maanam
3;maanat;maanat
3;maanah;maanah
3;madai;madai
3;madais;madais
3;madaim;madaim
3;madait;madait
3;madaih;madaih
3;maili;maili
3;mailis;mailis
3;mailim;mailim
3;mailit;mailit
3;mailih;mailih
3;mazao;mazao
3;mazaos;mazaos
3;mazaom;mazaom
3;mazaot;mazaot
3;mazaoh;mazaoh
3;mbali;mbali
3;mbalis;mbalis
3;mbalim;mbalim
3;mbalit;mbalit
3;mbalih;mbalih
3;mbaya;mbaya
3;mbayas;mbayas
3;mbayam;mbayam
3;mbayat;mbayat
3;mbayah;mbayah
3;mbegu;mbegu
3;mbegus;mbegus
3;mbegum;mbegum
3;mbegut;mbegut
3;mbeguh;mbeguh
3;mbele;mbele
3;mbeles;mbeles
3;mbelem;mbelem
3;mbelet;mbelet
3;mbeleh;mbeleh
3;mbili;mbili
3;mbilis;mbilis
3;mbilim;mbilim
3;mbilit;mbilit
3;mbilih;mbilih
3;mboni;mboni
3;mbonis;mbonis
3;mbonim;mbonim
3;mbonit;mbonit
3;mbonih;mbonih
3;mechi;mechi
3;mechis;mechis
3;mechim;mechim
3;mechit;mechit
3;mechih;mechih
3;mengi;mengi
3;mengis;mengis
3;mengim;mengim
3;mengit;mengit
3;mengih;mengih
3;mfano;mfano
3;mfanos;mfanos
3;mfanom;mfanom
3;mfanot;mfanot
3;mfanoh;mfanoh
3;mfumo;mfumo
3;mfumos;mfumos
3;mfumom;mfumom
3;mfumot;mfumot
3;mfumoh;mfumoh
3;mfupa;mfupa
3;mfupas;mfupas
3;mfupam;mfupam
3;mfupat;mfupat
3;mfupah;mfupah
3;mfupi;mfupi
3;mfupis;mfupis
3;mfupim;mfupim
3;mfupit;mfupit
3;mfupih;mfupih
3;miguu;miguu
3;miguus;miguus
3;miguum;miguum
3;miguut;miguut
3;miguuh;miguuh
3;mkali;mkali
3;mkalis;mkalis
3;mkalim;mkalim
3;mkalit;mkalit
3;mkalih;mkalih
3;mkate;mkate
3;mkates;mkates
3;mkatem;mkatem
3;mkatet;mkatet
3;mkateh;mkateh
3;mkono;mkono
3;mkonos;mkonos
3;mkonom;mkonom
3;mkonot;mkonot
3;mkonoh;mkonoh
3;mlima;mlima
3;mlimas;mlimas
3;mlimam;mlimam
3;mlimat;mlimat
3;mlimah;mlimah
3;mpaka;mpaka
3;mpakas;mpakas
3;mpakam;mpakam
3;mpakat;mpakat
3;mpakah;mpakah
3;mpira;mpira
3;mpiras;mpiras
3;mpiram;mpiram
3;mpirat;mpirat
3;mpirah;mpirah
3;mpole;mpole
3;mpoles;mpoles
3;mpolem;mpolem
3;mpolet;mpolet
3;mpoleh;mpoleh
3;mraba;mraba
3;mrabas;mrabas
3;mrabam;mrabam
3;mrabat;mrabat
3;mrabah;mrabah
3;mrefu;mrefu
3;mrefus;mrefus
3;mrefum;mrefum
3;mrefut;mrefut
3;mrefuh;mrefuh
3;msimu;msimu
3;msimus;msimus
3;msimum;msimum
3;msimut;msimut
3;msimuh;msimuh
3;msitu;msitu
3;msitus;msitus
3;msitum;msitum
3;msitut;msitut
3;msituh;msituh
3;mtini;mtini
3;mtinis;mtinis
3;mtinim;mtinim
3;mtinit;mtinit
3;mtinih;mtinih
3;mtoto;mtoto
3;mtotos;mtotos
3;mtotom;mtotom
3;mtotot;mtotot
3;mtotoh;mtotoh
3;mvuke;mvuke
3;mvukes;mvukes
3;mvukem;mvukem
3;mvuket;mvuket
3;mvukeh;mvukeh
3;mwaka;mwaka
3;mwakas;mwakas
3;mwakam;mwakam
3;mwakat;mwakat
3;mwakah;mwakah
3;mwana;mwana
3;mwanas;mwanas
3;mwanam;mwanam
3;mwanat;mwanat
3;mwanah;mwanah
3;mwezi;mwezi
3;mwezis;mwezis
3;mwezim;mwezim
3;mwezit;mwezit
3;mwezih;mwezih
3;mwili;mwili
3;mwilis;mwilis
3;mwilim;mwilim
3;mwilit;mwilit
3;mwilih;mwilih
3;mzazi;mzazi
3;mzazis;mzazis
3;mzazim;mzazim
3;mzazit;mzazit
3;mzazih;mzazih
3;ndege;ndege
3;ndeges;ndeges
3;ndegem;ndegem
3;ndeget;ndeget
3;ndegeh;ndegeh
3;ndiyo;ndiyo
3;ndiyos;ndiyos
3;ndiyom;ndiyom
3;ndiyot;ndiyot
3;ndiyoh;ndiyoh
3;ndogo;ndogo
3;ndogos;ndogos
3;ndogom;ndogom
3;ndogot;ndogot
3;ndogoh;ndogoh
3;ndoto;ndoto
3;ndotos;ndotos
3;ndotom;ndotom
3;ndotot;ndotot
3;ndotoh;ndotoh
3;ndugu;ndugu
3;ndugus;ndugus
3;ndugum;ndugum
3;ndugut;ndugut
3;nduguh;nduguh
3;neema;neema
3;neemas;neemas
3;neemam;neemam
3;neemat;neemat
3;neemah;neemah
3;ngoma;ngoma
3;ngomas;ngomas
3;ngomam;ngomam
3;ngomat;ngomat
3;ngomah;ngomah
3;ngozi;ngozi
3;ngozis;ngozis
3;ngozim;ngozim
3;ngozit;ngozit
3;ngozih;ngozih
3;ngumu;ngumu
3;ngumus;ngumus
3;ngumum;ngumum
3;ngumut;ngumut
3;ngumuh;ngumuh
3;nguvu;nguvu
3;nguvus;nguvus
3;nguvum;nguvum
3;nguvut;nguvut
3;nguvuh;nguvuh
3;ninyi;ninyi
3;ninyis;ninyis
3;ninyim;ninyim
3;ninyit;ninyit
3;ninyih;ninyih
3;njano;njano
3;njanos;njanos
3;njanom;njanom
3;njanot;njanot
3;njanoh;njanoh
3;nyama;nyama
3;nyamas;nyamas
3;nyamam;nyamam
3;nyamat;nyamat
3;nyamah;nyamah
3;nyasi;nyasi
3;nyasis;nyasis
3;nyasim;nyasim
3;nyasit;nyasit
3;nyasih;nyasih
3;nyota;nyota
3;nyotas;nyotas
3;nyotam;nyotam
3;nyotat;nyotat
3;nyotah;nyotah
3;nyuma;nyuma
3;nyumas;nyumas
3;nyumam;nyumam
3;nyumat;nyumat
3;nyumah;nyumah
3;nzito;nzito
3;nzitos;nzitos
3;nzitom;nzitom
3;nzitot;nzitot
3;nzitoh;nzitoh
3;nzuri;nzuri
3;nzuris;nzuris
3;nzurim;nzurim
3;nzurit;nzurit
3;nzurih;nzurih
3;ofisi;ofisi
3;ofisis;ofisis
3;ofisim;ofisim
3;ofisit;ofisit
3;ofisih;ofisih
3;ondoa;ondoa
3;ondoas;ondoas
3;ondoam;ondoam
3;ondoat;ondoat
3;ondoah;ondoah
3;pamba;pamba
3;pambas;pambas
3;pambam;pambam
3;pambat;pambat
3;pambah;pambah
3;picha;picha
3;pichas;pichas
3;picham;picham
3;pichat;pichat
3;pichah;pichah
3;pwani;pwani
3;pwanis;pwanis
3;pwanim;pwanim
3;pwanit;pwanit
3;pwanih;pwanih
3;rangi;rangi
3;rangis;rangis
3;rangim;rangim
3;rangit;rangit
3;rangih;rangih
3;sanaa;sanaa
3;sanaas;sanaas
3;sanaam;sanaam
3;sanaat;sanaat
3;sanaah;sanaah
3;sauti;sauti
3;sautis;sautis
3;sautim;sautim
3;sautit;sautit
3;sautih;sautih
3;shida;shida
3;shidas;shidas
3;shidam;shidam
3;shidat;shidat
3;shidah;shidah
3;shimo;shimo
3;shimos;shimos
3;shimom;shimom
3;shimot;shimot
3;shimoh;shimoh
3;shule;shule
3;shules;shules
3;shulem;shulem
3;shulet;shulet
3;shuleh;shuleh
3;sikio;sikio
3;sikios;sikios
3;sikiom;sikiom
3;sikiot;sikiot
3;sikioh;sikioh
3;swali;swali
3;swalis;swalis
3;swalim;swalim
3;swalit;swalit
3;swalih;swalih
3;taifa;taifa
3;taifas;taifas
3;taifam;taifam
3;taifat;taifat
3;taifah;taifah
3;tairi;tairi
3;tairis;tairis
3;tairim;tairim
3;tairit;tairit
3;tairih;tairih
3;tangu;tangu
3;tangus;tangus
3;tangum;tangum
3;tangut;tangut
3;tanguh;tanguh
3;tendo;tendo
3;tendos;tendos
3;tendom;tendom
3;tendot;tendot
3;tendoh;tendoh
3;treni;treni
3;trenis;trenis
3;trenim;trenim
3;trenit;trenit
3;trenih;trenih
3;tukio;tukio
3;tukios;tukios
3;tukiom;tukiom
3;tukiot;tukiot
3;tukioh;tukioh
3;ujuzi;ujuzi
3;ujuzis;ujuzis
3;ujuzim;ujuzim
3;ujuzit;ujuzit
3;ujuzih;ujuzih
3;ukuta;ukuta
3;ukutas;ukutas
3;ukutam;ukutam
3;ukutat;ukutat
3;ukutah;ukutah
3;umeme;umeme
3;umemes;umemes
3;umemem;umemem
3;umemet;umemet
3;umemeh;umemeh
3;uongo;uongo
3;uongos;uongos
3;uongom;uongom
3;uongot;uongot
3;uongoh;uongoh
3;upepo;upepo
3;upepos;upepos
3;upepom;upepom
3;upepot;upepot
3;upepoh;upepoh
3;urefu;urefu
3;urefus;urefus
3;urefum;urefum
3;urefut;urefut
3;urefuh;urefuh
3;usiku;usiku
3;usikus;usikus
3;usikum;usikum
3;usikut;usikut
3;usikuh;usikuh
3;uwezo;uwezo
3;uwezos;uwezos
3;uwezom;uwezom
3;uwezot;uwezot
3;uwezoh;uwezoh
3;uzito;uzito
3;uzitos;uzitos
3;uzitom;uzitom
3;uzitot;uzitot
3;uzitoh;uzitoh
3;uzuri;uzuri
3;uzuris;uzuris
3;uzurim;uzurim
3;uzurit;uzurit
3;uzurih;uzurih
3;vifaa;vifaa
3;vifaas;vifaas
3;vifaam;vifaam
3;vifaat;vifaat
3;vifaah;vifaah
3;wakuu;wakuu
3;wakuus;wakuus
3;wakuum;wakuum
3;wakuut;wakuut
3;wakuuh;wakuuh
3;wengi;wengi
3;wengis;wengis
3;wengim;wengim
3;wengit;wengit
3;wengih;wengih
3;wimbi;wimbi
3;wimbis;wimbis
3;wimbim;wimbim
3;wimbit;wimbit
3;wimbih;wimbih
3;wimbo;wimbo
3;wimbos;wimbos
3;wimbom;wimbom
3;wimbot;wimbot
3;wimboh;wimboh
3;wingi;wingi
3;wingis;wingis
3;wingim;wingim
3;wingit;wingit
3;wingih;wingih
3;wingu;wingu
3;wingus;wingus
3;wingum;wingum
3;wingut;wingut
3;winguh;winguh
3;yangu;yangu
3;yangus;yangus
3;yangum;yangum
3;yangut;yangut
3;yanguh;yanguh
3;zaidi;zaidi
3;zaidis;zaidis
3;zaidim;zaidim
3;zaidit;zaidit
3;zaidih;zaidih
3;ziara;ziara
3;ziaras;ziaras
3;ziaram;ziaram
3;ziarat;ziarat
3;ziarah;ziarah
3;zoezi;zoezi
3;zoezis;zoezis
3;zoezim;zoezim
3;zoezit;zoezit
3;zoezih;zoezih
4;alijua;alijua
4;alijuas;alijuas
4;alijuam;alijuam
4;alijuat;alijuat
4;alijuah;alijuah
4;alitoa;alitoa
4;alitoas;alitoas
4;alitoam;alitoam
4;alitoat;alitoat
4;alitoah;alitoah
4;ambapo;ambapo
4;ambapos;ambapos
4;ambapom;ambapom
4;ambapot;ambapot
4;ambapoh;ambapoh
4;ambayo;ambayo
4;ambayos;ambayos
4;ambayom;ambayom
4;ambayot;ambayot
4;ambayoh;ambayoh
4;askari;askari
4;askaris;askaris
4;askarim;askarim
4;askarit;askarit
4;askarih;askarih
4;athari;athari
4;atharis;atharis
4;atharim;atharim
4;atharit;atharit
4;atharih;atharih
4;baadhi;baadhi
4;baadhis;baadhis
4;baadhim;baadhim
4;baadhit;baadhit
4;baadhih;baadhih
4;badala;badala
4;badalas;badalas
4;badalam;badalam
4;badalat;badalat
4;badalah;badalah
4;bahari;bahari
4;baharis;baharis
4;baharim;baharim
4;baharit;baharit
4;baharih;baharih
4;barafu;barafu
4;barafus;barafus
4;barafum;barafum
4;barafut;barafut
4;barafuh;barafuh
4;baridi;baridi
4;baridis;baridis
4;baridim;baridim
4;baridit;baridit
4;baridih;baridih
4;bidhaa;bidhaa
4;bidhaas;bidhaas
4;bidhaam;bidhaam
4;bidhaat;bidhaat
4;bidhaah;bidhaah
4;chache;chache
4;chaches;chaches
4;chachem;chachem
4;chachet;chachet
4;chacheh;chacheh
4;chembe;chembe
4;chembes;chembes
4;chembem;chembem
4;chembet;chembet
4;chembeh;chembeh
4;chombo;chombo
4;chombos;chombos
4;chombom;chombom
4;chombot;chombot
4;chomboh;chomboh
4;chumba;chumba
4;chumbas;chumbas
4;chumbam;chumbam
4;chumbat;chumbat
4;chumbah;chumbah
4;chumvi;chumvi
4;chumvis;chumvis
4;chumvim;chumvim
4;chumvit;chumvit
4;chumvih;chumvih
4;dakika;dakika
4;dakikas;dakikas
4;dakikam;dakikam
4;dakikat;dakikat
4;dakikah;dakikah
4;darasa;darasa
4;darasas;darasas
4;darasam;darasam
4;darasat;darasat
4;darasah;darasah
4;farasi;farasi
4;farasis;farasis
4;farasim;farasim
4;farasit;farasit
4;farasih;farasih
4;furaha;furaha
4;furahas;furahas
4;furaham;furaham
4;furahat;furahat
4;furahah;furahah
4;ghafla;ghafla
4;ghaflas;ghaflas
4;ghaflam;ghaflam
4;ghaflat;ghaflat
4;ghaflah;ghaflah
4;gorofa;gorofa
4;gorofas;gorofas
4;gorofam;gorofam
4;gorofat;gorofat
4;gorofah;gorofah
4;habari;habari
4;habaris;habaris
4;habarim;habarim
4;habarit;habarit
4;habarih;habarih
4;hakuna;hakuna
4;hakunas;hakunas
4;hakunam;hakunam
4;hakunat;hakunat
4;hakunah;hakunah
4;halisi;halisi
4;halisis;halisis
4;halisim;halisim
4;halisit;halisit
4;halisih;halisih
4;haraka;haraka
4;harakas;harakas
4;harakam;harakam
4;harakat;harakat
4;harakah;harakah
4;harufu;harufu
4;harufus;harufus
4;harufum;harufum
4;harufut;harufut
4;harufuh;harufuh
4;hasira;hasira
4;hasiras;hasiras
4;hasiram;hasiram
4;hasirat;hasirat
4;hasirah;hasirah
4;hatari;hatari
4;hataris;hataris
4;hatarim;hatarim
4;hatarit;hatarit
4;hatarih;hatarih
4;hotuba;hotuba
4;hotubas;hotubas
4;hotubam;hotubam
4;hotubat;hotubat
4;hotubah;hotubah
4;huduma;huduma
4;hudumas;hudumas
4;hudumam;hudumam
4;hudumat;hudumat
4;hudumah;hudumah
4;hukumu;hukumu
4;hukumus;hukumus
4;hukumum;hukumum
4;hukumut;hukumut
4;hukumuh;hukumuh
4;ilikua;ilikua
4;ilikuas;ilikuas
4;ilikuam;ilikuam
4;ilikuat;ilikuat
4;ilikuah;ilikuah
4;ingawa;ingawa
4;ingawas;ingawas
4;ingawam;ingawam
4;ingawat;ingawat
4;ingawah;ingawah
4;injini;injini
4;injinis;injinis
4;injinim;injinim
4;injinit;injinit
4;injinih;injinih
4;ishara;ishara
4;isharas;isharas
4;isharam;isharam
4;isharat;isharat
4;isharah;isharah
4;jangwa;jangwa
4;jangwas;jangwas
4;jangwam;jangwam
4;jangwat;jangwat
4;jangwah;jangwah
4;jirani;jirani
4;jiranis;jiranis
4;jiranim;jiranim
4;jiranit;jiranit
4;jiranih;jiranih
4;kabisa;kabisa
4;kabisas;kabisas
4;kabisam;kabisam
4;kabisat;kabisat
4;kabisah;kabisah
4;kadhaa;kadhaa
4;kadhaas;kadhaas
4;kadhaam;kadhaam
4;kadhaat;kadhaat
4;kadhaah;kadhaah
4;kamili;kamili
4;kamilis;kamilis
4;kamilim;kamilim
4;kamilit;kamilit
4;kamilih;kamilih
4;kamusi;kamusi
4;kamusis;kamusis
4;kamusim;kamusim
4;kamusit;kamusit
4;kamusih;kamusih
4;karibu;karibu
4;karibus;karibus
4;karibum;karibum
4;karibut;karibut
4;karibuh;karibuh
4;katika;katika
4;katikas;katikas
4;katikam;katikam
4;katikat;katikat
4;katikah;katikah
4;kelele;kelele
4;keleles;keleles
4;kelelem;kelelem
4;kelelet;kelelet
4;keleleh;keleleh
4;kichwa;kichwa
4;kichwas;kichwas
4;kichwam;kichwam
4;kichwat;kichwat
4;kichwah;kichwah
4;kidogo;kidogo
4;kidogos;kidogos
4;kidogom;kidogom
4;kidogot;kidogot
4;kidogoh;kidogoh
4;kidole;kidole
4;kidoles;kidoles
4;kidolem;kidolem
4;kidolet;kidolet
4;kidoleh;kidoleh
4;kijani;kijani
4;kijanis;kijanis
4;kijanim;kijanim
4;kijanit;kijanit
4;kijanih;kijanih
4;kijiji;kijiji
4;kijijis;kijijis
4;kijijim;kijijim
4;kijijit;kijijit
4;kijijih;kijijih
4;kijivu;kijivu
4;kijivus;kijivus
4;kijivum;kijivum
4;kijivut;kijivut
4;kijivuh;kijivuh
4;kilima;kilima
4;kilimas;kilimas
4;kilimam;kilimam
4;kilimat;kilimat
4;kilimah;kilimah
4;kinywa;kinywa
4;kinywas;kinywas
4;kinywam;kinywam
4;kinywat;kinywat
4;kinywah;kinywah
4;kioevu;kioevu
4;kioevus;kioevus
4;kioevum;kioevum
4;kioevut;kioevut
4;kioevuh;kioevuh
4;kisasa;kisasa
4;kisasas;kisasas
4;kisasam;kisasam
4;kisasat;kisasat
4;kisasah;kisasah
4;kisiwa;kisiwa
4;kisiwas;kisiwas
4;kisiwam;kisiwam
4;kisiwat;kisiwat
4;kisiwah;kisiwah
4;kitabu;kitabu
4;kitabus;kitabus
4;kitabum;kitabum
4;kitabut;kitabut
4;kitabuh;kitabuh
4;koloni;koloni
4;kolonis;kolonis
4;kolonim;kolonim
4;kolonit;kolonit
4;kolonih;kolonih
4;kuacha;kuacha
4;kuachas;kuachas
4;kuacham;kuacham
4;kuachat;kuachat
4;kuachah;kuachah
4;kuamua;kuamua
4;kuamuas;kuamuas
4;kuamuam;kuamuam
4;kuamuat;kuamuat
4;kuamuah;kuamuah
4;kuanza;kuanza
4;kuanzas;kuanzas
4;kuanzam;kuanzam
4;kuanzat;kuanzat
4;kuanzah;kuanzah
4;kubeba;kubeba
4;kubebas;kubebas
4;kubebam;kubebam
4;kubebat;kubebat
4;kubebah;kubebah
4;kubuni;kubuni
4;kubunis;kubunis
4;kubunim;kubunim
4;kubunit;kubunit
4;kubunih;kubunih
4;kuenea;kuenea
4;kueneas;kueneas
4;kueneam;kueneam
4;kueneat;kueneat
4;kueneah;kueneah
4;kugusa;kugusa
4;kugusas;kugusas
4;kugusam;kugusam
4;kugusat;kugusat
4;kugusah;kugusah
4;kuhusu;kuhusu
4;kuhusus;kuhusus
4;kuhusum;kuhusum
4;kuhusut;kuhusut
4;kuhusuh;kuhusuh
4;kuimba;kuimba
4;kuimbas;kuimbas
4;kuimbam;kuimbam
4;kuimbat;kuimbat
4;kuimbah;kuimbah
4;kuinua;kuinua
4;kuinuas;kuinuas
4;kuinuam;kuinuam
4;kuinuat;kuinuat
4;kuinuah;kuinuah
4;kuishi;kuishi
4;kuishis;kuishis
4;kuishim;kuishim
4;kuishit;kuishit
4;kuishih;kuishih
4;kujaza;kujaza
4;kujazas;kujazas
4;kujazam;kujazam
4;kujazat;kujazat
4;kujazah;kujazah
4;kuleta;kuleta
4;kuletas;kuletas
4;kuletam;kuletam
4;kuletat;kuletat
4;kuletah;kuletah
4;kuliko;kuliko
4;kulikos;kulikos
4;kulikom;kulikom
4;kulikot;kulikot
4;kulikoh;kulikoh
4;kulipa;kulipa
4;kulipas;kulipas
4;kulipam;kulipam
4;kulipat;kulipat
4;kulipah;kulipah
4;kunywa;kunywa
4;kunywas;kunywas
4;kunywam;kunywam
4;kunywat;kunywat
4;kunywah;kunywah
4;kuokoa;kuokoa
4;kuokoas;kuokoas
4;kuokoam;kuokoam
4;kuokoat;kuokoat
4;kuokoah;kuokoah
4;kupata;kupata
4;kupatas;kupatas
4;kupatam;kupatam
4;kupatat;kupatat
4;kupatah;kupatah
4;kupima;kupima
4;kupimas;kupimas
4;kupimam;kupimam
4;kupimat;kupimat
4;kupimah;kupimah
4;kupita;kupita
4;kupitas;kupitas
4;kupitam;kupitam
4;kupitat;kupitat
4;kupitah;kupitah
4;kuruka;kuruka
4;kurukas;kurukas
4;kurukam;kurukam
4;kurukat;kurukat
4;kurukah;kurukah
4;kusema;kusema
4;kusemas;kusemas
4;kusemam;kusemam
4;kusemat;kusemat
4;kusemah;kusemah
4;kusini;kusini
4;kusinis;kusinis
4;kusinim;kusinim
4;kusinit;kusinit
4;kusinih;kusinih
4;kusoma;kusoma
4;kusomas;kusomas
4;kusomam;kusomam
4;kusomat;kusomat
4;kusomah;kusomah
4;kuteka;kuteka
4;kutekas;kutekas
4;kutekam;kutekam
4;kutekat;kutekat
4;kutekah;kutekah
4;kutoka;kutoka
4;kutokas;kutokas
4;kutokam;kutokam
4;kutokat;kutokat
4;kutokah;kutokah
4;kutuma;kutuma
4;kutumas;kutumas
4;kutumam;kutumam
4;kutumat;kutumat
4;kutumah;kutumah
4;kutupa;kutupa
4;kutupas;kutupas
4;kutupam;kutupam
4;kutupat;kutupat
4;kutupah;kutupah
4;kuvuta;kuvuta
4;kuvutas;kuvutas
4;kuvutam;kuvutam
4;kuvutat;kuvutat
4;kuvutah;kuvutah
4;kuweka;kuweka
4;kuwekas;kuwekas
4;kuwekam;kuwekam
4;kuwekat;kuwekat
4;kuwekah;kuwekah
4;kuzuia;kuzuia
4;kuzuias;kuzuias
4;kuzuiam;kuzuiam
4;kuzuiat;kuzuiat
4;kuzuiah;kuzuiah
4;kwamba;kwamba
4;kwambas;kwambas
4;kwambam;kwambam
4;kwambat;kwambat
4;kwambah;kwambah
4;kwanza;kwanza
4;kwanzas;kwanzas
4;kwanzam;kwanzam
4;kwanzat;kwanzat
4;kwanzah;kwanzah
4;kwenda;kwenda
4;kwendas;kwendas
4;kwendam;kwendam
4;kwendat;kwendat
4;kwendah;kwendah
4;lakini;lakini
4;lakinis;lakinis
4;lakinim;lakinim
4;lakinit;lakinit
4;lakinih;lakinih
4;lazima;lazima
4;lazimas;lazimas
4;lazimam;lazimam
4;lazimat;lazimat
4;lazimah;lazimah
4;maalum;maalum
4;maalums;maalums
4;maalumm;maalumm
4;maalumt;maalumt
4;maalumh;maalumh
4;mafuta;mafuta
4;mafutas;mafutas
4;mafutam;mafutam
4;mafutat;mafutat
4;mafutah;mafutah
4;mahali;mahali
4;mahalis;mahalis
4;mahalim;mahalim
4;mahalit;mahalit
4;mahalih;mahalih
4;maisha;maisha
4;maishas;maishas
4;maisham;maisham
4;maishat;maishat
4;maishah;maishah
4;makali;makali
4;makalis;makalis
4;makalim;makalim
4;makalit;makalit
4;makalih;makalih
4;makosa;makosa
4;makosas;makosas
4;makosam;makosam
4;makosat;makosat
4;makosah;makosah
4;malipo;malipo
4;malipos;malipos
4;malipom;malipom
4;malipot;malipot
4;malipoh;malipoh
4;maneno;maneno
4;manenos;manenos
4;manenom;manenom
4;manenot;manenot
4;manenoh;manenoh
5;mapema;mapema
5;mapemas;mapemas
5;mapemam;mapemam
5;mapemat;mapemat
5;mapemah;mapemah
5;mashua;mashua
5;mashuas;mashuas
5;mashuam;mashuam
5;mashuat;mashuat
5;mashuah;mashuah
5;mavazi;mavazi
5;mavazis;mavazis
5;mavazim;mavazim
5;mavazit;mavazit
5;mavazih;mavazih
5;maziwa;maziwa
5;maziwas;maziwas
5;maziwam;maziwam
5;maziwat;maziwat
5;maziwah;maziwah
5;mchezo;mchezo
5;mchezos;mchezos
5;mchezom;mchezom
5;mchezot;mchezot
5;mchezoh;mchezoh
5;mfalme;mfalme
5;mfalmes;mfalmes
5;mfalmem;mfalmem
5;mfalmet;mfalmet
5;mfalmeh;mfalmeh
5;milele;milele
5;mileles;mileles
5;milelem;milelem
5;milelet;milelet
5;mileleh;mileleh
5;mizizi;mizizi
5;mizizis;mizizis
5;mizizim;mizizim
5;mizizit;mizizit
5;mizizih;mizizih
5;mkondo;mkondo
5;mkondos;mkondos
5;mkondom;mkondom
5;mkondot;mkondot
5;mkondoh;mkondoh
5;mlango;mlango
5;mlangos;mlangos
5;mlangom;mlangom
5;mlangot;mlangot
5;mlangoh;mlangoh
5;mnyama;mnyama
5;mnyamas;mnyamas
5;mnyamam;mnyamam
5;mnyamat;mnyamat
5;mnyamah;mnyamah
5;mpango;mpango
5;mpangos;mpangos
5;mpangom;mpangom
5;mpangot;mpangot
5;mpangoh;mpangoh
5;mpishi;mpishi
5;mpishis;mpishis
5;mpishim;mpishim
5;mpishit;mpishit
5;mpishih;mpishih
5;mrengo;mrengo
5;mrengos;mrengos
5;mrengom;mrengom
5;mrengot;mrengot
5;mrengoh;mrengoh
5;msaada;msaada
5;msaadas;msaadas
5;msaadam;msaadam
5;msaadat;msaadat
5;msaadah;msaadah
5;msingi;msingi
5;msingis;msingis
5;msingim;msingim
5;msingit;msingit
5;msingih;msingih
5;mstari;mstari
5;mstaris;mstaris
5;mstarim;mstarim
5;mstarit;mstarit
5;mstarih;mstarih
5;mtumwa;mtumwa
5;mtumwas;mtumwas
5;mtumwam;mtumwam
5;mtumwat;mtumwat
5;mtumwah;mtumwah
5;muhimu;muhimu
5;muhimus;muhimus
5;muhimum;muhimum
5;muhimut;muhimut
5;muhimuh;muhimuh
5;muundo;muundo
5;muundos;muundos
5;muundom;muundom
5;muundot;muundot
5;muundoh;muundoh
5;muziki;muziki
5;muzikis;muzikis
5;muzikim;muzikim
5;muzikit;muzikit
5;muzikih;muzikih
5;mwamba;mwamba
5;mwambas;mwambas
5;mwambam;mwambam
5;mwambat;mwambat
5;mwambah;mwambah
5;mwanga;mwanga
5;mwangas;mwangas
5;mwangam;mwangam
5;mwangat;mwangat
5;mwangah;mwangah
5;mwendo;mwendo
5;mwendos;mwendos
5;mwendom;mwendom
5;mwendot;mwendot
5;mwendoh;mwendoh
5;mwisho;mwisho
5;mwishos;mwishos
5;mwishom;mwishom
5;mwishot;mwishot
5;mwishoh;mwishoh
5;mzulia;mzulia
5;mzulias;mzulias
5;mzuliam;mzuliam
5;mzuliat;mzuliat
5;mzuliah;mzuliah
5;nafaka;nafaka
5;nafakas;nafakas
5;nafakam;nafakam
5;nafakat;nafakat
5;nafakah;nafakah
5;nafasi;nafasi
5;nafasis;nafasis
5;nafasim;nafasim
5;nafasit;nafasit
5;nafasih;nafasih
5;nakala;nakala
5;nakalas;nakalas
5;nakalam;nakalam
5;nakalat;nakalat
5;nakalah;nakalah
5;nomino;nomino
5;nominos;nominos
5;nominom;nominom
5;nominot;nominot
5;nominoh;nominoh
5;nyeupe;nyeupe
5;nyeupes;nyeupes
5;nyeupem;nyeupem
5;nyeupet;nyeupet
5;nyeupeh;nyeupeh
5;nyeusi;nyeusi
5;nyeusis;nyeusis
5;nyeusim;nyeusim
5;nyeusit;nyeusit
5;nyeusih;nyeusih
5;nyumba;nyumba
5;nyumbas;nyumbas
5;nyumbam;nyumbam
5;nyumbat;nyumbat
5;nyumbah;nyumbah
5;nywele;nywele
5;nyweles;nyweles
5;nywelem;nywelem
5;nywelet;nywelet
5;nyweleh;nyweleh
5;orodha;orodha
5;orodhas;orodhas
5;orodham;orodham
5;orodhat;orodhat
5;orodhah;orodhah
5;pamoja;pamoja
5;pamojas;pamojas
5;pamojam;pamojam
5;pamojat;pamojat
5;pamojah;pamojah
5;rafiki;rafiki
5;rafikis;rafikis
5;rafikim;rafikim
5;rafikit;rafikit
5;rafikih;rafikih
5;rahisi;rahisi
5;rahisis;rahisis
5;rahisim;rahisim
5;rahisit;rahisit
5;rahisih;rahisih
5;ramani;ramani
5;ramanis;ramanis
5;ramanim;ramanim
5;ramanit;ramanit
5;ramanih;ramanih
5;rekodi;rekodi
5;rekodis;rekodis
5;rekodim;rekodim
5;rekodit;rekodit
5;rekodih;rekodih
5;sababu;sababu
5;sababus;sababus
5;sababum;sababum
5;sababut;sababut
5;sababuh;sababuh
5;safari;safari
5;safaris;safaris
5;safarim;safarim
5;safarit;safarit
5;safarih;safarih
5;sahihi;sahihi
5;sahihis;sahihis
5;sahihim;sahihim
5;sahihit;sahihit
5;sahihih;sahihih
5;sakafu;sakafu
5;sakafus;sakafus
5;sakafum;sakafum
5;sakafut;sakafut
5;sakafuh;sakafuh
5;salama;salama
5;salamas;salamas
5;salamam;salamam
5;salamat;salamat
5;salamah;salamah
5;samaki;samaki
5;samakis;samakis
5;samakim;samakim
5;samakit;samakit
5;samakih;samakih
5;sayari;sayari
5;sayaris;sayaris
5;sayarim;sayarim
5;sayarit;sayarit
5;sayarih;sayarih
5;search;search
5;searchs;searchs
5;searchm;searchm
5;searcht;searcht
5;searchh;searchh
5;sehemu;sehemu
5;sehemus;sehemus
5;sehemum;sehemum
5;sehemut;sehemut
5;sehemuh;sehemuh
5;shairi;shairi
5;shairis;shairis
5;shairim;shairim
5;shairit;shairit
5;shairih;shairih
5;shamba;shamba
5;shambas;shambas
5;shambam;shambam
5;shambat;shambat
5;shambah;shambah
5;sheria;sheria
5;sherias;sherias
5;sheriam;sheriam
5;sheriat;sheriat
5;sheriah;sheriah
5;shingo;shingo
5;shingos;shingos
5;shingom;shingom
5;shingot;shingot
5;shingoh;shingoh
5;silabi;silabi
5;silabis;silabis
5;silabim;silabim
5;silabit;silabit
5;silabih;silabih
5;sukari;sukari
5;sukaris;sukaris
5;sukarim;sukarim
5;sukarit;sukarit
5;sukarih;sukarih
5;sumaku;sumaku
5;sumakus;sumakus
5;sumakum;sumakum
5;sumakut;sumakut
5;sumakuh;sumakuh
5;tajiri;tajiri
5;tajiris;tajiris
5;tajirim;tajirim
5;tajirit;tajirit
5;tajirih;tajirih
5;tatizo;tatizo
5;tatizos;tatizos
5;tatizom;tatizom
5;tatizot;tatizot
5;tatizoh;tatizoh
5;tayari;tayari
5;tayaris;tayaris
5;tayarim;tayarim
5;tayarit;tayarit
5;tayarih;tayarih
5;udongo;udongo
5;udongos;udongos
5;udongom;udongom
5;udongot;udongot
5;udongoh;udongoh
5;ujumla;ujumla
5;ujumlas;ujumlas
5;ujumlam;ujumlam
5;ujumlat;ujumlat
5;ujumlah;ujumlah
5;ukubwa;ukubwa
5;ukubwas;ukubwas
5;ukubwam;ukubwam
5;ukubwat;ukubwat
5;ukubwah;ukubwah
5;ukweli;ukweli
5;ukwelis;ukwelis
5;ukwelim;ukwelim
5;ukwelit;ukwelit
5;ukwelih;ukwelih
5;upande;upande
5;upandes;upandes
5;upandem;upandem
5;upandet;upandet
5;upandeh;upandeh
5;upendo;upendo
5;upendos;upendos
5;upendom;upendom
5;upendot;upendot
5;upendoh;upendoh
5;uzoefu;uzoefu
5;uzoefus;uzoefus
5;uzoefum;uzoefum
5;uzoefut;uzoefut
5;uzoefuh;uzoefuh
5;vidogo;vidogo
5;vidogos;vidogos
5;vidogom;vidogom
5;vidogot;vidogot
5;vidogoh;vidogoh
5;vigumu;vigumu
5;vigumus;vigumus
5;vigumum;vigumum
5;vigumut;vigumut
5;vigumuh;vigumuh
5;vijana;vijana
5;vijanas;vijanas
5;vijanam;vijanam
5;vijanat;vijanat
5;vijanah;vijanah
5;vizuri;vizuri
5;vizuris;vizuris
5;vizurim;vizurim
5;vizurit;vizurit
5;vizurih;vizurih
5;vyenye;vyenye
5;vyenyes;vyenyes
5;vyenyem;vyenyem
5;vyenyet;vyenyet
5;vyenyeh;vyenyeh
5;wadogo;wadogo
5;wadogos;wadogos
5;wadogom;wadogom
5;wadogot;wadogot
5;wadogoh;wadogoh
5;wadudu;wadudu
5;wadudus;wadudus
5;wadudum;wadudum
5;wadudut;wadudut
5;waduduh;waduduh
5;wakati;wakati
5;wakatis;wakatis
5;wakatim;wakatim
5;wakatit;wakatit
5;wakatih;wakatih
5;watoto;watoto
5;watotos;watotos
5;watotom;watotom
5;watotot;watotot
5;watotoh;watotoh
5;yoyote;yoyote
5;yoyotes;yoyotes
5;yoyotem;yoyotem
5;yoyotet;yoyotet
5;yoyoteh;yoyoteh
6;akaenda;akaenda
6;akaendas;akaendas
6;akaendam;akaendam
6;akaendat;akaendat
6;akaendah;akaendah
6;alianza;alianza
6;alianzas;alianzas
6;alianzam;alianzam
6;alianzat;alianzat
6;alianzah;alianzah
6;alikuja;alikuja
6;alikujas;alikujas
6;alikujam;alikujam
6;alikujat;alikujat
6;alikujah;alikujah
6;alikuwa;alikuwa
6;alikuwas;alikuwas
6;alikuwam;alikuwam
6;alikuwat;alikuwat
6;alikuwah;alikuwah
6;alisema;alisema
6;alisemas;alisemas
6;alisemam;alisemam
6;alisemat;alisemat
6;alisemah;alisemah
6;ameketi;ameketi
6;ameketis;ameketis
6;ameketim;ameketim
6;ameketit;ameketit
6;ameketih;ameketih
6;angalau;angalau
6;angalaus;angalaus
6;angalaum;angalaum
6;angalaut;angalaut
6;angalauh;angalauh
6;asubuhi;asubuhi
6;asubuhis;asubuhis
6;asubuhim;asubuhim
6;asubuhit;asubuhit
6;asubuhih;asubuhih
6;atakuwa;atakuwa
6;atakuwas;atakuwas
6;atakuwam;atakuwam
6;atakuwat;atakuwat
6;atakuwah;atakuwah
6;bandari;bandari
6;bandaris;bandaris
6;bandarim;bandarim
6;bandarit;bandarit
6;bandarih;bandarih
6;binafsi;binafsi
6;binafsis;binafsis
6;binafsim;binafsim
6;binafsit;binafsit
6;binafsih;binafsih
6;bunduki;bunduki
6;bundukis;bundukis
6;bundukim;bundukim
6;bundukit;bundukit
6;bundukih;bundukih
6;bustani;bustani
6;bustanis;bustanis
6;bustanim;bustanim
6;bustanit;bustanit
6;bustanih;bustanih
6;chakula;chakula
6;chakulas;chakulas
6;chakulam;chakulam
6;chakulat;chakulat
6;chakulah;chakulah
6;daktari;daktari
6;daktaris;daktaris
6;daktarim;daktarim
6;daktarit;daktarit
6;daktarih;daktarih
6;decimal;decimal
6;decimals;decimals
6;decimalm;decimalm
6;decimalt;decimalt
6;decimalh;decimalh
6;dhahabu;dhahabu
6;dhahabus;dhahabus
6;dhahabum;dhahabum
6;dhahabut;dhahabut
6;dhahabuh;dhahabuh
6;dirisha;dirisha
6;dirishas;dirishas
6;dirisham;dirisham
6;dirishat;dirishat
6;dirishah;dirishah
6;familia;familia
6;familias;familias
6;familiam;familiam
6;familiat;familiat
6;familiah;familiah
6;gharama;gharama
6;gharamas;gharamas
6;gharamam;gharamam
6;gharamat;gharamat
6;gharamah;gharamah
6;hadithi;hadithi
6;hadithis;hadithis
6;hadithim;hadithim
6;hadithit;hadithit
6;hadithih;hadithih
6;imekuwa;imekuwa
6;imekuwas;imekuwas
6;imekuwam;imekuwam
6;imekuwat;imekuwat
6;imekuwah;imekuwah
6;inaweza;inaweza
6;inawezas;inawezas
6;inawezam;inawezam
6;inawezat;inawezat
6;inawezah;inawezah
6;kahawia;kahawia
6;kahawias;kahawias
6;kahawiam;kahawiam
6;kahawiat;kahawiat
6;kahawiah;kahawiah
6;kampuni;kampuni
6;kampunis;kampunis
6;kampunim;kampunim
6;kampunit;kampunit
6;kampunih;kampunih
6;kawaida;kawaida
6;kawaidas;kawaidas
6;kawaidam;kawaidam
6;kawaidat;kawaidat
6;kawaidah;kawaidah
6;kengele;kengele
6;kengeles;kengeles
6;kengelem;kengelem
6;kengelet;kengelet
6;kengeleh;kengeleh
6;kinyume;kinyume
6;kinyumes;kinyumes
6;kinyumem;kinyumem
6;kinyumet;kinyumet
6;kinyumeh;kinyumeh
6;kipande;kipande
6;kipandes;kipandes
6;kipandem;kipandem
6;kipandet;kipandet
6;kipandeh;kipandeh
6;kipindi;kipindi
6;kipindis;kipindis
6;kipindim;kipindim
6;kipindit;kipindit
6;kipindih;kipindih
6;kitanda;kitanda
6;kitandas;kitandas
6;kitandam;kitandam
6;kitandat;kitandat
6;kitandah;kitandah
6;kitengo;kitengo
6;kitengos;kitengos
6;kitengom;kitengom
6;kitengot;kitengot
6;kitengoh;kitengoh
6;kitenzi;kitenzi
6;kitenzis;kitenzis
6;kitenzim;kitenzim
6;kitenzit;kitenzit
6;kitenzih;kitenzih
6;kuandaa;kuandaa
6;kuandaas;kuandaas
6;kuandaam;kuandaam
6;kuandaat;kuandaat
6;kuandaah;kuandaah
6;kucheka;kucheka
6;kuchekas;kuchekas
6;kuchekam;kuchekam
6;kuchekat;kuchekat
6;kuchekah;kuchekah
6;kucheza;kucheza
6;kuchezas;kuchezas
6;kuchezam;kuchezam
6;kuchezat;kuchezat
6;kuchezah;kuchezah
6;kuchoma;kuchoma
6;kuchomas;kuchomas
6;kuchomam;kuchomam
6;kuchomat;kuchomat
6;kuchomah;kuchomah
6;kufanya;kufanya
6;kufanyas;kufanyas
6;kufanyam;kufanyam
6;kufanyat;kufanyat
6;kufanyah;kufanyah
6;kufikia;kufikia
6;kufikias;kufikias
6;kufikiam;kufikiam
6;kufikiat;kufikiat
6;kufikiah;kufikiah
6;kufuata;kufuata
6;kufuatas;kufuatas
6;kufuatam;kufuatam
6;kufuatat;kufuatat
6;kufuatah;kufuatah
6;kuingia;kuingia
6;kuingias;kuingias
6;kuingiam;kuingiam
6;kuingiat;kuingiat
6;kuingiah;kuingiah
6;kujenga;kujenga
6;kujengas;kujengas
6;kujengam;kujengam
6;kujengat;kujengat
6;kujengah;kujengah
6;kuletwa;kuletwa
6;kuletwas;kuletwas
6;kuletwam;kuletwam
6;kuletwat;kuletwat
6;kuletwah;kuletwah
6;kulinda;kulinda
6;kulindas;kulindas
6;kulindam;kulindam
6;kulindat;kulindat
6;kulindah;kulindah
6;kulisha;kulisha
6;kulishas;kulishas
6;kulisham;kulisham
6;kulishat;kulishat
6;kulishah;kulishah
6;kumbuka;kumbuka
6;kumbukas;kumbukas
6;kumbukam;kumbukam
6;kumbukat;kumbukat
6;kumbukah;kumbukah
6;kununua;kununua
6;kununuas;kununuas
6;kununuam;kununuam
6;kununuat;kununuat
6;kununuah;kununuah
6;kupanda;kupanda
6;kupandas;kupandas
6;kupandam;kupandam
6;kupandat;kupandat
6;kupandah;kupandah
6;kupanga;kupanga
6;kupangas;kupangas
6;kupangam;kupangam
6;kupangat;kupangat
6;kupangah;kupangah
6;kupitia;kupitia
6;kupitias;kupitias
6;kupitiam;kupitiam
6;kupitiat;kupitiat
6;kupitiah;kupitiah
6;kupokea;kupokea
6;kupokeas;kupokeas
6;kupokeam;kupokeam
6;kupokeat;kupokeat
6;kupokeah;kupokeah
6;kurudia;kurudia
6;kurudias;kurudias
6;kurudiam;kurudiam
6;kurudiat;kurudiat
6;kurudiah;kurudiah
6;kushoto;kushoto
6;kushotos;kushotos
6;kushotom;kushotom
6;kushotot;kushotot
6;kushotoh;kushotoh
6;kusikia;kusikia
6;kusikias;kusikias
6;kusikiam;kusikiam
6;kusikiat;kusikiat
6;kusikiah;kusikiah
6;kusugua;kusugua
6;kusuguas;kusuguas
6;kusuguam;kusuguam
6;kusuguat;kusuguat
6;kusuguah;kusuguah
6;kutatua;kutatua
6;kutatuas;kutatuas
6;kutatuam;kutatuam
6;kutatuat;kutatuat
6;kutatuah;kutatuah
6;kutenda;kutenda
6;kutendas;kutendas
6;kutendam;kutendam
6;kutendat;kutendat
6;kutendah;kutendah
6;kutokea;kutokea
6;kutokeas;kutokeas
6;kutokeam;kutokeam
6;kutokeat;kutokeat
6;kutokeah;kutokeah
6;kutosha;kutosha
6;kutoshas;kutoshas
6;kutosham;kutosham
6;kutoshat;kutoshat
6;kutoshah;kutoshah
6;kutumia;kutumia
6;kutumias;kutumias
6;kutumiam;kutumiam
6;kutumiat;kutumiat
6;kutumiah;kutumiah
6;kuuliza;kuuliza
6;kuulizas;kuulizas
6;kuulizam;kuulizam
6;kuulizat;kuulizat
6;kuulizah;kuulizah
6;kuvunja;kuvunja
6;kuvunjas;kuvunjas
6;kuvunjam;kuvunjam
6;kuvunjat;kuvunjat
6;kuvunjah;kuvunjah
6;kuwinda;kuwinda
6;kuwindas;kuwindas
6;kuwindam;kuwindam
6;kuwindat;kuwindat
6;kuwindah;kuwindah
6;maarufu;maarufu
6;maarufus;maarufus
6;maarufum;maarufum
6;maarufut;maarufut
6;maarufuh;maarufuh
6;mapenzi;mapenzi
6;mapenzis;mapenzis
6;mapenzim;mapenzim
6;mapenzit;mapenzit
6;mapenzih;mapenzih
6;mashine;mashine
6;mashines;mashines
6;mashinem;mashinem
6;mashinet;mashinet
6;mashineh;mashineh
6;maskini;maskini
6;maskinis;maskinis
6;maskinim;maskinim
6;maskinit;maskinit
6;maskinih;maskinih
6;maslahi;maslahi
6;maslahis;maslahis
6;maslahim;maslahim
6;maslahit;maslahit
6;maslahih;maslahih
6;matokeo;matokeo
6;matokeos;matokeos
6;matokeom;matokeom
6;matokeot;matokeot
6;matokeoh;matokeoh
6;matunda;matunda
6;matundas;matundas
6;matundam;matundam
6;matundat;matundat
6;matundah;matundah
6;mazoezi;mazoezi
6;mazoezis;mazoezis
6;mazoezim;mazoezim
6;mazoezit;mazoezit
6;mazoezih;mazoezih
6;mchanga;mchanga
6;mchangas;mchangas
6;mchangam;mchangam
6;mchangat;mchangat
6;mchangah;mchangah
6;milioni;milioni
6;milionis;milionis
6;milionim;milionim
6;milionit;milionit
6;milionih;milionih
6;mitaani;mitaani
6;mitaanis;mitaanis
6;mitaanim;mitaanim
6;mitaanit;mitaanit
6;mitaanih;mitaanih
6;msalaba;msalaba
6;msalabas;msalabas
6;msalabam;msalabam
6;msalabat;msalabat
6;msalabah;msalabah
6;mtazamo;mtazamo
6;mtazamos;mtazamos
6;mtazamom;mtazamom
6;mtazamot;mtazamot
6;mtazamoh;mtazamoh
6;mtihani;mtihani
6;mtihanis;mtihanis
6;mtihanim;mtihanim
6;mtihanit;mtihanit
6;mtihanih;mtihanih
6;mvulana;mvulana
6;mvulanas;mvulanas
6;mvulanam;mvulanam
6;mvulanat;mvulanat
6;mvulanah;mvulanah
6;nadhani;nadhani
6;nadhanis;nadhanis
6;nadhanim;nadhanim
6;nadhanit;nadhanit
6;nadhanih;nadhanih
6;nahodha;nahodha
6;nahodhas;nahodhas
6;nahodham;nahodham
6;nahodhat;nahodhat
6;nahodhah;nahodhah
6;nishati;nishati
6;nishatis;nishatis
6;nishatim;nishatim
6;nishatit;nishatit
6;nishatih;nishatih
6;onyesha;onyesha
6;onyeshas;onyeshas
6;onyesham;onyesham
6;onyeshat;onyeshat
6;onyeshah;onyeshah
6;sanduku;sanduku
6;sandukus;sandukus
6;sandukum;sandukum
6;sandukut;sandukut
6;sandukuh;sandukuh
6;sayansi;sayansi
6;sayansis;sayansis
6;sayansim;sayansim
6;sayansit;sayansit
6;sayansih;sayansih
6;takwimu;takwimu
6;takwimus;takwimus
6;takwimum;takwimum
6;takwimut;takwimut
6;takwimuh;takwimuh
6;thamani;thamani
6;thamanis;thamanis
6;thamanim;thamanim
6;thamanit;thamanit
6;thamanih;thamanih
6;theluji;theluji
6;thelujis;thelujis
6;thelujim;thelujim
6;thelujit;thelujit
6;thelujih;thelujih
6;tofauti;tofauti
6;tofautis;tofautis
6;tofautim;tofautim
6;tofautit;tofautit
6;tofautih;tofautih
6;uangaze;uangaze
6;uangazes;uangazes
6;uangazem;uangazem
6;uangazet;uangazet
6;uangazeh;uangazeh
6;ufunguo;ufunguo
6;ufunguos;ufunguos
6;ufunguom;ufunguom
6;ufunguot;ufunguot
6;ufunguoh;ufunguoh
6;uhakika;uhakika
6;uhakikas;uhakikas
6;uhakikam;uhakikam
6;uhakikat;uhakikat
6;uhakikah;uhakikah
6;ukurasa;ukurasa
6;ukurasas;ukurasas
6;ukurasam;ukurasam
6;ukurasat;ukurasat
6;ukurasah;ukurasah
6;unataka;unataka
6;unatakas;unatakas
6;unatakam;unatakam
6;unatakat;unatakat
6;unatakah;unatakah
6;unaweza;unaweza
6;unawezas;unawezas
6;unawezam;unawezam
6;unawezat;unawezat
6;unawezah;unawezah
6;usafiri;usafiri
6;usafiris;usafiris
6;usafirim;usafirim
6;usafirit;usafirit
6;usafirih;usafirih
6;utafiti;utafiti
6;utafitis;utafitis
6;utafitim;utafitim
6;utafitit;utafitit
6;utafitih;utafitih
6;utawala;utawala
6;utawalas;utawalas
6;utawalam;utawalam
6;utawalat;utawalat
6;utawalah;utawalah
6;utulivu;utulivu
6;utulivus;utulivus
6;utulivum;utulivum
6;utulivut;utulivut
6;utulivuh;utulivuh
6;waliona;waliona
6;walionas;walionas
6;walionam;walionam
6;walionat;walionat
6;walionah;walionah
6;wanaume;wanaume
6;wanaumes;wanaumes
6;wanaumem;wanaumem
6;wanaumet;wanaumet
6;wanaumeh;wanaumeh
6;wapenzi;wapenzi
6;wapenzis;wapenzis
6;wapenzim;wapenzim
6;wapenzit;wapenzit
6;wapenzih;wapenzih
6;wengine;wengine
6;wengines;wengines
6;wenginem;wenginem
6;wenginet;wenginet
6;wengineh;wengineh
7;alifanya;alifanya
7;alifanyas;alifanyas
7;alifanyam;alifanyam
7;alifanyat;alifanyat
7;alifanyah;alifanyah
7;alimtuma;alimtuma
7;alimtumas;alimtumas
7;alimtumam;alimtumam
7;alimtumat;alimtumat
7;alimtumah;alimtumah
7;barabara;barabara
7;barabaras;barabaras
7;barabaram;barabaram
7;barabarat;barabarat
7;barabarah;barabarah
7;biashara;biashara
7;biasharas;biasharas
7;biasharam;biasharam
7;biasharat;biasharat
7;biasharah;biasharah
7;binadamu;binadamu
7;binadamus;binadamus
7;binadamum;binadamum
7;binadamut;binadamut
7;binadamuh;binadamuh
7;chochote;chochote
7;chochotes;chochotes
7;chochotem;chochotem
7;chochotet;chochotet
7;chochoteh;chochoteh
7;gurudumu;gurudumu
7;gurudumus;gurudumus
7;gurudumum;gurudumum
7;gurudumut;gurudumut
7;gurudumuh;gurudumuh
7;historia;historia
7;historias;historias
7;historiam;historiam
7;historiat;historiat
7;historiah;historiah
7;ingekuwa;ingekuwa
7;ingekuwas;ingekuwas
7;ingekuwam;ingekuwam
7;ingekuwat;ingekuwat
7;ingekuwah;ingekuwah
7;ishirini;ishirini
7;ishirinis;ishirinis
7;ishirinim;ishirinim
7;ishirinit;ishirinit
7;ishirinih;ishirinih
7;karatasi;karatasi
7;karatasis;karatasis
7;karatasim;karatasim
7;karatasit;karatasit
7;karatasih;karatasih
7;katikati;katikati
7;katikatis;katikatis
7;katikatim;katikatim
7;katikatit;katikatit
7;katikatih;katikatih
7;kuandika;kuandika
7;kuandikas;kuandikas
7;kuandikam;kuandikam
7;kuandikat;kuandikat
7;kuandikah;kuandikah
7;kuanguka;kuanguka
7;kuangukas;kuangukas
7;kuangukam;kuangukam
7;kuangukat;kuangukat
7;kuangukah;kuangukah
7;kuchagua;kuchagua
7;kuchaguas;kuchaguas
7;kuchaguam;kuchaguam
7;kuchaguat;kuchaguat
7;kuchaguah;kuchaguah
7;kuchukua;kuchukua
7;kuchukuas;kuchukuas
7;kuchukuam;kuchukuam
7;kuchukuat;kuchukuat
7;kuchukuah;kuchukuah
7;kuelekea;kuelekea
7;kuelekeas;kuelekeas
7;kuelekeam;kuelekeam
7;kuelekeat;kuelekeat
7;kuelekeah;kuelekeah
7;kuelezea;kuelezea
7;kuelezeas;kuelezeas
7;kuelezeam;kuelezeam
7;kuelezeat;kuelezeat
7;kuelezeah;kuelezeah
7;kufikiri;kufikiri
7;kufikiris;kufikiris
7;kufikirim;kufikirim
7;kufikirit;kufikirit
7;kufikirih;kufikirih
7;kufufuka;kufufuka
7;kufufukas;kufufukas
7;kufufukam;kufufukam
7;kufufukat;kufufukat
7;kufufukah;kufufukah
7;kuhesabu;kuhesabu
7;kuhesabus;kuhesabus
7;kuhesabum;kuhesabum
7;kuhesabut;kuhesabut
7;kuhesabuh;kuhesabuh
7;kujadili;kujadili
7;kujadilis;kujadilis
7;kujadilim;kujadilim
7;kujadilit;kujadilit
7;kujadilih;kujadilih
7;kujaribu;kujaribu
7;kujaribus;kujaribus
7;kujaribum;kujaribum
7;kujaribut;kujaribut
7;kujaribuh;kujaribuh
7;kukamata;kukamata
7;kukamatas;kukamatas
7;kukamatam;kukamatam
7;kukamatat;kukamatat
7;kukamatah;kukamatah
7;kukimbia;kukimbia
7;kukimbias;kukimbias
7;kukimbiam;kukimbiam
7;kukimbiat;kukimbiat
7;kukimbiah;kukimbiah
7;kukutana;kukutana
7;kukutanas;kukutanas
7;kukutanam;kukutanam
7;kukutanat;kukutanat
7;kukutanah;kukutanah
7;kumaliza;kumaliza
7;kumalizas;kumalizas
7;kumalizam;kumalizam
7;kumalizat;kumalizat
7;kumalizah;kumalizah
7;kuogelea;kuogelea
7;kuogeleas;kuogeleas
7;kuogeleam;kuogeleam
7;kuogeleat;kuogeleat
7;kuogeleah;kuogeleah
7;kuondoka;kuondoka
7;kuondokas;kuondokas
7;kuondokam;kuondokam
7;kuondokat;kuondokat
7;kuondokah;kuondokah
7;kuongeza;kuongeza
7;kuongezas;kuongezas
7;kuongezam;kuongezam
7;kuongezat;kuongezat
7;kuongezah;kuongezah
7;kuongoza;kuongoza
7;kuongozas;kuongozas
7;kuongozam;kuongozam
7;kuongozat;kuongozat
7;kuongozah;kuongozah
7;kuruhusu;kuruhusu
7;kuruhusus;kuruhusus
7;kuruhusum;kuruhusum
7;kuruhusut;kuruhusut
7;kuruhusuh;kuruhusuh
7;kushinda;kushinda
7;kushindas;kushindas
7;kushindam;kushindam
7;kushindat;kushindat
7;kushindah;kushindah
7;kusimama;kusimama
7;kusimamas;kusimamas
7;kusimamam;kusimamam
7;kusimamat;kusimamat
7;kusimamah;kusimamah
8;kusubiri;kusubiri
8;kusubiris;kusubiris
8;kusubirim;kusubirim
8;kusubirit;kusubirit
8;kusubirih;kusubirih
8;kutembea;kutembea
8;kutembeas;kutembeas
8;kutembeam;kutembeam
8;kutembeat;kutembeat
8;kutembeah;kutembeah
8;kutumika;kutumika
8;kutumikas;kutumikas
8;kutumikam;kutumikam
8;kutumikat;kutumikat
8;kutumikah;kutumikah
8;kuungana;kuungana
8;kuunganas;kuunganas
8;kuunganam;kuunganam
8;kuunganat;kuunganat
8;kuunganah;kuunganah
8;kuwapiga;kuwapiga
8;kuwapigas;kuwapigas
8;kuwapigam;kuwapigam
8;kuwapigat;kuwapigat
8;kuwapigah;kuwapigah
8;kuwasili;kuwasili
8;kuwasilis;kuwasilis
8;kuwasilim;kuwasilim
8;kuwasilit;kuwasilit
8;kuwasilih;kuwasilih
8;magazeti;magazeti
8;magazetis;magazetis
8;magazetim;magazetim
8;magazetit;magazetit
8;magazetih;magazetih
8;marehemu;marehemu
8;marehemus;marehemus
8;marehemum;marehemum
8;marehemut;marehemut
8;marehemuh;marehemuh
8;mchakato;mchakato
8;mchakatos;mchakatos
8;mchakatom;mchakatom
8;mchakatot;mchakatot
8;mchakatoh;mchakatoh
8;molekuli;molekuli
8;molekulis;molekulis
8;molekulim;molekulim
8;molekulit;molekulit
8;molekulih;molekulih
8;mshangao;mshangao
8;mshangaos;mshangaos
8;mshangaom;mshangaom
8;mshangaot;mshangaot
8;mshangaoh;mshangaoh
8;msichana;msichana
8;msichanas;msichanas
8;msichanam;msichanam
8;msichanat;msichanat
8;msichanah;msichanah
8;mwanamke;mwanamke
8;mwanamkes;mwanamkes
8;mwanamkem;mwanamkem
8;mwanamket;mwanamket
8;mwanamkeh;mwanamkeh
8;mwenyewe;mwenyewe
8;mwenyewes;mwenyewes
8;mwenyewem;mwenyewem
8;mwenyewet;mwenyewet
8;mwenyeweh;mwenyeweh
8;mwingine;mwingine
8;mwingines;mwingines
8;mwinginem;mwinginem
8;mwinginet;mwinginet
8;mwingineh;mwingineh
8;mzunguko;mzunguko
8;mzungukos;mzungukos
8;mzungukom;mzungukom
8;mzungukot;mzungukot
8;mzungukoh;mzungukoh
8;nyekundu;nyekundu
8;nyekundus;nyekundus
8;nyekundum;nyekundum
8;nyekundut;nyekundut
8;nyekunduh;nyekunduh
8;nyingine;nyingine
8;nyingines;nyingines
8;nyinginem;nyinginem
8;nyinginet;nyinginet
8;nyingineh;nyingineh
8;nyumbani;nyumbani
8;nyumbanis;nyumbanis
8;nyumbanim;nyumbanim
8;nyumbanit;nyumbanit
8;nyumbanih;nyumbanih
8;oksijeni;oksijeni
8;oksijenis;oksijenis
8;oksijenim;oksijenim
8;oksijenit;oksijenit
8;oksijenih;oksijenih
8;polepole;polepole
8;polepoles;polepoles
8;polepolem;polepolem
8;polepolet;polepolet
8;polepoleh;polepoleh
8;serikali;serikali
8;serikalis;serikalis
8;serikalim;serikalim
8;serikalit;serikalit
8;serikalih;serikalih
8;tabasamu;tabasamu
8;tabasamus;tabasamus
8;tabasamum;tabasamum
8;tabasamut;tabasamut
8;tabasamuh;tabasamuh
8;ufumbuzi;ufumbuzi
8;ufumbuzis;ufumbuzis
8;ufumbuzim;ufumbuzim
8;ufumbuzit;ufumbuzit
8;ufumbuzih;ufumbuzih
8;usingizi;usingizi
8;usingizis;usingizis
8;usingizim;usingizim
8;usingizit;usingizit
8;usingizih;usingizih
8;walikuwa;walikuwa
8;walikuwas;walikuwas
8;walikuwam;walikuwam
8;walikuwat;walikuwat
8;walikuwah;walikuwah
8;wanataka;wanataka
8;wanatakas;wanatakas
8;wanatakam;wanatakam
8;wanatakat;wanatakat
8;wanatakah;wanatakah
8;wanawake;wanawake
8;wanawakes;wanawakes
8;wanawakem;wanawakem
8;wanawaket;wanawaket
8;wanawakeh;wanawakeh
9;akaanguka;akaanguka
9;akaangukas;akaangukas
9;akaangukam;akaangukam
9;akaangukat;akaangukat
9;akaangukah;akaangukah
9;aliandika;aliandika
9;aliandikas;aliandikas
9;aliandikam;aliandikam
9;aliandikat;aliandikat
9;aliandikah;aliandikah
9;alichukua;alichukua
9;alichukuas;alichukuas
9;alichukuam;alichukuam
9;alichukuat;alichukuat
9;alichukuah;alichukuah
9;aliiambia;aliiambia
9;aliiambias;aliiambias
9;aliiambiam;aliiambiam
9;aliiambiat;aliiambiat
9;aliiambiah;aliiambiah
9;alisimama;alisimama
9;alisimamas;alisimamas
9;alisimamam;alisimamam
9;alisimamat;alisimamat
9;alisimamah;alisimamah
9;chemchemi;chemchemi
9;chemchemis;chemchemis
9;chemchemim;chemchemim
9;chemchemit;chemchemit
9;chemchemih;chemchemih
9;hutegemea;hutegemea
9;hutegemeas;hutegemeas
9;hutegemeam;hutegemeam
9;hutegemeat;hutegemeat
9;hutegemeah;hutegemeah
9;iliyopita;iliyopita
9;iliyopitas;iliyopitas
9;iliyopitam;iliyopitam
9;iliyopitat;iliyopitat
9;iliyopitah;iliyopitah
9;kaskazini;kaskazini
9;kaskazinis;kaskazinis
9;kaskazinim;kaskazinim
9;kaskazinit;kaskazinit
9;kaskazinih;kaskazinih
9;kifaranga;kifaranga
9;kifarangas;kifarangas
9;kifarangam;kifarangam
9;kifarangat;kifarangat
9;kifarangah;kifarangah
9;kipengele;kipengele
9;kipengeles;kipengeles
9;kipengelem;kipengelem
9;kipengelet;kipengelet
9;kipengeleh;kipengeleh
9;kuangalia;kuangalia
9;kuangalias;kuangalias
9;kuangaliam;kuangaliam
9;kuangaliat;kuangaliat
9;kuangaliah;kuangaliah
9;kuchochea;kuchochea
9;kuchocheas;kuchocheas
9;kuchocheam;kuchocheam
9;kuchocheat;kuchocheat
9;kuchocheah;kuchocheah
9;kudhibiti;kudhibiti
9;kudhibitis;kudhibitis
9;kudhibitim;kudhibitim
9;kudhibitit;kudhibitit
9;kudhibitih;kudhibitih
9;kuendelea;kuendelea
9;kuendeleas;kuendeleas
9;kuendeleam;kuendeleam
9;kuendeleat;kuendeleat
9;kuendeleah;kuendeleah
9;kufikiria;kufikiria
9;kufikirias;kufikirias
9;kufikiriam;kufikiriam
9;kufikiriat;kufikiriat
9;kufikiriah;kufikiriah
9;kuhifadhi;kuhifadhi
9;kuhifadhis;kuhifadhis
9;kuhifadhim;kuhifadhim
9;kuhifadhit;kuhifadhit
9;kuhifadhih;kuhifadhih
9;kuingizwa;kuingizwa
9;kuingizwas;kuingizwas
9;kuingizwam;kuingizwam
9;kuingizwat;kuingizwat
9;kuingizwah;kuingizwah
9;kujifunza;kujifunza
9;kujifunzas;kujifunzas
9;kujifunzam;kujifunzam
9;kujifunzat;kujifunzat
9;kujifunzah;kujifunzah
9;kujisikia;kujisikia
9;kujisikias;kujisikias
9;kujisikiam;kujisikiam
9;kujisikiat;kujisikiat
9;kujisikiah;kujisikiah
9;kukusanya;kukusanya
9;kukusanyas;kukusanyas
9;kukusanyam;kukusanyam
9;kukusanyat;kukusanyat
9;kukusanyah;kukusanyah
9;kunyoosha;kunyoosha
9;kunyooshas;kunyooshas
9;kunyoosham;kunyoosham
9;kunyooshat;kunyooshat
9;kunyooshah;kunyooshah
9;kuongozwa;kuongozwa
9;kuongozwas;kuongozwas
9;kuongozwam;kuongozwam
9;kuongozwat;kuongozwat
9;kuongozwah;kuongozwah
9;kupambana;kupambana
9;kupambanas;kupambanas
9;kupambanam;kupambanam
9;kupambanat;kupambanat
9;kupambanah;kupambanah
9;kupunguza;kupunguza
9;kupunguzas;kupunguzas
9;kupunguzam;kupunguzam
9;kupunguzat;kupunguzat
9;kupunguzah;kupunguzah
9;kushiriki;kushiriki
9;kushirikis;kushirikis
9;kushirikim;kushirikim
9;kushirikit;kushirikit
9;kushirikih;kushirikih
9;kutarajia;kutarajia
9;kutarajias;kutarajias
9;kutarajiam;kutarajiam
9;kutarajiat;kutarajiat
9;kutarajiah;kutarajiah
9;kuwaambia;kuwaambia
9;kuwaambias;kuwaambias
9;kuwaambiam;kuwaambiam
9;kuwaambiat;kuwaambiat
9;kuwaambiah;kuwaambiah
9;kuzalisha;kuzalisha
9;kuzalishas;kuzalishas
9;kuzalisham;kuzalisham
9;kuzalishat;kuzalishat
9;kuzalishah;kuzalishah
9;kuzidisha;kuzidisha
9;kuzidishas;kuzidishas
9;kuzidisham;kuzidisham
9;kuzidishat;kuzidishat
9;kuzidishah;kuzidishah
9;mafanikio;mafanikio
9;mafanikios;mafanikios
9;mafanikiom;mafanikiom
9;mafanikiot;mafanikiot
9;mafanikioh;mafanikioh
9;magharibi;magharibi
9;magharibis;magharibis
9;magharibim;magharibim
9;magharibit;magharibit
9;magharibih;magharibih
9;majaribio;majaribio
9;majaribios;majaribios
9;majaribiom;majaribiom
9;majaribiot;majaribiot
9;majaribioh;majaribioh
9;mapumziko;mapumziko
9;mapumzikos;mapumzikos
9;mapumzikom;mapumzikom
9;mapumzikot;mapumzikot
9;mapumzikoh;mapumzikoh
9;mashariki;mashariki
9;masharikis;masharikis
9;masharikim;masharikim
9;masharikit;masharikit
9;masharikih;masharikih
9;matumaini;matumaini
9;matumainis;matumainis
9;matumainim;matumainim
9;matumainit;matumainit
9;matumainih;matumainih
9;naendelea;naendelea
9;naendeleas;naendeleas
9;naendeleam;naendeleam
9;naendeleat;naendeleat
9;naendeleah;naendeleah
9;nyembamba;nyembamba
9;nyembambas;nyembambas
9;nyembambam;nyembambam
9;nyembambat;nyembambat
9;nyembambah;nyembambah
9;pembetatu;pembetatu
9;pembetatus;pembetatus
9;pembetatum;pembetatum
9;pembetatut;pembetatut
9;pembetatuh;pembetatuh
9;tafadhali;tafadhali
9;tafadhalis;tafadhalis
9;tafadhalim;tafadhalim
9;tafadhalit;tafadhalit
9;tafadhalih;tafadhalih
10;akaonekana;akaonekana
10;akaonekanas;akaonekanas
10;akaonekanam;akaonekanam
10;akaonekanat;akaonekanat
10;akaonekanah;akaonekanah
10;hawakupata;hawakupata
10;hawakupatas;hawakupatas
10;hawakupatam;hawakupatam
10;hawakupatat;hawakupatat
10;hawakupatah;hawakupatah
10;imeandikwa;imeandikwa
10;imeandikwas;imeandikwas
10;imeandikwam;imeandikwam
10;imeandikwat;imeandikwat
10;imeandikwah;imeandikwah
10;itaonekana;itaonekana
10;itaonekanas;itaonekanas
10;itaonekanam;itaonekanam
10;itaonekanat;itaonekanat
10;itaonekanah;itaonekanah
10;kuchunguza;kuchunguza
10;kuchunguzas;kuchunguzas
10;kuchunguzam;kuchunguzam
10;kuchunguzat;kuchunguzat
10;kuchunguzah;kuchunguzah
10;kuendeleza;kuendeleza
10;kuendelezas;kuendelezas
10;kuendelezam;kuendelezam
10;kuendelezat;kuendelezat
10;kuendelezah;kuendelezah
10;kufuatilia;kufuatilia
10;kufuatilias;kufuatilias
10;kufuatiliam;kufuatiliam
10;kufuatiliat;kufuatiliat
10;kufuatiliah;kufuatiliah
10;kufundisha;kufundisha
10;kufundishas;kufundishas
10;kufundisham;kufundisham
10;kufundishat;kufundishat
10;kufundishah;kufundishah
10;kununuliwa;kununuliwa
10;kununuliwas;kununuliwas
10;kununuliwam;kununuliwam
10;kununuliwat;kununuliwat
10;kununuliwah;kununuliwah
10;kupatikana;kupatikana
10;kupatikanas;kupatikanas
10;kupatikanam;kupatikanam
10;kupatikanat;kupatikanat
10;kupatikanah;kupatikanah
10;kushikilia;kushikilia
10;kushikilias;kushikilias
10;kushikiliam;kushikiliam
10;kushikiliat;kushikiliat
10;kushikiliah;kushikiliah
10;kusikiliza;kusikiliza
10;kusikilizas;kusikilizas
10;kusikilizam;kusikilizam
10;kusikilizat;kusikilizat
10;kusikilizah;kusikilizah
10;machapisho;machapisho
10;machapishos;machapishos
10;machapishom;machapishom
10;machapishot;machapishot
10;machapishoh;machapishoh
10;mbalimbali;mbalimbali
10;mbalimbalis;mbalimbalis
10;mbalimbalim;mbalimbalim
10;mbalimbalit;mbalimbalit
10;mbalimbalih;mbalimbalih
10;mgawanyiko;mgawanyiko
10;mgawanyikos;mgawanyikos
10;mgawanyikom;mgawanyikom
10;mgawanyikot;mgawanyikot
10;mgawanyikoh;mgawanyikoh
10;mwanafunzi;mwanafunzi
10;mwanafunzis;mwanafunzis
10;mwanafunzim;mwanafunzim
10;mwanafunzit;mwanafunzit
10;mwanafunzih;mwanafunzih
10;usambazaji;usambazaji
10;usambazajis;usambazajis
10;usambazajim;usambazajim
10;usambazajit;usambazajit
10;usambazajih;usambazajih
10;waliopotea;waliopotea
10;waliopoteas;waliopoteas
10;waliopoteam;waliopoteam
10;waliopoteat;waliopoteat
10;waliopoteah;waliopoteah
10;zinahitaji;zinahitaji