"Adhabu_Punishment","multiple_choice","Mama alileta nini?"
"","","Matunda"
"","","Mboga mboga"
"","","Samaki"
"","","Miamba"
"","multiple_choice","Nani alikula Matunda"
"","","Rahim"
"","","Mama"
"","","Mbwa"
"","","Paka"
"","multiple_choice","Rahim alihisije Tumbo lake"
"","","Linauma"
"","","limejaa"
"","","Halina Kitu"
"","","Jepesi"
"","fill_in_the_blanks","Kaka yangu Rahim alijificha"
"","","alijificha"
"","","alikula"
"","","alilala"
"","","aliyaficha"
"","fill_in_the_blanks","Mama alikasirika sana"
"","","alikasirika"
"","","alifurahi"
"","","alilia"
"","","alilala"
"","fill_in_the_blanks","Rahimu alipata adhabu asiyoitarajia"
"","","Adhabu"
"","","Nguo"
"","","Matunda"
"","","Rafiki"
"","meanings","Tahadhari"
"","","Mjulishe mtu juu ya Hatari"
"","meanings","kiburi"
"","","Asiye na Adabu"
"","meanings","Tamaa"
"","","kuwa na Hamu kubwa"
"","meanings","Mbinafsi"
"","","Kutokutilia Maanani watu wengine"
"","meanings","Msamaha"
"","","Kujutia"
"","meanings","Ladha"
"","","kuhisi ladha mdomoni"
"","meanings","Adhabu"
"","","Kumpa Mtu Adhabu"
"","meanings","Hasira"
"","","kuhisi au kuonyesha kero kubwa, hasira, au uadui"
"","picture","sofa"
"","picture","epo"
"","picture","ndizi"
"","picture","meza"
"","picture","Ua"
"","picture","Embe"
"","picture","Meza"
"","picture","nyumba"
"","words","Paza"
"","words","Msamaha"
"","words","kuadhibu"
"","words","Tumbo"
"Adie_na_adhoch","multiple_choice","Yapi yalikua majina ya watoto wa kike?"
"","","Adie na Adhoch"
"","","Grace na Irene"
"","","Rehema na Farida"
"","","Mary na Sarah"
"","multiple_choice","Adie alienda kuchota maji wapi?"
"","","Ziwani"
"","","Bwawani"
"","","Mtoni"
"","","Baharini"
"","multiple_choice","Ni muda gani Adhoch alienda kumtafuta dada yake?"
"","","Jioni"
"","","Asubuh"
"","","Mchana"
"","","Usiku"
"","fill_in_the_blanks","Watoto hawa walipendana sana"
"","","walipenda"
"","","walichukiana"
"","","Walitukuzana"
"","","waliitana"
"","fill_in_the_blanks","Adie alikuwa mwenye bidii, mkarimu na mwenye nidhamu."
"","","Mkarimu"
"","","Mchafu"
"","","Mcheshi"
"","","Mvivu"
"","fill_in_the_blanks","Adhoch alisoma na kucheza na wenzake."
"","","Alisoma"
"","","Aliruka"
"","","Alicheka"
"","","Alilala"
"","meanings","Alikula"
"","","Kufa kwa kuzama kwenye Maji"
"","meanings","pokea"
"","","kupewa"
"","meanings","binti"
"","","Mtoto wa kike"
"","meanings","wivu"
"","","kuhisi au kumuonea wivu, chuki mtu"
"","meanings","Mwalimu"
"","","mtu anayefundisha"
"","meanings","mchoyo"
"","","kitu apewacho mtu kama zawadi"
"","meanings","Mkorofi"
"","","Fujo kwa Wengine"
"","meanings","Jibu"
"","","kusema kitu kulingana na kitu ulichoulizwa au ulichoambiwa"
"","words","maji"
"","words","mama"
"","words","binti"
"","words","hasira"
"Adun_the_beautiful","multiple_choice","Mamboleo alimpa nini kobe?"
"","","pembe"
"","","ngoma"
"","","gitaa"
"","","filimbi"
"","multiple_choice","Aduni aliweka nini kwenye pembe?"
"","","keki zilizolowa mafuta"
"","","ndizi"
"","","epo"
"","","viazi"
"","multiple_choice","Adun alifanya nini mwishowe?"
"","","alikimbia"
"","","alilala"
"","","alikaa chini"
"","","alifanya kazi"
"","fill_in_the_blanks","Adun alikua msichana mrembo sana"
"","","Mrembo"
"","","machafu"
"","","mbaya"
"","","mrefu"
"","fill_in_the_blanks","Mambolea alitoka mji wa mbali"
"","","mbali"
"","","karibu"
"","","kubwa"
"","","bize"
"","fill_in_the_blanks","Adun akijaribu kutoroka, nijulishe kwa kuipuliza pembe hii."
"","","Kutoroka"
"","","kulala"
"","","kusimama"
"","","kufanya kazi"
"","meanings","soko"
"","","sehemu watu wanapokutana kununua na kuuza vitu"
"","meanings","mrembo"
"","","kupendeza akili"
"","meanings","kutoroka"
"","","kuwa huru"
"","meanings","Mmiliki"
"","","mtu anayemiliki kitu"
"","meanings","kushauri"
"","","kutafuta maelezo au ushauri"
"","meanings","kuhofia"
"","","kuogopa, kutishika"
"","meanings","ladha"
"","","yenye kupendeza sana kuonja"
"","meanings","maelekezo"
"","","muongozo au oda"
"","picture","mwili"
"","picture","kichwa"
"","picture","mkono"
"","picture","mguu"
"","picture","keki"
"","picture","nyumba"
"","picture","kobe"
"","picture","pembe"
"","words","Kuoa"
"","words","azima"
"","words","asubuhi"
"","words","mwaguzi"
"Ah_Mpira_Ah_Football","multiple_choice","Bibi alinituma wapi?"
"","","dukani"
"","","shule"
"","","uanjani"
"","","mtoni"
"","multiple_choice","Ninapenda kucheza nini?"
"","","mpira"
"","","kukimbia"
"","","kuogelea"
"","","karata"
"","multiple_choice","Pesa zilikwenda wapi?"
"","","zilipotea"
"","","zilipatikana"
"","","zilikua salama"
"","","zilizama"
"","fill_in_the_blanks","ninapenda kucheza na rafiki yangu Chuma"
"","","kucheza"
"","","kusoma"
"","","kuandika"
"","","kutembea"
"","fill_in_the_blanks","uwanja tuliocheza ulikua na mchanga mwingi"
"","","mchanga"
"","","maji"
"","","Watoto hawa walipendana sana"
"","","ndege"
"","fill_in_the_blanks","msirudie tena kucheza bila ruhusa"
"","","ruhusa"
"","","kuruka"
"","","kusimama"
"","","kutembea"
"","meanings","Bibi alinituma wapi?"
"","","mama yake baba au mama"
"","meanings","mpira wa miguu"
"","","ni mchezo wa kupiga mpira kwa miguu"
"","meanings","chumvi"
"","","ni kitu cheupe chenye ladha chachu"
"","meanings","rafiki"
"","","mtu wa karibu"
"","meanings","samehe"
"","","kuacha kumkasirikia mtu fulani"
"","meanings","wasiwasi"
"","","kuhisi wasiwasi"
"","meanings","pesa"
"","","sarafu na noti"
"","meanings","ukweli"
"","","imani inayokubaliwa kuwa ni kweli"
"","picture","bata"
"","picture","duka"
"","picture","mpira"
"","picture","jiwe"
"","words","pamoja"
"","words","kudaka"
"","words","kupaza"
"","words","safi"
"Ajali_mbaya_Serious_accident","multiple_choice","dereva wa lori alikua anafanya nini"
"","","alikua akizungumza kwa simu ya rununu"
"","","alikua anakula chakula chake"
"","","alikua amelala"
"","","alikua anaandika"
"","multiple_choice","nini kilikua kinakuja kutoka upande wa juu wa barabara?"
"","","gari ndogo"
"","","farasi"
"","","kondoo"
"","","ng'ombe"
"","multiple_choice","nani alikuja kusaidia?"
"","","polisi"
"","","mwalimu"
"","","kinyozi"
"","","seremala"
"","fill_in_the_blanks","siku moja, mimi na dada yangu tulikua tukitembea kando ya barabara"
"","","dada"
"","","rafiki"
"","","mama"
"","","baba"
"","fill_in_the_blanks","lori liliigonga gar"
"","","lori"
"","","mwanaume"
"","","simba"
"","","boti"
"","fill_in_the_blanks","tulitishika sana"
"","","tulitishika"
"","","tulifurahi"
"","","tuliruka"
"","","tulicheka"
"","meanings","kia kitu"
"","","vitu vyote"
"","meanings","lori"
"","","gari kubwa, nzito la barabarani"
"","meanings","spidi"
"","","kupita haraka"
"","meanings","kugonga"
"","","ajali na kuharibika vibaya"
"","picture","gari"
"","picture","tairi"
"","picture","ambalanzi"
"","picture","lori"
"","words","kutembea"
"","words","kuangalia"
"","words","kuongea"
"","words","haraka"
"Akai_amefurahi_Happy_Akai","multiple_choice","Akai alitaka nini"
"","","Viatu"
"","","pipi"
"","","mkufu"
"","","nguo"
"","multiple_choice","Akai na Mama yake walienda wapi?"
"","","Sokoni"
"","","Mtoni"
"","","Shule"
"","","Hotelini"
"","multiple_choice","Akai alifanya nini  na Viatu?"
"","","Alicheza cheza chumbani"
"","","alikimbia kimbia chumbani"
"","","aliosha"
"","","alienda shule"
"","fill_in_the_blanks","Akai hakuna na viatu"
"","","viatu"
"","","nywele"
"","","mpira"
"","","nguo"
"","fill_in_the_blanks","usiku ule, Akai aliviwazia viatu vyake vipya"
"","","vipya"
"","","vichafu"
"","","vyekundu"
"","","vya zamani"
"","fill_in_the_blanks","Akai alifurah kupata viatu kwa mara ya kwanza"
"","","kwanza"
"","","pili"
"","","tatu"
"","","nne"
"","meanings","watoto"
"","","wingi wa mtoto"
"","meanings","asubuhi"
"","","muda jua lichomozapo"
"","meanings","mawazo"
"","","kuwa na mtazamo fulani"
"","meanings","ugumu"
"","","uhitaji wa nguvu nyingi na ujuzi kukamilisha"
"","words","nzuri"
"","words","bila"
"","words","kucheza"
"","words","usiku"
"Anansi_awapa_watu_hadithi_Anansi_gives_people_stor","multiple_choice","watu walimuomba nani msaada?"
"","","Buibui Anansi"
"","","Mungu wa mbinguni, Nyamae"
"","","Chui"
"","","Nyoka"
"","multiple_choice","Anansi alimkataje Leopard?"
"","","alichimba shimo refu"
"","","alimpiga"
"","","aliongea naye"
"","","alipaza sauti kwa nguvu"
"","multiple_choice","Hadithi zilihifadhiwa wapi?"
"","","kwenye sanduku la mbao"
"","","kwenye begi"
"","","kwenye shimo refu"
"","","kwenye lori la mbao"
"","fill_in_the_blanks","Alichukuwa kibuyu kilichojaa maji na kwenda kwenye mti walimoishi nyigu."
"","","maji"
"","","asali"
"","","sumu"
"","","hewa"
"","fill_in_the_blanks","Anansi alizibeba hadithi hizo kwa ushindi mkubwa hadi ardhini."
"","","ardhini"
"","","mbinguni"
"","","mtoni"
"","","baharini"
"","fill_in_the_blanks","Watu hapa duniani walihuzunika sana kwa kuwa hawakuhadithiana."
"","","walihuzunika"
"","","walifurahi"
"","","walirukaruka"
"","","walikua na wivu"
"","meanings","uzi"
"","","kitu kirefu. Chembamba kilichotengenezwa kwa pamba"
"","meanings","nyigu"
"","","mdudu mwenye kufanana na nyuki"
"","meanings","kumeza"
"","","kuruhusu kitu kupita kwenye koo"
"","meanings","Yenye Gharama"
"","","yenye kugharimu pesa nyingi"
"","meanings","chakula cha jioni"
"","","chakula cha jioni"
"","meanings","kiumbe"
"","","mnyama"
"","meanings","hoja"
"","","mawazo mbadala"
"","meanings","mfereji"
"","","mtoto mdogo au mto mwembamba"
"","picture","pembe"
"","picture","buibui"
"","picture","chui"
"","picture","nyoka"
"","picture","boksi"
"","picture","sufuria"
"","picture","jani"
"","picture","fimbo"
"","words","mwenye"
"","words","kamba"
"","words","makali"
"","words","ndizi"
"Anansi_Kunguru_na_Mamba_Anansi_the_crows","multiple_choice","kunguru walipata nini kila siku?"
"","","matunda matamu"
"","","maepo"
"","","machungwa"
"","","mawe"
"","multiple_choice","buibui Anansi aliangukia wapi?"
"","","mtoni"
"","","kwenye boti"
"","","kwenye gari"
"","","kwenye boksi"
"","multiple_choice","Mamba walimpa Anansi ale nini?"
"","","supu ya matope"
"","","matunda"
"","","machungwa"
"","","maepo"
"","fill_in_the_blanks","Alipoyaona matunda hayo, Buibui Anansi alidondokwa na mate."
"","","mate"
"","","macho"
"","","miguu"
"","","masikio"
"","fill_in_the_blanks","Akaanguka ndani ya mto baina ya mamba hatari"
"","","Mamba "
"","","kunguru"
"","","simba"
"","","tembo"
"","fill_in_the_blanks","Ninahitaji kwenda kuwachukua mke na wanangu pembezoni mwa mto"
"","","mke"
"","","rafiki"
"","","mwalimu"
"","","baba"
"","meanings","utamu"
"","","yenye kupendeza kusogolea, tamu"
"","meanings","tuhuma"
"","","kuchukua tahadhari juu ya mtu fulani"
"","meanings","umbali"
"","","urefu wa nafasi kati ya hatua mbili"
"","meanings","hatimaye"
"","","mwishoni"
"","meanings","tonge"
"","","kipande kidogo cha chakula"
"","meanings","hasirsa"
"","","hasira mbaya, "
"","meanings","yowe"
"","","kulia kwa nguvu ghafla"
"","meanings","chini ya"
"","","kuongeza au sambamba kwenda chini"
"","picture","mamba"
"","picture","moto"
"","picture","buibui"
"","picture","kunguru"
"","words","asubuhi"
"","words","nta"
"","words","giza"
"","words","kupotea"
"Anansi_na_Hekima_Anansi_and_Wisdom","multiple_choice","Mungu Nyame alihifadhi wapi Hekima?"
"","","kwenye chungu kilichotengenezwa kwa udongo"
"","","kabatini"
"","","kwenye begi"
"","","boksi la mbao"
"","multiple_choice","Anansi alijaribu kuhifadhi wapi chungu?"
"","","juuu ya mti mrefu"
"","","shimoni"
"","","pangoni"
"","","mawinguni"
"","multiple_choice","Kwanini Anansi alikasirika?"
"","","kwasababu mwanawwe alikua mwerevu kumzidi yeye"
"","","kwasababu alikua na njaa"
"","","kwasababu alikua mwenyewe"
"","","kwasababu hakuweza kupanda mti"
"","fill_in_the_blanks","Siku moja, Nyameakaamua kumpa Anansi chungu hicho kilichojaa ujuzi na hekima tele."
"","","hekima"
"","","maziwa"
"","","maji"
"","","asali"
"","fill_in_the_blanks","Anansi alifungia kamba hiyo kwenye kiuno chake."
"","","kiuno"
"","","kichwa"
"","","uso"
"","","mkono"
"","fill_in_the_blanks","Watu waliipata hekima wakajua kulima, kushona nguo, na kuunda vyombo vya chuma."
"","","hekima"
"","","chakula"
"","","maji"
"","","hewa"
"","meanings","panda"
"","","kwenda juu ya sehemu iliyoinuka"
"","meanings","tumbo"
"","","kiungo cha ndani ya mwili ambacho mmeng'enyo wa chakula hufanyika"
"","meanings","mkeka"
"","","kitu kilichoundwa kwa muingiliano wa nyuzi"
"","meanings","hekima"
"","","ubora wa kuwa na ujuzi na maarifa"
"","meanings","hasira"
"","","kuhisi au kuonyesha chuki"
"","meanings","mjanja"
"","","mwenye kuelewa haraka"
"","meanings","chombo"
"","","ni kitu ambacho kinachoweza kushikwa upande mmoja"
"","meanings","chini"
"","","hatua ya mwanzo"
"","picture","wingu"
"","picture","chungu"
"","picture","kipande"
"","picture","mti"
"","words","mmea"
"","words","kitu"
"","words","badala"
"","words","kushirikisha"
"Anansi_na_Tai_Anansi","multiple_choice","Anansi na Sungura waliishi wappi?"
"","","kwa amani katika kijiji kilichokuwa milimani."
"","","mji ulio bize"
"","","mji mdogo"
"","","mtaa uliojaa"
"","multiple_choice","Anansi alijaza nini kwenye kikapu kikubwa"
"","","fedha"
"","","karoti"
"","","asali"
"","","chakula"
"","multiple_choice","mwishoni. Nani alipata shamba?"
"","","Sungura?"
"","","Anansi"
"","","tai"
"","","mwizi"
"","fill_in_the_blanks","sungura alimiliki shamba kubwa lenye wingi wa mboga mboga na matunda"
"","","mboga mboga"
"","","wanyama"
"","","miti"
"","","kondoo"
"","fill_in_the_blanks","Anansi aliona Tai amekaa kwenye kikapu chake"
"","","tai"
"","","Sungura"
"","","Kunguru"
"","","mwizi"
"","fill_in_the_blanks","Buibui, Anansi, alielekea nyumbani akiwa amebeba kikapu chakeki chwani huku akiimba."
"","","kikapu"
"","","matunda"
"","","nguo"
"","","viatu"
"","meanings","manyunyu"
"","","mvua ndogo nyepesi yenye kutiririka kwa matone"
"","meanings","amani"
"","","huru kutoka kwenye fujo"
"","meanings","thamani"
"","","thamani kubwa"
"","meanings","kulinda"
"","","weka salama kisipate madhara"
"","meanings","hasira"
"","","hasira kubwa"
"","meanings","jadili"
"","","kuongelea kuhusu kitu fulani na watu"
"","meanings","hukumu"
"","","maamuzi ya mahakama ya sheria au hakimu"
"","meanings","maamuzi"
"","","hitimisho au azimio lililofikiwa baada ya kuridhia"
"","picture","nyumba"
"","picture","fedha"
"","picture","kikapu"
"","picture","barabara"
"","picture","wingu"
"","picture","kilima"
"","picture","tai"
"","picture","sungura"
"","words","rafiki"
"","words","mahindi"
"","words","mwaga"
"","words","mboga"
"Anansi_na_Tai_Anansi_and_Vulture","multiple_choice","Anansi na Sungura waliishi wappi?"
"","","kwa amani katika kijiji kilichokuwa milimani."
"","","mji ulio bize"
"","","mji mdogo"
"","","mtaa uliojaa"
"","multiple_choice","Anansi alijaza nini kwenye kikapu kikubwa"
"","","fedha"
"","","karoti"
"","","asali"
"","","chakula"
"","multiple_choice","mwishoni. Nani alipata shamba?"
"","","Sungura"
"","","Anansi"
"","","tai"
"","","mwizi"
"","fill_in_the_blanks","sungura alimiliki shamba kubwa lenye wingi wa mboga mboga na matunda"
"","","mboga mboga"
"","","wanyama"
"","","miti"
"","","kondoo"
"","fill_in_the_blanks","Anansi aliona Tai amekaa kwenye kikapu chake"
"","","tai"
"","","Sungura"
"","","Kunguru"
"","","mwizi"
"","fill_in_the_blanks","Buibui, Anansi, alielekea nyumbani akiwa amebeba kikapu chakeki chwani huku akiimba."
"","","kikapu"
"","","matunda"
"","","nguo"
"","","viatu"
"","meanings","manyunyu"
"","","mvua ndogo nyepesi yenye kutiririka kwa matone"
"","meanings","amani"
"","","huru kutoka kwenye fujo"
"","meanings","thamani"
"","","thamani kubwa"
"","meanings","kulinda"
"","","weka salama kisipate madhara"
"","meanings","hasira"
"","","hasira kubwa"
"","meanings","jadili"
"","","kuongelea kuhusu kitu fulani na watu"
"","meanings","hukumu"
"","","maamuzi ya mahakama ya sheria au hakimu"
"","meanings","maamuzi"
"","","hitimisho au azimio lililofikiwa baada ya kuridhia"
"","picture","nyumba"
"","picture","fedha"
"","picture","kikapu"
"","picture","barabara"
"","picture","wingu"
"","picture","tai"
"","picture","kilima"
"","picture","sungura"
"","words","rafiki"
"","words","mahindi"
"","words","mwaga"
"","words","mboga"
"Barua_kwa_mama_Letter_to_mum","multiple_choice","mama alikua anaenda wapi"
"","","hospitali"
"","","duka"
"","","kazi"
"","","soko"
"","multiple_choice","niliandika nini?"
"","","barua kwa mama"
"","","kitabu"
"","","kazi ya nyumbani"
"","","shairi"
"","multiple_choice","mama alikua anaenda kuchukua nini hospitali?"
"","","mtoto"
"","","paka"
"","","matunda"
"","","vitabu"
"","fill_in_the_blanks","mamako anaenda hospitalini kujifungua mtoto"
"","","mama"
"","","baba"
"","","dada"
"","","kaka"
"","fill_in_the_blanks","tutakupenda wakati wote"
"","","penda"
"","","chukia"
"","","kuita"
"","","fundisha"
"","fill_in_the_blanks","tafadhali harakisha urudi nyumbani"
"","","nyumbani"
"","","shule"
"","","dukani"
"","","mtoni"
"","meanings","maliza"
"","","kufikisha kazi katika mwisho"
"","meanings","hospitali"
"","","Taasisi inayotoa huduma za kiafya"
"","meanings","elezea"
"","","kufanya wazo wazi kwa mtu"
"","meanings","kufuata"
"","","kwenda baada ya... au kuja baada ya..."
"","picture","kiti"
"","picture","kitabu"
"","picture","begi"
"","picture","penseli"
"","words","ndogo"
"","words","bega"
"","words","elewa"
"","words","nje"
"Basi_kubwa_la_bluu_Big_blue_bus","multiple_choice","basi kubwa lilikua la rangi gani?"
"","","bluu"
"","","nyekundu"
"","","kijani"
"","","nyeupe"
"","multiple_choice","Ebei alitaka kununua nini mjini?"
"","","sare ya shule"
"","","pipi"
"","","viatu"
"","","kalamu"
"","multiple_choice","nini kiliikumba basi kubwa"
"","","liliharibika"
"","","limekuja kwa wakati"
"","","limepita njia nyingine"
"","","limejaa"
"","fill_in_the_blanks","kulikua na basi moja tu katika kijiji cha Ebei"
"","","basi"
"","","mti"
"","","mbwa"
"","","nyumba"
"","fill_in_the_blanks","Ebei na mama yake walikua wa kwanza kuingia"
"","","kuingia"
"","","kukimbia"
"","","kutambaa"
"","","kurukaruka"
"","fill_in_the_blanks","Ebei alitazama dirishani"
"","","dirishani"
"","","mlangoni"
"","","nyumba"
"","","shule"
"","meanings","safiri"
"","","tengeneza safari"
"","meanings","subiri"
"","","kaa alipo mmoja"
"","meanings","kelele"
"","","sauti ya juu isiyo na mpangilio"
"","meanings","sare"
"","","mavazi yanayolingana yavaliwayo na watu wa aina moja"
"","meanings","kupaza"
"","","kutoa sauti kubwa"
"","meanings","kulalamika"
"","","kuelezea kutokuridhishwa au kukerwa na kitu"
"","meanings","vumbi"
"","","unga mwepesi uliokauka wenye chembechembe za ardhi"
"","meanings","dirisha"
"","","uwazi katika ukuta au paa la nyumba au gari"
"","picture","basi"
"","picture","nyumba"
"","picture","kitanda"
"","picture","sare"
"","words","kijiji"
"","words","kesho"
"","words","watu"
"","words","kimbia"
"Bi_Simu","multiple_choice","ana simu ngapi?"
"","","tano"
"","","moja"
"","","mbili"
"","","tatu"
"","multiple_choice","simu yake ya wardi ilikua kwaajili ya nini?"
"","","kuwasiliana na marafiki zake wa dhati"
"","","kuwasiliana na bosi"
"","","kuwasiliana na polisi"
"","","kuwasiliana na wazazi wake"
"","multiple_choice","bi simu anapendelea nini?"
"","","watu kufurahi"
"","","kupigana"
"","","kukimbia"
"","","kutembea"
"","fill_in_the_blanks","simu ya rangi ya kijani ni kwaajili ya kuwasiliana na familia yake"
"","","familia"
"","","wanyama"
"","","miti"
"","","mbwa"
"","fill_in_the_blanks","Ile ya kizambarau anaitumia kuwasiliana na watu wanaohitaji msaada wake."
"","","zambarau"
"","","nyeupe"
"","","nyeusi"
"","","kijani"
"","fill_in_the_blanks","Huwaalika watoto kuangalia runinga katika duka lake."
"","","watoto"
"","","watu wazima"
"","","paka"
"","","ndege"
"","meanings","pigana"
"","","kushiriki katika mapambano ya vurugu"
"","meanings","deni"
"","","kuwa na wajibu wa kulipa au kulipwa"
"","meanings","panga"
"","","kuweka vitu nadhifu, vyenye kuvutia na katika mpangilio unaotakiwa"
"","meanings","wasiliana"
"","","shiriki au badili maelezo, habari, au mawazo"
"","meanings","kuumwa"
"","","yenye kusababishwa na ugonjwa wa mwili au akili"
"","meanings","tembelea"
"","","kwenda kuangalia na kutumia muda na mtu fulani"
"","meanings","kazi"
"","","shughuli inayofanywa kwa nguvu ya akili au mwili kufikia matokeo fulani"
"","meanings","nyumbani"
"","","sehemu mtu aishipo ya kudumu"
"","picture","meza"
"","picture","kitanda"
"","picture","sahani"
"","picture","simu"
"","words","njano"
"","words","familia"
"","words","kitu"
"","words","uzee"
"Binti_wa_Mflame_Kayanja","multiple_choice","mtoto wa Mfalme Kayanja alikua anaitwa nani?"
"","","Apenyo"
"","","Farida"
"","","Sarah"
"","","Beatrice"
"","multiple_choice","chifu Aludah alikubali kumpa nini Mfalme Kayanja"
"","","Nusu ya Utajiri wake"
"","","gari"
"","","kijiji"
"","","boksi"
"","multiple_choice","Trevor alimpa nini Katega ili wavuke mto?"
"","","kete yenye thamani"
"","","sarafu"
"","","jiwe"
"","","lulu"
"","fill_in_the_blanks","usiku huo Apenyo alitoroka"
"","","Alitoroka"
"","","Alirudi"
"","","Aliolewa"
"","","Aliumia"
"","fill_in_the_blanks","dhoruba kali ilianza na kusababisha mawimbi makubwa"
"","","dhoruba"
"","","mnyama"
"","","gari"
"","","mwanaume"
"","fill_in_the_blanks","Apenyo alikuwa msichana mrembo. Kila mwanmme alitaka kumwoa,"
"","","mrembo"
"","","mfupi"
"","","mrefu"
"","","mbaya"
"","meanings","manyunyu"
"","","mvua nyepesi ishukayo kwa matone"
"","meanings","thamani"
"","","thamani kubwa"
"","meanings","princess"
"","","binti wa mfalme"
"","meanings","kulinda"
"","","kiweke makini kisiharibiwe"
"","meanings","hasira"
"","","hasira kubwa sana"
"","meanings","jadili"
"","","kuongelea kitu fulani na watu"
"","meanings","hukumu"
"","","maamuzi ya mahakama ya sheria au hakimu"
"","meanings","maamuzi"
"","","hitimisho au azimio lililofikiwa baada ya kuridhia"
"","picture","daraja"
"","picture","kikapu"
"","picture","ngome"
"","picture","hazina sanduku"
"","picture","mawingu"
"","picture","kilima"
"","picture","Tai"
"","picture","sungura"
"","words","rafiki"
"","words","mahindi"
"","words","samehe"
"","words","mboga"
"bunty_and_bubbly","multiple_choice","Bunty anapenda kucheza na nini?"
"","","vipepeo"
"","","mwanasesere gari"
"","","mbwa"
"","","paka"
"","multiple_choice","kwanini Bunty alikataa kujisafisha?"
"","","kwasababu anachukia sabuni"
"","","kwasababu maji yalikua ya baridi"
"","","kwasababu alikua anaumwa"
"","","kwasababu alikua ameshajisafisha"
"","multiple_choice","mfalme Sabuni alishambulia nini?"
"","","Vijidudu"
"","","kupe"
"","","watoto"
"","","ndege"
"","fill_in_the_blanks","Anapenda kucheza na mashua iliyotengenezwa kutoka kwa makaratasi."
"","","mashua"
"","","taa"
"","","vibiriti"
"","","vitabu"
"","fill_in_the_blanks","Bunty anafukuzwa na vijidudu"
"","","vijidudu"
"","","magari"
"","","kunguru"
"","","mamba"
"","fill_in_the_blanks","Jeshi la povu linafukuza vijidudu mbali"
"","","povu"
"","","wavulana"
"","","wasichana"
"","","wanasesere"
"","meanings","piga kelele"
"","","kulia kwa kupaza sauti kuelezea maumivu unayoyapata"
"","meanings","kipepeo"
"","","mdudu mwenye mabawa mawili marefu"
"","meanings","ngome"
"","","jengo kubwa lenye kujengwa kwa kuta nene kwa ajili ya kulinda kitu fulani"
"","meanings","kataa"
"","","kuashiria au kuonyesha haupo tayari kufanya kitu fulani"
"","meanings","sugua"
"","","kumfuta mtu au kufuta kitu kwa nguvu ili kukisafisha"
"","meanings","vamia"
"","","kumfanyia adui shambulio la kijeshi kwa kutumia silaha au jeshi"
"","meanings","vijidudu"
"","","viumbe vidogo, hasahasa vinavyosababisha magonjwa"
"","meanings","ndoto"
"","","mkusanyiko wa fikra, picha na hisia vinavyotokea kwenye akili ya mtu akiwa amelala"
"","picture","mashua"
"","picture","ngome"
"","picture","kipepeo"
"","picture","ndege"
"","picture","vijidudu"
"","picture","sabuni"
"","picture","povu"
"","picture","mfalme"
"","words","karatasi"
"","words","mchanga"
"","words","usiku"
"","words","kuogopa"
"Demane_and_Demazane","multiple_choice","kwanini Demane na Demazane walitoroka nyumbani kwa kaka yao?"
"","","kwasababu walichapwa na kupatiwa uji mwepesi mara moja tu kwa siku"
"","","kwasababu walitaka kwenda mjini"
"","","kwasababu walitaka kuzurura"
"","","kwasababu walitaka kulamba lambalamba"
"","multiple_choice","Demane na Demazane waliishi wapi msituni?"
"","","pangoni"
"","","kwenye mti"
"","","kwenye shimo"
"","","mtoni"
"","multiple_choice"," nani alimchukua Demazane kutoka Pangoni"
"","","jitu kubwa lenye nywele mwili mzima"
"","","simba"
"","","nyani"
"","","sokwe"
"","fill_in_the_blanks","Demazane, Demazane, nimefika kwenye pango, nifungulie mlango, ndiye mimi si uongo,"
"","","nifungulie"
"","","niangalie"
"","","nirukie"
"","","niimbie"
"","fill_in_the_blanks","Alipokuwa akibebwa alimimina jivu lile njiani walikopitia."
"","","jivu"
"","","mawe"
"","","kahawa"
"","","maji"
"","fill_in_the_blanks","Demane aliubadilisha mkoba huo na wake uliojaa nyuki."
"","","nyuki"
"","","ndege"
"","","vipepeo"
"","","panya"
"","meanings","korongo"
"","","aina ya mnyama pori"
"","meanings","uji"
"","","ni chakula kinachotokana na unga uliochemshwa kwa maji au maziwa"
"","meanings","hoji"
"","","kutoa maana au ushahidi kutetea wazo fulani"
"","meanings","pango"
"","","sehemu iliyo wazi ardhini katika kilima au mwamba"
"","meanings","asali"
"","","maji maji mazito ya njano, matamu yatengenezwayo na nyuki"
"","meanings","yowe"
"","","kilio cha sauti ya juu cha maumivu. Uoga, hasira"
"","meanings","ahadi"
"","","tamko au uhakika kuwa kitu fulani kitafanyika"
"","meanings","mtego"
"","","ni kitu kilichotengezwa kwaajili ya kukamata mnyama au kitu"
"","picture","mlango"
"","picture","moto"
"","picture","pango"
"","picture","mti"
"","picture","mzinga"
"","picture","begi"
"","picture","panya"
"","picture","mbao"
"","words","nguvu"
"","words","yenye"
"","words","labda"
"","words","umbali"
"Fahali_na_Punda","multiple_choice","fahali alipendelea kufanya nini?"
"","","Alipenda kubaki nyumbani na kula nyasi, kunywa maji na kupumzika."
"","","kufanya kazi"
"","","kucheza"
"","","kulima shamba"
"","multiple_choice","punda alikua akibeba vitu na kupeleka wapi?"
"","","Sokoni"
"","","uwanjani"
"","","nyumbani"
"","","bustanini"
"","multiple_choice","lilikua wazo la nani kwa fahali kupumzika nyumbani?"
"","","punda"
"","","fahali"
"","","mkulima"
"","","mke wa mkulima"
"","fill_in_the_blanks","Punda na fahali walikua marafiki"
"","","marafiki"
"","","maadui"
"","","mtu na kaka yake"
"","","mtu na dada yake"
"","fill_in_the_blanks","mkulima alifikiri fahali wake ni mgonjwa"
"","","kuumwa"
"","","furaha"
"","","huzuni"
"","","kupumzika"
"","fill_in_the_blanks","Fahali alipumzika nyumbani wakati punda akilima shamba"
"","","alipumzika"
"","","alicheza"
"","","aliogelea"
"","","alifanya kazi"
"","meanings","bwana"
"","","mtu mwenye watu wa kumfanyia kazi"
"","meanings","mkulima"
"","","mtu anayemiliki shamba"
"","meanings","mvivu"
"","","asiyekua tayari kufanya kazi au kutumia nguvu"
"","meanings","jembe"
"","","ni kitu kikubwa kinachoambatanishwa na viwembe, chenye kupindua udongo wa chini kuja juu"
"","meanings","mjeledi"
"","","ni mkanda wa ngozi wenye urefu na kishikio cha mkono, hutumika kuchapia mifugo"
"","meanings","kuchoka"
"","","nahitaji kulala au kupumzika"
"","meanings","wazo"
"","","ni fikra au pendekezo alitowalo mtu katika malengo fulani"
"","meanings","uwanja"
"","","sehemu ya ardhi iliyo wazi"
"","picture","fahali"
"","picture","nyasi"
"","picture","jembe"
"","picture","punda"
"","picture","bakuli"
"","picture","gunia"
"","picture","jiwe"
"","picture","mti"
"","words","nyasi"
"","words","kesho"
"","words","nzito"
"","words","vyema"
"Fisi_mlafi","multiple_choice","kalio alikua amekwama wapi?"
"","","kwenye jiwe"
"","","kwenye mti"
"","","porini"
"","","kwneye mfereji"
"","multiple_choice","mama yake Kalio alizungushia nini?"
"","","ua"
"","","nyumba"
"","","blanketi"
"","","kofia"
"","multiple_choice","nini kilitokea kwenye mkia wa mbweha"
"","","ulishika moto"
"","","ulipotea"
"","","ulilowa"
"","","ulibadilika na kuwa wa bluu"
"","fill_in_the_blanks","usimfungulie mtu mwingine"
"","","mtu"
"","","rafiki"
"","","fisi"
"","","mbweha"
"","fill_in_the_blanks","fisi Alipouruka moto, alianguka ndani na kuanza kuteketea"
"","","moto"
"","","kisima"
"","","mto"
"","","bwawa"
"","fill_in_the_blanks","fisi alijificha na kusikiliza"
"","","alijificha"
"","","alikimbia"
"","","aliruka"
"","","alilala"
"","meanings","ua"
"","","ni uzio ama ukuta unaotumika kufunga sehemu"
"","meanings","mgeni asiyefahamika"
"","","ni mtu mpya asiyefahamika au kujulikana"
"","meanings","sikiliza"
"","","kumfanya mtu awe makini na kile utakachokisema"
"","meanings","endelea"
"","","kufanya kitu bila kuacha"
"","meanings","kikao"
"","","makutaniko ya watu kwa makusudio maalumu"
"","meanings","sauti"
"","","mlio anaoutengeneza mtu kwa kutumia mdomo wake"
"","meanings","subiri"
"","","kuendelea kuwepo"
"","meanings","mazoezi"
"","","kufanya kitu kwa kukirudia rudia"
"","picture","mlango"
"","picture","mwamba"
"","picture","ua"
"","picture","chungu"
"","picture","moto"
"","picture","mdudu"
"","picture","mbweha"
"","picture","fisi"
"","words","maji"
"","words","endelea"
"","words","kulinda"
"","words","isiyokua"
"Hadithi_kumhusu_Wangari_Maathai","multiple_choice","Wangari Mathali aliishi wapi?"
"","","Katika kijiji kimoja kwenye mteremko wa Mlima Kenya,"
"","","mjini"
"","","kisiwani"
"","","madukani"
"","multiple_choice","Wangari alienda kusoma wapi?"
"","","amerika"
"","","china"
"","","india"
"","","Tanzania"
"","multiple_choice","Wangari aliwafundisha nini wanawake?"
"","","Aliwafunza wanawake jinsi ya kupanda miti kutokana na miche"
"","","kupika"
"","","jinsi ya kusoma"
"","","lugha ya kigeni"
"","fill_in_the_blanks","Wangari alipenda kufanya kazi za nje"
"","","nje"
"","","ndani"
"","","sebuleni"
"","","ukumbuni"
"","fill_in_the_blanks","Wangari alikuwa mtoto mwerevu na alikuwa na hamu ya kwenda shule."
"","","shule"
"","","mbugani"
"","","mgahawani"
"","","shambani"
"","fill_in_the_blanks","Leo, mamilioni ya miti imemea kutokana na mbegu za Wangari."
"","","miti"
"","","miamba"
"","","makaratasi"
"","","nguo"
"","meanings","panga"
"","","kitu cha chuma chenye makali, kitumikacho kukatia vitu au kama silaha"
"","meanings","bustanini"
"","","sehemu ya ardhi iliyounganishwa na nyumba itumikayo kukuzia maua, matunda au mboga mboga"
"","meanings","mteremko"
"","","sehemu ya ardhi iliyo katika uwanda  wa chini kutoka katika uwanda wa juu"
"","meanings","mfereji"
"","","yenye uipana mwembamba kulinganisha na urefu wake"
"","meanings","yenye nguvu sana"
"","","yenye nguvu sana au uwezo mkubwa"
"","meanings","kushawishi"
"","","kumfanye mtu afanye kitu fulani kwa sababu fulani "
"","meanings","njaa"
"","","kuhisi au kuonyesha uhitaji wa chakula"
"","meanings","kumbuka"
"","","kuwa na uwezo wa kuleta ufahamu wa mtu fulani au kitu fulani kilichopita"
"","picture","nyasi"
"","picture","ua"
"","picture","ndege"
"","picture","mti"
"","picture","karoti"
"","picture","kitabu"
"","picture","kilima"
"","picture","bitruti"
"","words","joto"
"","words","mawio"
"","words","kualikwa"
"","words","kumaliza"
"jimbi_na_sungura","multiple_choice","Sungura na Jimbi walifurahia nini kwa pamoja"
"","","chapio"
"","","kifungua kinywa"
"","","pipi"
"","","maji"
"","multiple_choice","jimbi na familia yake walilalaje?"
"","","walilala vizuri sana"
"","","hawakulala vizuri"
"","","walilala kidogo"
"","","juu ya mti"
"","multiple_choice","familia ya sungura waliamua kujaribu nini?"
"","","kulala kama jimbi"
"","","kua"
"","","kwenda nje"
"","","kuongea"
"","fill_in_the_blanks","jimbi na familia yake walilala baada ya muda mfupi"
"","","walilala"
"","","walishuka chini"
"","","waliimba"
"","","walioga"
"","fill_in_the_blanks","Asubuhi Sungura alitaka kujua siri ya Jimbi"
"","","Siri"
"","","mpango"
"","","jina"
"","","uzito"
"","fill_in_the_blanks","Jimbi alielezea ""Asubuhi tuamkapo, sisi huvirejesha vichwa vyetu mwilini."""
"","","vichwa"
"","","miguu"
"","","mabawa"
"","","mkia"
"","meanings","familia"
"","","kikundi cha watu wenye kushea damu au ndoa"
"","meanings","siri"
"","","kilichofichwa kisionekane au kisijulikane"
"","meanings","pamoja"
"","","kuambatana na mtu au watu"
"","meanings","kulala"
"","","hali ya kuwa na usingizi"
"","meanings","kutokea"
"","","kuchukua nafasi au kuonekana"
"","meanings","utani"
"","","kitu ambacho mtu hufanya ili wengine wacheke au wafurahi"
"","meanings","elezea"
"","","kufanya wazo kueleweka zaidi kiundani"
"","meanings","kuamua"
"","","kutoa kitu akilini ili kifanyike"
"","picture","mlango"
"","picture","moto"
"","picture","sungura"
"","picture","nyumba"
"","words","jimbi"
"","words","kufurahia"
"","words","asubuhi"
"","words","wenyewe"
"jinsi_anansi_alivyopata","multiple_choice","Anansi alipendelea nini?"
"","","kuonja vyakula vilivyopikwa na wanawake wengine kijijini."
"","","kucheza mbugani"
"","","kulowa kwenye mvua"
"","","kunywa maji"
"","multiple_choice","sungura alikua akipika nini?"
"","","mboga"
"","","wali"
"","","mkate"
"","","njegere"
"","multiple_choice","nini kilitokea kwenye mguu wa Anansi"
"","","ilivutika ikawa membamba"
"","","ilikua misafi"
"","","ilikua mifupi"
"","","ilikua imeloa"
"","fill_in_the_blanks","Anansi akasema Nitasokota utandu kisha nifunge ncha moja mguuni kwangu na nyingine chunguni."
"","","chunguni"
"","","mtini"
"","","nyumbani"
"","","motoni"
"","fill_in_the_blanks","Anansi aliwaona Ngedere na mkewe wakipika maharagwe kwenye chungu kikubwa"
"","","ngedere"
"","","kondoo"
"","","fisi"
"","","twiga"
"","fill_in_the_blanks","kila mmoja alivuta kamba yake kwa wakati mmoja"
"","","kila mmoja"
"","","kondoo"
"","","fisi"
"","","simba"
"","meanings","kuvuta"
"","","kufanywa au kuwa na uwezo wa kuwa mrefu au kirefu"
"","meanings","zungusha"
"","","badilisha au hamisha kwa kuzunguka haraka"
"","meanings","mboga mboga"
"","","aina ya mmea utumikao kama chakula"
"","meanings","fikra"
"","","wazo linalotokana na kufikiri"
"","meanings","kuaibisha"
"","","kumfanya mtu ajihisi vibaya tofauti na wengine"
"","meanings","piga"
"","","kuvunja ghafla"
"","meanings","nyembamba"
"","","yenye nyuso mbili zitazamanazo, zilizo karibiana"
"","meanings","kawaida"
"","","hali ya mazowea"
"","picture","mwamba"
"","picture","chungu"
"","picture","majani"
"","picture","maji"
"","words","kupika"
"","words","uzi"
"","words","viazi"
"","words","yenye"
"jinsi_usiku_ulivyoingia","multiple_choice","Opio alienda kuwinda na nani?"
"","","mbwa"
"","","marafiki"
"","","ndege"
"","","wazazi"
"","multiple_choice","Opio alimkimbiza nani?"
"","","paa"
"","","ndege"
"","","mbwa"
"","","paka"
"","multiple_choice","Opio alileta nini kijijini?"
"","","Usikui"
"","","rafiki yake"
"","","mwalimu wake"
"","","binti mfalme"
"","fill_in_the_blanks","Mchana unapoondoka, usiku huingia"
"","","Usikui"
"","","paa"
"","","mbwa"
"","","jua"
"","fill_in_the_blanks","Opio aliporudi kijijini kwake, wanakijiji waliogopa"
"","","waliogopa"
"","","walikua na furaha"
"","","waliumia"
"","","walikua marafiki"
"","fill_in_the_blanks","tutafanya kazi mchana na kupumzika usiku"
"","","tutafanya kazi"
"","","tutacheza"
"","","tutalala"
"","","tutakula"
"","meanings","ugonjwa"
"","","kitendo cha mwili wabinadamu kutokua katika hali yake ya kawaida"
"","meanings","elezea"
"","","kufanya wazo lieleweke"
"","meanings","kuwinda"
"","","kitendo cha kukamata wanyama pori"
"","meanings","kujaribiwa"
"","","kumshawishi mtu kufanya kitu"
"","picture","nyota"
"","picture","sufuria"
"","picture","kitanda"
"","picture","mbwa"
"","picture","nyumba"
"","picture","wingu"
"","picture","jua"
"","picture","kupanda"
"","words","fuatwa"
"","words","kitu"
"","words","swali"
"","words","kuelekea"
"Jumamosi_alasiri","multiple_choice","watoto walienda wapi?"
"","","mtoni"
"","","mjini"
"","","mbugani"
"","","shule"
"","multiple_choice","nani alikula nguo za watoto?"
"","","ng'ombe"
"","","mbwa"
"","","ngedere"
"","","paka"
"","multiple_choice","mto ulikuaje?"
"","","ulikua mzuri na upepo mzuri"
"","","moto"
"","","joto"
"","","mchafu"
"","fill_in_the_blanks","Ilikuwa Jumamosi moja iliyokuwa na joto jingi sana katika mwezi wa Desemba."
"","","jumamosi"
"","","jumatatu"
"","","jumatano"
"","","ijumaa"
"","fill_in_the_blanks","Tuliweka miguu yetu ndani ya mto kuifanya iwe baridi."
"","","mto"
"","","bwawa"
"","","bahar"
"","","bahari"
"","fill_in_the_blanks","Tuliogelea kwa muda mrefu na kusahau kuwa muda ulipita."
"","","muda"
"","","vitabu"
"","","gari"
"","","begi"
"","meanings","chubwii"
"","","sauti inayojitengeza kitu kiingiapo kwenye maji"
"","meanings","kuloweka"
"","","kufanya kitu kilowe kwa kukiweka kwenye maji"
"","meanings","shati"
"","","kiziba mwili kianziacho kiunoni hadi shingoni"
"","meanings","kuogelea"
"","","kusogeza mwili kwenye maji kwa kutumia miguu"
"","meanings","sahau"
"","","hali ya kushindwa kukumbuka"
"","meanings","tafuna"
"","","kungata chakula mdomoni kwa kutumia meno"
"","meanings","kutetemeka"
"","","kutingishika tingishika katika hali isiyoweza kuzuilika kwasabbau ya baridi"
"","meanings","amini"
"","","kukubali kitu fulani kuwa ni kweli"
"","picture","shati"
"","picture","jua"
"","picture","kichaka"
"","picture","mti"
"","words","kujibiwa"
"","words","nguo"
"","words","ua"
"","words","pipi"
"Kalabushe_chiriku","multiple_choice","Kalabushe alikua ni msichana wa namna gani?"
"","","Muongeaji"
"","","mvivu"
"","","mwerevu"
"","","mrefu"
"","multiple_choice","kalabushe alimtembelea nani?"
"","","Shangazi yake mgonjwa"
"","","mama yake"
"","","mwalimu wake"
"","","rafiki yake"
"","multiple_choice","kalabushe alikua kabeba nini?"
"","","nyama, mayai na maziwa"
"","","pipi"
"","","begi tupu"
"","","nguo"
"","fill_in_the_blanks","Sinson alikua fisi aliyebadilika kuwa binadamu"
"","","fisi"
"","","sungura"
"","","jimbi"
"","","nyoka"
"","fill_in_the_blanks","karabushe alipofika, Nyumba ilikua kimya"
"","","kimya"
"","","kelele"
"","","imejaa"
"","","chafu"
"","fill_in_the_blanks","Kalabushe aliendelea kuongea hata alipokua tumboni mwa Sinson"
"","","tumboni"
"","","nyumbani"
"","","bustanini"
"","","kwenye begi"
"","meanings","muongeaji"
"","","mtu mwenye kuongea sana"
"","meanings","bonde"
"","","sehemu ya  uwanda wa chini iliyo katikat ya vilima au milima"
"","meanings","tahadhari"
"","","kumujulisha mtu zaidi kuhusu hatari itakayotekea"
"","meanings","blanketi"
"","","kitambaa kikubwa kizito kitumikacho kujifunikia kitandani"
"","meanings","tumbo"
"","","kiungo cha ndani ya mwili ambapo kazi kubwa ya mmeng'enyo wa chakula hufanyika"
"","meanings","kuchoka"
"","","hali ya kuhitaji kulala au kupumzika"
"","meanings","mshangao"
"","","hali ya kutokutarajia kitu"
"","meanings","kuokoa"
"","","kumsaidia mtu kutoka katika hatari au hali ngumu"
"","words","kusikiliza"
"","words","fisi"
"","words","kufunikwa"
"","words","kujibiwa"
"Kato_Mwakili_na_Shida_Kubwa","multiple_choice","Kato alitokea wapi?"
"","","msitu wa mbali"
"","","mjini"
"","","kijijini"
"","","kilimani"
"","multiple_choice","wanaume walikua wanenda kufanya nini?"
"","","kutengeneza sehemu ya kuegesha magari "
"","","kula mlo wa usikui"
"","","wanaenda dukani"
"","","kutazama muvi"
"","multiple_choice","wanyama waliifikaje msitu wa mbali"
"","","kwa treni"
"","","kwa basi"
"","","kwa gari"
"","","kwa kutembea"
"","fill_in_the_blanks","Katika bustani ndogo jijini, kulikuwa na mti mkubwa."
"","","bustanini"
"","","duka"
"","","barabara"
"","","shule"
"","fill_in_the_blanks","Mashine zilionwa kwanza na familia ya fugo"
"","","Mashine"
"","","vipepeo"
"","","majani"
"","","mto"
"","fill_in_the_blanks","Fugo nao pamoja na panya wadogo na nyoka wa nyasini wanaweza kutumia Fugo ya Moja kwa Moja ipitiayo chini kwa chini."
"","","chini kwa chini"
"","","hewa"
"","","mto"
"","","bahari"
"","meanings","zilionwa"
"","","kuona, kutambua"
"","meanings","maegesho"
"","","sehemu ya kuhifadhia gari kwa muda"
"","meanings","halisi"
"","","sahihi katika maelezo yote"
"","meanings","mashine"
"","","ni mashine zenye kutumia mitambo yenye nguvu katika kufanya kazi"
"","meanings","chini nya ardhi"
"","","chini ya uso wa ardhi"
"","meanings","uhakika"
"","","katika namna yenye uhalisia"
"","meanings","hofu"
"","","uoga usioweza kuzuilika wa haraka"
"","meanings","kifalme"
"","","ukubwa wenye kuvutia"
"","picture","mwezi"
"","picture","nyota"
"","picture","kipepeo"
"","picture","treni"
"","picture","ua"
"","picture","wingu"
"","picture","jani"
"","picture","mashine"
"","words","pamoja"
"","words","sauti"
"","words","mtaa"
"","words","aliongea"
"Khalai_azungumzia_mimea_Khalai_talks","multiple_choice","Khalai aliongea na nani?"
"","","mimea"
"","","wadudu"
"","","samaki"
"","","wanyama"
"","multiple_choice","Khalai anataka kufanya nini chini ya kivuli cha mti?"
"","","kujisomea"
"","","kulala"
"","","kukaa"
"","","kucheza"
"","multiple_choice","Khalai anataka kufanya nini na maua"
"","","kuweka kwenye nywele"
"","","kuyakausha"
"","","kuyala"
"","","kuyamwagia maji"
"","fill_in_the_blanks","Khalai anaamka na kuongea na mmea mchanga wa Mchungwa,"
"","","mchungwa"
"","","epo"
"","","muembe"
"","","mndimu"
"","fill_in_the_blanks","Khalai anauzungumzia ua unaoizingira shule yake,"
"","","shule"
"","","nyumba"
"","","bustani"
"","","mbuga"
"","fill_in_the_blanks","kua mwenye nguvu ili uzuie shule yetu kutokana na watu wabaya."
"","","nguvu"
"","","dhaifu"
"","","mrefu"
"","","mfupi"
"","meanings","mbivu"
"","","tunda lililobadilika na kuwa jekundu tayari kwa kuvunwa na kuliwa"
"","meanings","labda"
"","","hutumika kueleza kitu kisichokuwepo au chenye uwezekano wa kuwepo"
"","meanings","kuchanua"
"","","kutengeneza maua"
"","meanings","ua"
"","","uzio unaotengenezwa kwa vichaka vilivyomea na kukaribiana"
"","picture","ua"
"","picture","mti"
"","picture","chungwa"
"","picture","uzio"
"","words","saba"
"","words","ukijani"
"","words","kuchanua"
"","words","kivuli"
"Kijana_Palinyang_Young_Palinyang","multiple_choice","palinyang alifurahia kufanya nini?"
"","","Kufuga wanyama kiwanjani"
"","","kutembea kwenda shule"
"","","kucheza na ngedere"
"","","kulala nyumbani"
"","multiple_choice","Ng'ombe walikwenda wapi baada ya mvua kuisha?"
"","","kwenye kijiji kidogo"
"","","kivulini"
"","","kwenye kisiwa"
"","","angani"
"","multiple_choice","Lokeyokoni alimnunulia nini Palinyang?"
"","","begi jekundu"
"","","ngoma"
"","","ng'ombe"
"","","kitabu"
"","fill_in_the_blanks","Sausau aliishi msituni zamani kabla miti haijakatwa"
"","","msituni"
"","","mjini"
"","","kijijini"
"","","pangoni"
"","fill_in_the_blanks","Lokeyoni alikua na watoto wa kiume wengi na watoto wa kike wengi"
"","","watoto wa kike"
"","","kaka na kaka"
"","","dada na dada"
"","","vitabu"
"","fill_in_the_blanks","Ng'ombe wote walivunja zizi na kumfuata palinyang"
"","","ng'ombe"
"","","ndege"
"","","watoto"
"","","wakubwa"
"","meanings","jambazi"
"","","mtu afanyaye kazi za wizi"
"","meanings","kuomboleza"
"","","hali ya kuonyesha huzuni juu ya kifo cha mtu fulani"
"","meanings","yatima"
"","","mtoto aliyefiwa na wazazi wake"
"","meanings","ajabu"
"","","hali ya mshangao na kupongezwa"
"","meanings","zizi"
"","","sehemu iliyozungukwa na uzio"
"","meanings","kupitisha kitu kisicho chako"
"","","kuchukua mtoto mwingine na kumfanya wako kisheria"
"","meanings","heshimu"
"","","hali ya kua na adabu na kusilikiza kwa makini kitu fulani"
"","meanings","kutafuta"
"","","kutafuta au kugundua kwa kufanya uchunguzi"
"","picture","jani"
"","picture","ng'ombe"
"","picture","kichaka"
"","picture","begi"
"","words","kuamini"
"","words","kufuga"
"","words","malazi"
"","words","mapendeleo"
"Kima_apoteza_mkia_wakeMonkey","multiple_choice","Nani alikua rafiki wa kima?"
"","","sungura"
"","","mwanakijiji"
"","","kobe"
"","","fisi"
"","multiple_choice","kwanini sungura alimwonea wivu kima?"
"","","kwasababu kima alikua na mkia mrefu"
"","","kwa sababu kima aliweza kupanda mitini"
"","","kwasababu kima alikua tajiri"
"","","kwasababu ya masikio yake"
"","multiple_choice","Nini kilitokea kati ya kima na sungura?"
"","","walikua maadui"
"","","walicheza pamoja"
"","","walianza shule"
"","","walianza kuandika"
"","fill_in_the_blanks","walienda katika shamba la mtu na kuanza kula mahindi"
"","","mahindi"
"","","karoti"
"","","nyanya"
"","","viazi"
"","fill_in_the_blanks","kima alijitahidi sana kutoroka lakini alishindwa"
"","","kutoroka"
"","","kulala"
"","","kutania"
"","","kucheka"
"","fill_in_the_blanks","sungura alichukua mkia wa kima na kwenda kuupika"
"","","mkia"
"","","sikio"
"","","jicho"
"","","mguu"
"","meanings","mjinga"
"","","hali ya kukosa maarifa"
"","meanings","wivu"
"","","hali ya kuwa na chuki juu ya kitu kizuri alichofanya mtu"
"","meanings","kukubali"
"","","hali ya kuridhia kupokea"
"","meanings","pamoja"
"","","hali ya kuwa karibu na mtu au watu"
"","meanings","utamu"
"","","hali ya kuwa na ladha nzuri"
"","meanings","kutoroka"
"","","hali ya kujiweka huru kutoka kifungoni bila ridhaa ya aliyekuweka kifungoni"
"","meanings","kukaribisha"
"","","kuomba mtu aungane na wewe mahali fulani"
"","meanings","somo"
"","","muda wa kujifunza au kufundisha"
"","picture","meza"
"","picture","chungu"
"","picture","jani"
"","picture","mbao"
"","words","kila"
"","words","kupayuka"
"","words","kuomba"
"","words","kusikiliza"
"Kisirusiru_mjinga_Kisirusiru","multiple_choice","mbuzi alimraruria Kisirusiru nini walipokua malishoni?"
"","","shati"
"","","kofia"
"","","blanketi"
"","","kapeti"
"","multiple_choice","nini kilitokea kwenye chungu"
"","","kilivunjika vigae vigae"
"","","kilikua salama"
"","","kiliruka"
"","","kililiwa"
"","multiple_choice","Kisirusiru na mama yake walilala wapi?"
"","","mtini"
"","","pangoni"
"","","jukwaani"
"","","bustanini"
"","fill_in_the_blanks","Sindano ilianguka kutoka mfukoni na kupotea."
"","","sindano"
"","","chungu"
"","","mbuzi"
"","","mlango"
"","fill_in_the_blanks","Mbuzi hufungwa na kuvutwa kwa kamba!"
"","","kamba"
"","","uzi"
"","","cheni"
"","","ukili"
"","fill_in_the_blanks","Waliogopa sana wakauachilia mlango ukaanguka kwa kishindo."
"","","mlango"
"","","dirisha"
"","","nyumba"
"","","begi"
"","meanings","uvumilivu"
"","","hali ya kuwa na subira katika kitu kilichochelewa."
"","meanings","kumbuka"
"","","kuwa na uwezo wa kuwa na ufahamu wa mambo au vitu vilivyopita"
"","meanings","sindano"
"","","aina ya chuma chembamba chenye sehemu ya kushukia uzi"
"","meanings","kuelewa"
"","","kutambua kitu kilichokusudio"
"","meanings","hatari"
"","","yenye kusababisha madhara"
"","meanings","kuishi"
"","","kufanya yale mtu atakayo yafanywe"
"","meanings","kufikiria"
"","","kuunda uhalisia wa kitu fulani katika fikra"
"","meanings","ujinga"
"","","tabia yenye kuonyesha upungufu wa kufikiri au kuhukumu"
"","picture","karatasi"
"","picture","begi"
"","picture","nyama"
"","picture","jiwe"
"","picture","nyasi"
"","picture","wingu"
"","picture","jua"
"","picture","mti"
"","words","mfuko"
"","words","mchirizi"
"","words","kusubiria"
"","words","popote"
"Kuhesabu_wanyama_Counting","multiple_choice","tembo wangapi wanaenda kunywa maji?"
"","","moja"
"","","tano"
"","","kumi"
"","","sita"
"","multiple_choice","nani anaogelea kwenye maji?"
"","","vyura"
"","","simba"
"","","tembo"
"","","twiga"
"","multiple_choice","Nani anaunguruma?"
"","","simba"
"","","samaki"
"","","pundamilia"
"","","tembo"
"","fill_in_the_blanks","Twiga wawili wanaenda kunywa maji?"
"","","Twiga"
"","","Simba"
"","","nyati"
"","","ndege"
"","fill_in_the_blanks","Swala watano na nguruwe mwitu sita wanatembea kuelekea mahali kuna maji."
"","","wanatembea"
"","","wanaogelea"
"","","wamekaa"
"","","wanaruka"
"","fill_in_the_blanks","Tembo mmoja anakunywa maji pamoja na simba."
"","","tembo"
"","","nyati"
"","","ndege"
"","","twiga"
"","picture","simba"
"","picture","nyati"
"","picture","twiga"
"","picture","tembo"
"","picture","pundamilia"
"","picture","samaki"
"","picture","swala"
"","picture","chura"
"","words","tembo"
"","words","twiga"
"","words","nyati"
"","words","swala"
"Kuku_na_Jongoo","multiple_choice","kuku na jongoo walicheza nini?"
"","","mpira wa miguu"
"","","mpira wa kikapu"
"","","mpira wa wavu"
"","","kukimbia riadha"
"","multiple_choice","nani alifunga bao"
"","","jongoo"
"","","kuku"
"","","mbwa"
"","","paka"
"","multiple_choice","kuku anakutana na nani?"
"","","mama jongoo"
"","","baba jongoo"
"","","kaka jongoo"
"","","dada jongoo"
"","fill_in_the_blanks","kuku na jongoo na mirafiki"
"","","marafiki"
"","","kaka na kaka"
"","","dada na dada"
"","","wamoja"
"","fill_in_the_blanks","kuku anamkula jongoo"
"","","jongoo"
"","","mbwa"
"","","paka"
"","","nyoka"
"","fill_in_the_blanks","jongoo ana ladha mbaya sana"
"","","mbaya"
"","","tamu"
"","","nzuri"
"","","chachu"
"","meanings","kikohozi"
"","","hewa itokayo kwenye mapafu ikiambatana na sauti ya ghafla"
"","meanings","kuvuka"
"","","kuudhi"
"","meanings","alama"
"","","kupata goli, kuongoza kwenye mchezo"
"","meanings","rafiki"
"","","mtu wa karibu"
"","picture","wavu"
"","picture","wingu"
"","picture","mpira"
"","picture","kichaka"
"","words","miguu"
"","words","kipa"
"","words","maadui"
"","words","kuumwa"
"Kutekwa_nyara","multiple_choice","watoto walitekwa wapi?"
"","","katika uwanja mkubwa karibu na reli ya zamani"
"","","shule"
"","","karibu na mto"
"","","stendi ya basi"
"","multiple_choice","kiki alitoroka vipi?"
"","","kupitia dirishani"
"","","kupitia batini"
"","","kupitia mlangoni"
"","","kwa kuruka nje ya gari"
"","multiple_choice","nani alimuokoa mtoto kutoka kwa watekaji?"
"","","polisi"
"","","wazazi wake"
"","","mwalimu wake"
"","","rafiki yake"
"","fill_in_the_blanks","Mimi na ra?ki yangu Kiki hupenda kuchunguza na kuvumbua mambo."
"","","kuchunguza"
"","","kukimbia riadha"
"","","kula"
"","","kucheza"
"","fill_in_the_blanks","tuliwekwa wote kwenye chumba chenye kiza totoro"
"","","kiza"
"","","mwanga"
"","","kisafi"
"","","kichafu"
"","fill_in_the_blanks","Polisi wa kike aliufungua mlango, akaingia chumbani na kunifunika kwa blanketi."
"","","polisi wa kike"
"","","mtunza bustani"
"","","mfanyakazi"
"","","mwalimu"
"","meanings","ambalanzi"
"","","gari maalumu kwaajili ya kubebea wagonjwa"
"","meanings","kuchunguza"
"","","kusafiri sehemu usiyoijua kwaajili ya kujifunza vitu"
"","meanings","kipaumbele"
"","","ilani anayopewa mtu kuhusu mtu fulani au kuhusu kitu fulani"
"","meanings","ilani"
"","","fahamu kuhusu"
"","meanings","safari"
"","","sanaa ya kusafiri sehemu moja kwenda nyingine"
"","meanings","kunong'oneza"
"","","kusema kitu taratibu na polepole bila wengine kusikia"
"","meanings","kubiringika"
"","","kuzunguka kwa kuzungusha mwili haraka haraka"
"","meanings","fidia"
"","","kiasi cha fedha kitakiwacho kulipwa kwaajili ya kuwafungulia mateka"
"","picture","nyumba"
"","picture","hema"
"","picture","taa"
"","picture","kapeti"
"","picture","mlango"
"","picture","meza"
"","picture","lori"
"","picture","gari iliyofunikwa isiyo na madirisha ya pembeni"
"","words","jirani"
"","words","kitaambaa"
"","words","utandu"
"","words","uelekeo"
"Kwa_nini_Yayeri_ni_mashuhuri","multiple_choice","yayere huamka muda gani?"
"","","asubuhi na mapema"
"","","huchelewa kuamka"
"","","mchana"
"","","usiku"
"","multiple_choice","Yayere huwasalimu wakina nani?"
"","","wazazi wake na mabbau zake"
"","","muuza duka"
"","","wageni wasiojulikana"
"","","mbwa"
"","multiple_choice","sare za Yayere ni za rangi gani?"
"","","rangi ya chungwa"
"","","rangi ya bluu"
"","","rangi nyeupe"
"","","rangi ya kijani"
"","fill_in_the_blanks","Yayeri hutandika kitanda chake vizuri sana"
"","","kitanda"
"","","begi"
"","","kahawa"
"","","nguo"
"","fill_in_the_blanks","Yayeri huosha uso wake kwa sabuni ya bluu"
"","","bluu"
"","","nyekundu"
"","","kijani"
"","","njano"
"","fill_in_the_blanks","Yayeri anasoma sayansi, masomo ya jamii na hesabu"
"","","hesabu"
"","","upishi"
"","","kemia"
"","","lugha"
"","meanings","andaa"
"","","fanya kitu kuwa tayari kutumika"
"","meanings","salamu"
"","","kutoa salamu ya busara ya utambuzi au alama ya kukaribisha pale ukutanapo na mtu"
"","meanings","brashi"
"","","hutumika kuondoa uchafu kwa kusugua"
"","meanings","kushukuru"
"","","kuonyesha hali ya kukubaliana na kitu ulichofsnyiwa au ulichopokea"
"","picture","benchi"
"","picture","brashi"
"","picture","kitanda"
"","picture","ndoo"
"","picture","kiti"
"","picture","meza"
"","picture","kibanda"
"","picture","dirisha"
"","words","kubwa"
"","words","wenyewe"
"","words","bibi"
"","words","sayansi"
"Magozwe","multiple_choice","wavulana walilifukuzaje baridi?"
"","","kwa kuwasha moto"
"","","kwa kuvaa masweta"
"","","kwa kuingia ndani?"
"","","klwa kunywa supu ya moto"
"","multiple_choice","Magozwe aliota kuwa nani?"
"","","rubani"
"","","seremala"
"","","mwalimu"
"","","mkulima"
"","multiple_choice","Tomaso alimzawadia nini Magozwe katika siku ya kusherehekea miaka kumi ya tangu kuzaliwa kwake?"
"","","Kitabu kipya cha hadithi"
"","","mwanasesere"
"","","pipi"
"","","nguo"
"","fill_in_the_blanks","Magozwe alianza kuishi mtaani"
"","","mtaani"
"","","bustanini"
"","","msituni"
"","","shuleni"
"","fill_in_the_blanks","Magozwe alikula chakula katika nyumba yenye paa la bluu"
"","","bluu"
"","","kijani"
"","","nyekundu"
"","","njano"
"","fill_in_the_blanks","Hadithi ilimhusu mvulana mchezaji kandanda maarufu."
"","","mchezaji kandanda"
"","","mchezaji karata"
"","","mwanariadha"
"","","mcheza bao"
"","meanings","kulalamika"
"","","kuelezzea kutokuridhishwa au kuchukizwa kuhusu kitu fulani"
"","meanings","takataka"
"","","vifaa visivyokua na thamani"
"","meanings","karibu"
"","","ni tabia ya kumualika mtu"
"","meanings","lami"
"","","sehemu iliyoinuka pembezoni mwa barabara maalumu kwa watembea kwa miguu"
"","meanings","bora"
"","","iliyo nzuri zaidi"
"","meanings","kupambana"
"","","kutumia nguvu katika kujiondoa kwenye tatizo"
"","meanings","makini zaidi"
"","","hali ya kutilia kitu maanani, au akilini zaidi"
"","meanings","yadi"
"","","kipande cha radhi siyolimwa, iliyoungana na nyumba"
"","picture","Kitabu kipya cha hadithi"
"","picture","nyota"
"","picture","tofali"
"","picture","chupa"
"","picture","moto"
"","picture","mti"
"","picture","ndoo ya uchafu"
"","picture","meza"
"","words","aisye"
"","words","chochote"
"","words","zamani"
"","words","kusilikilza"
"Mama_abadilika","multiple_choice","Mama alipokuwa msichana, nilienda naye kuwatembelea wakina nani?"
"","","Marafiki zake"
"","","kaka yake"
"","","dada yake"
"","","mwalimu wake"
"","multiple_choice","mama alipozeeka mgongo wake ulikuaje?"
"","","ulipinda"
"","","ulinyooka"
"","","haukumsumbua"
"","","ulikua sawa"
"","multiple_choice","Majirani wa mama walimletea mama nini kutoka dukani?"
"","","maziwa"
"","","kahawa"
"","","mikate"
"","","maharagwe"
"","fill_in_the_blanks","mama alinipelekea sokononi kununua mboga"
"","","mboga"
"","","maziwa"
"","","mikate"
"","","matunda"
"","fill_in_the_blanks","mama alinifundisha majina ya mimea"
"","","mimea"
"","","wanyama"
"","","vitabu"
"","","miji"
"","fill_in_the_blanks","Mama alipokuwa msichana, alikuwa mwenye nguvu."
"","","nguvu"
"","","dhaifu"
"","","mwembamba"
"","","mrefu"
"","meanings","jirani"
"","","mtu anayeishi mlango unaofuata au nyumba inayofuata"
"","meanings","dhaifu"
"","","kukusa nguvu ya kufanya kazi za kimwili"
"","meanings","mdogo"
"","","aliyeishi kwa muda mfupi"
"","meanings","likizo"
"","","kipindi cha sherehe, au kipindi ambacho hakuna kazi zinafanywa"
"","picture","meza"
"","picture","begi"
"","picture","kikapu"
"","picture","duka"
"","words","mdogo"
"","words","funzwa"
"","words","kukaa"
"","words","mdhaifu"
"Mamangu_alipanda","multiple_choice","Mama alipanda nini hapo mwanzoni?"
"","","Bustani ndogo"
"","","miti ya matunda"
"","","bustani ya viazi"
"","","miti ya michungwa"
"","multiple_choice","Baba alipanda nini hapo mwanzoni?"
"","","bustani ndogo ya maua"
"","","miti ya matunda"
"","","bustani ya viazi"
"","","bustani ya michungwa"
"","multiple_choice","Nani alivuna maua na mbaazi?"
"","","Mimi na dada yangu"
"","","mama yangu"
"","","baba yangu"
"","","mwalimu wangu"
"","fill_in_the_blanks","mama yangu alipalilia bustani zote mbili"
"","","alipalilia"
"","","alilala"
"","","kutembea"
"","","jembe"
"","fill_in_the_blanks","baba yangu alimwagilia maji bustani zote mbili"
"","","alimwagilia"
"","","aliendesha"
"","","alisubiri"
"","","alitembea"
"","fill_in_the_blanks","Tulivuna magunia ya mbaazi kutoka bustani ndogo ya mbaazi."
"","","magunia"
"","","vikombe"
"","","wachache"
"","","ndoo"
"","meanings","gunia"
"","","begi kubwa lililotengenezwa kwa vifaa vigumu"
"","meanings","kupalilia"
"","","kutoa mimie isiyohitajika shambani"
"","meanings","mmea"
"","","ni mbegu iliyowekwa ardhini ikakua"
"","meanings","kuvuna"
"","","kutoa mazao yaliyokomaa"
"","picture","ua"
"","picture","begi"
"","picture","maji"
"","picture","kichaka"
"","words","mama"
"","words","baba"
"","words","bustani"
"","words","kubwa"
"Mamba_mwenye_njaa_The_hungry_crocodile","words","mamba"
"","words","mpaka"
"Mbuzi_Mbwa_na_Ng_ombe","multiple_choice","siku moja, Mbuzi, Mbwa na Ng'ombe walisafirije?"
"","","kwa teksi"
"","","kwa basi"
"","","kwa kuitembea"
"","","kwa gari"
"","multiple_choice","dereva aliwauliza nini?"
"","","Walipe nauli zao"
"","","wale"
"","","warejee tena"
"","","watembee mbali"
"","multiple_choice","dereva alijisikiaje mbuzi alipokimbia"
"","","alikasirika"
"","","alikua na furaha"
"","","alifurahi"
"","","alicheka"
"","fill_in_the_blanks","Ng'ombe alilipa nauli yake"
"","","Ng'ombe"
"","","Mbuzi"
"","","dereva"
"","","mwalimu"
"","fill_in_the_blanks","Akaondosha gari bila kumrudishia Mbwa baki ya pesa zake."
"","","mbwa"
"","","mbuzi"
"","","dereva"
"","","mwalimu"
"","fill_in_the_blanks","Hiyo ndiyo sababu, siku zote, Mbwa hulikimbilia gari kwa nia ya kumpata dereva arudishiwe baki ya pesa zake."
"","","gari"
"","","basi"
"","","treni"
"","","lori"
"","meanings","nauli"
"","","fedha inayolipwa kwaajili ya safari ya wengi"
"","meanings","chenji"
"","","fedha zitolewazo kwa kubadilishwa kulingana na thamani ya kiasi kikubwa kilichotolewa"
"","meanings","safari"
"","","sanaa ya kusafiri sehemu moja kwenda nyingine"
"","meanings","kusumbua"
"","","yenye kusababisha hasira kwa mtu "
"","picture","ng'ombe"
"","picture","mbuzi"
"","picture","mbwa"
"","picture","teksi"
"","words","kufikia"
"","words","zaidi"
"","words","sauti"
"","words","kuvuka"
"Mbwa_na_Mamba","multiple_choice","mnyama gani aliyeyaacha mayai?"
"","","Mamba"
"","","bata"
"","","mbwa"
"","","fisi"
"","multiple_choice","watoto wa mamba walikua wakihisi nini?"
"","","njaa"
"","","furaha"
"","","kiu"
"","","hasira"
"","multiple_choice","Mamba aliwapeleka wapi watoto wake kwa mara ya kwanza"
"","","kuogelea"
"","","dukani"
"","","mgahawani"
"","","kutembea"
"","fill_in_the_blanks","Siku moja, Mbwa aliyakuta mayai kando ya mto."
"","","kando ya mto"
"","","maji"
"","","majani"
"","","kokoto"
"","fill_in_the_blanks","Mamba alianza kuwatembelea wanyama wote akiwauliza kuhusu mayai yake."
"","","mayai"
"","","mabegi"
"","","meno"
"","","mkia"
"","fill_in_the_blanks","Mamba alimvamia Mbwa na kumcharaza kwa mkia wake."
"","","mkia"
"","","meno"
"","","mkono"
"","","mguu"
"","meanings","kuunguruma"
"","","kutoa sauti ktuoka ndani ya mwili"
"","meanings","kilio cha kujutia"
"","","kilio cha kujutia maumivu"
"","meanings","yaliangua"
"","","mtoto kutoka kwenye yai lake"
"","meanings","kuvamia"
"","","kuingia mahali kwa nguvu na kwa hasira"
"","picture","yai"
"","picture","jiko"
"","picture","mbwa"
"","picture","mamba"
"","picture","jamvi"
"","picture","mfuko"
"","picture","dirisha"
"","picture","nyumba"
"","words","pembeni"
"","words","milikiwa"
"","words","njaa"
"","words","watoto"
"Mbweha_na_jua","multiple_choice","mbweha mvivu aliishi na nani?"
"","","baba yake mzee"
"","","mama yake"
"","","kaka yake"
"","","dada yake"
"","multiple_choice","mbweha alienda kumjulisha nani kwa baba yake?"
"","","jua"
"","","mbwa"
"","","fisi"
"","","chura"
"","multiple_choice","mbweha alitambaa wapi kupata jua?"
"","","juu ya mwamba"
"","","chini ya mwamba"
"","","ndani ya nyumba"
"","","juu ya mti"
"","fill_in_the_blanks","Mbweha aliruka juu na kuwapeleka mbuzi malishoni."
"","","mbuzi"
"","","mbwa"
"","","pundamilia"
"","","ndege"
"","fill_in_the_blanks","Mbweha alilibeba jua mgongoni mwake na kuelekea nyumbani"
"","","mgongoni"
"","","kichwani"
"","","mkiani"
"","","mguuni"
"","fill_in_the_blanks","Rangi zote tofauti zilimkumbusha Mbweha kila mara kutokuwa mjinga tena."
"","","mjinga"
"","","mwenye furaha"
"","","mjanja"
"","","mbinafsi"
"","meanings","kungara"
"","","kutoa au kuhakisi mwanga"
"","meanings","tofauti"
"","","sio sahawia kama mwanzo au kama mwingine kuhusu kitu fulani"
"","meanings","tambaa"
"","","kusogea mbele kwa mikono na miguu"
"","meanings","lalamika"
"","","kuelezea kutokuridhishwa au kukasirishwa na kitu"
"","picture","tawi"
"","picture","jua"
"","picture","kichaka"
"","picture","kondoo"
"","words","kulala"
"","words","mzuri"
"","words","chakavu"
"","words","kukumbushwa"
"Meno_aina_gani","multiple_choice","mamba alikua na meno ya namna gani?"
"","","makali"
"","","butu"
"","","yenye kung'aa"
"","","marefu"
"","multiple_choice","nani hana meno?"
"","","ndege"
"","","papa"
"","","ng'ombe"
"","","simba"
"","multiple_choice","nini kimetokea katika meno yangu ya mbele?"
"","","yameng'oka"
"","","yamekua machafu"
"","","yamekua mazuri"
"","","yamevunjika"
"","fill_in_the_blanks","Simba wote wana meno makubwa"
"","","meno"
"","","mkia"
"","","miguu"
"","","uso"
"","fill_in_the_blanks","Ng'ombe ana meno ya nguvu kwaajili ya kusagia chakula"
"","","chakula"
"","","vitabu"
"","","pembe"
"","","maji"
"","fill_in_the_blanks","panya wana meno ya mbele makubwa"
"","","panya"
"","","Ng'ombe"
"","","Simba"
"","","Papa"
"","meanings","mbele"
"","","ni sehemu ya kitu inayotangulia kuonekana kwanza"
"","meanings","ndefu"
"","","yenye uwezo wa kupima umbali kutoka mwanzo hadi mwisho"
"","meanings","saga"
"","","kupunguza ukubwa wa kitu kuwa katika chembe ndogo au kuwa unga"
"","meanings","Makali"
"","","iliyochongoka yenye uwezo wa kukaka vitu"
"","picture","Ng'ombe"
"","picture","Mamba"
"","picture","Panya"
"","picture","Papa"
"","words","Meno"
"","words","Makali"
"","words","Nguvu"
"","words","Anguka"
"Mimi_na_familia_yangu","multiple_choice","Nina angalia nini angani?"
"","","ndege"
"","","samaki"
"","","miti"
"","","twiga"
"","multiple_choice","ni kitu gani mimi kima na nyani wangu tunakula"
"","","ndizi"
"","","Maharagwe"
"","","Mchele"
"","","Mkate"
"","multiple_choice","huwa nina imba na nani kando ya ziwa?"
"","","Bwana Nyoka"
"","","Nyani"
"","","Twiga"
"","","Kobe"
"","fill_in_the_blanks","Mimi na Ndege wangu tunamkuta Sokwe mtini."
"","","Sokwe"
"","","Nyoka"
"","","Twiga"
"","","Kobe"
"","fill_in_the_blanks","Mimi, Twiga na Nyani tunatengeneza Mpira kwenye udongo"
"","","udongo"
"","","mti"
"","","ndizi"
"","","majani"
"","fill_in_the_blanks","Mimi na familia yangu nzima tunaishi pamoja kwa furaha kubwa!"
"","","furaha"
"","","maombolezo"
"","","afya"
"","","utajiri"
"","picture","kobe"
"","picture","twiga"
"","picture","nyani"
"","picture","ndizi"
"","picture","kima"
"","picture","nyoka"
"","picture","wingu"
"","picture","ndege"
"","words","mti"
"","words","kilima"
"","words","udongo"
"","words","upendo"
"Mke_Mti","multiple_choice","kwanini mzee alikua na huzuni?"
"","","kwasababu hakua na mke"
"","","kwasababu hakua na shamba"
"","","kwasbabau hakua na fedha"
"","","kwasababu hakua na mifugo"
"","multiple_choice","alimtengeneza nani kutoka kwenye gogo la mti?"
"","","mwanamke mrembo"
"","","mbuzi"
"","","mbwa"
"","","ng'ombe"
"","multiple_choice","mzee alimtuma nani akamwimbie mkewe?"
"","","njiwa wawili"
"","","wasichana"
"","","wavulana"
"","","mbuzi"
"","fill_in_the_blanks","Alipokuwa chini ya mti siku moja, alipata wazo zuri sana."
"","","zuri"
"","","baya"
"","","la kijinga"
"","","la furaha"
"","fill_in_the_blanks","Inawezekanaje mzee kama huyu kumwoa msichana mrembo namna hii!"
"","","mrembo"
"","","mbaya"
"","","mrefu"
"","","tajiri"
"","fill_in_the_blanks","Na baada ya kupata maji na kupigwa na miale ya jua lile gogo liliota majani tena kama zamani."
"","","majani"
"","","nywele"
"","","matunda"
"","","mboga"
"","meanings","eproni"
"","","kitambaa kinachofungwa mbele ya nguo nyingine kwaajili ya kuzuia uchafu usiifike nguo ya ndani"
"","meanings","upole"
"","","mwenye uvumilivu na tabia njema"
"","meanings","nyingi"
"","","kiasi kilichozidi kiwango au kias chenye kutosheleza"
"","meanings","ng'ombe"
"","","mnyama mkubwa mwenye pembe na kwato"
"","meanings","Iba"
"","","Kuchukua kitu cha mtu bila ruhusa yake"
"","meanings","sigh"
"","","kupumua kwa nguvu. Kuashiria huzuni"
"","meanings","faraja"
"","","hali ya mtu kutiwa moyo kwenye shida, tatizo au maradhi"
"","meanings","Lugha"
"","","Njia ya mawasiliano"
"","picture","mti"
"","picture","eproni"
"","picture","kondoo"
"","picture","kuingia"
"","picture","nyamba"
"","picture","pete"
"","picture","jani"
"","picture","ndege"
"","words","rutuba"
"","words","kuvunjika"
"","words","hamu"
"","words","yanapokua"
"Mpira_wangu_mwekundu","fill_in_the_blanks","mpira wangu mwekundu"
"","","nyekundu"
"","","bluu"
"","","kijani"
"","","njano"
"","fill_in_the_blanks","Nimeugonga mpira wangukwa nguvu"
"","","Ninaupiga"
"","","Ninaurusha"
"","","Ninausukuma"
"","","Ninaudundisha"
"","fill_in_the_blanks","Mpira wangu upo juu ya mwezi"
"","","mwezi"
"","","jua"
"","","wingu"
"","","mti"
"","picture","mwezi"
"","picture","nyumba"
"","picture","mpira"
"","picture","mti"
"","words","wapi"
"","words","kuondoka"
"","words","juu"
"","words","wakati"
"Mtende","multiple_choice","kivuli cha mtende kipoje?"
"","","kizuri"
"","","cha moto"
"","","cha uvuguvugu"
"","","kimelowa"
"","multiple_choice","tutumia mbegu za mtende kufanyia nini?"
"","","kutengenezea mafuta"
"","","kula"
"","","kunywa"
"","","kuchezea"
"","multiple_choice","tunatengeneza nini kutoka kwenye majani ya mtende?"
"","","mikeka"
"","","nguo"
"","","vutabu"
"","","viatu"
"","fill_in_the_blanks","Unaweza kusitawi wakati mimea yote mingine imekauka."
"","","imekauka"
"","","imelowa"
"","","imechafuka"
"","","ya baridi"
"","fill_in_the_blanks","tunatumiaTunatumia majani ya mtende kuezeka nyumba zetu."
"","","nyumba"
"","","sakafu"
"","","viwanja"
"","","mti"
"","fill_in_the_blanks","Sasa umefahamu kwa nini mtende ni muhimu sana?"
"","","muhimu"
"","","salama"
"","","takataka"
"","","si wa muhimu"
"","picture","matunda"
"","picture","jiko"
"","picture","ufagio"
"","picture","mtende"
"","words","sema"
"","words","tunda"
"","words","angalia"
"","words","ufagio"
"Mtoto_wa_Tembo_Mdadisi","multiple_choice","hapo kale pua ya tembo ilikuaje?"
"","","fupi na nene"
"","","mrefu"
"","","mwembamba"
"","","nyeupe"
"","multiple_choice","nani alimpeleka mtoto tembo mtoni"
"","","kunguru"
"","","kiboko"
"","","kifaru"
"","","twiga"
"","multiple_choice","nani alikamata pua ya Tembo"
"","","mamba"
"","","kunguru"
"","","mama"
"","","kiboko"
"","fill_in_the_blanks","Alikua na maswali kwa kila mnyama"
"","","maswali"
"","","zawadi"
"","","matunda"
"","","ua"
"","fill_in_the_blanks","Unaweza kunieleza wanachokula mamba jioni?"
"","","jioni"
"","","asubuh"
"","","mchana"
"","","kuchekesha"
"","fill_in_the_blanks","mkonga wake ulikua mkubwa, aliweza kuoga kwa kutumia mkonga wake"
"","","kuoga"
"","","kulala"
"","","kuimba"
"","","kutembea"
"","meanings","kutokukubalika"
"","","hali ya mtu kutokukubalika"
"","meanings","katikati"
"","","sehemu yenye kuunganisha umbali sawa kutoka pande mbili"
"","meanings","shauku"
"","","kuwa na hamu ya kujua kitu au kujifunza kitu"
"","meanings","ncha"
"","","sehemu iliyochongoka ya kitu"
"","meanings","taya"
"","","mfupa wa juu na chini wa mdomo"
"","meanings","mwanzi"
"","","mmea mrefu na mwemba, jamii ya nyasi"
"","meanings","skwak"
"","","kufanya sauti ya nguvu yenye kelele"
"","meanings","muhimu"
"","","kuwa na uwezo wa kutumika  zaidi ya mara moja, sehemu mbali mbali"
"","picture","mamba"
"","picture","twiga"
"","picture","tembo"
"","picture","kiboko"
"","words","kiatu"
"","words","swali"
"","words","kutembea"
"","words","chini"
"Mtu_na_Simba","multiple_choice","mtu alikutana na nani alipokua akitembea"
"","","simba"
"","","twiga"
"","","kifaru"
"","","kunguru"
"","multiple_choice","mtu alijisikiaje alipomuona simba"
"","","aliogopa"
"","","alikua na furaha"
"","","alihuzunika"
"","","alikua na njaa"
"","multiple_choice","mtu alifanyaje mwishoni?"
"","","alitoroka"
"","","alikaa"
"","","alisimama"
"","","alilala"
"","fill_in_the_blanks","simba alipumzika kwenye nyasi fupi"
"","","nyasi"
"","","mti"
"","","mmea"
"","","uwanja"
"","fill_in_the_blanks","kulikua na mngurumo mdogo tumboni mwa simba kwasabbau alikua na njaa"
"","","njaa"
"","","furaha"
"","","usingizi"
"","","urafiki"
"","fill_in_the_blanks","Wote waliamka wakiwa wamechanganyikiwa na kuogopa."
"","","wamechanganyikiwa"
"","","wakiwa kimya"
"","","wakiwa na haraka"
"","","wakiwa wavivu"
"","meanings","ghafla"
"","","yenye kutokea au kufanyika haraka pasipo kutarajia"
"","meanings","kunguruma"
"","","kufanya sauti ya kuendelea ndani ya taratibu"
"","meanings","mshangao"
"","","kitu kisichotarajiwa"
"","meanings","uelekeo"
"","","sehemu ambayo mtu au kitu kinaelekea"
"","picture","nyasi"
"","picture","simba"
"","picture","kichaka"
"","picture","mti"
"","words","kikao"
"","words","tumbo"
"","words","chakula"
"","words","usingizi"
"Mwanamme_mrefu","multiple_choice","mlango wake ulikuaje?"
"","","chini mno"
"","","mrefu sana"
"","","mchafu sana"
"","","msafi sana"
"","multiple_choice","mtu alikauje?"
"","","alikua mrefu"
"","","alikua mnene"
"","","alikua mfupi"
"","","alikua mwembamba"
"","multiple_choice","mtu mrefu aliishi wapi mwishoni?"
"","","msituni"
"","","mjini"
"","","madukani"
"","","kijijini"
"","fill_in_the_blanks","kitandani chake kilikua kifupi"
"","","kitanda"
"","","mguu"
"","","dirisha"
"","","mti"
"","fill_in_the_blanks","alitengeneza fremu ndefu za mlango"
"","","mlango"
"","","uzio"
"","","jembe"
"","","kitanda"
"","fill_in_the_blanks","aliketi juu ya kiti kilichokua juu sana"
"","","kiti"
"","","kitanda"
"","","meza"
"","","nyumba"
"","picture","mlango"
"","picture","kitanda"
"","picture","jembe"
"","picture","baiskeli"
"","picture","kiti"
"","picture","nyumba"
"","picture","uma"
"","picture","mti"
"","words","fupi"
"","words","baiskeli"
"","words","mkono"
"","words","miaka"
"Mwanamme_na_Mwanamke_wa_Kwanza","multiple_choice","wakina nani walikua chini ya dimbwi?"
"","","nyoka wawili"
"","","vyura"
"","","samaki"
"","","kobe"
"","multiple_choice","nyoka walitaka kutembeaje juu ya ardhi?"
"","","kutembea kwa miguu"
"","","kutambaa"
"","","kupaa"
"","","kuruka ruka"
"","multiple_choice","nyoka walibadilika na kuwaje walipofika juu ya ardhi?"
"","","mke na mume"
"","","ndege"
"","","vyura"
"","","vima"
"","fill_in_the_blanks","wale nyoka wakaweza kuona ardhi kule juu."
"","","ardhi"
"","","Anga"
"","","kilima"
"","","mti"
"","fill_in_the_blanks","mikia yao iligawanyika mara mbili"
"","","mikia"
"","","nywele"
"","","miguu"
"","","ngozi"
"","fill_in_the_blanks","na tutalinda nyasi na miti"
"","","miti"
"","","vilima"
"","","mito"
"","","mabwawa"
"","meanings","kiumbe"
"","","kiumbe kinachotofautiana na binadamu"
"","meanings","dhaifu"
"","","rahisi kuharibika au kuvunjika au kuugua"
"","meanings","kutoboa"
"","","kuingia ndani zaidi"
"","meanings","mfano"
"","","urembo au pambo lenye kurudiwa"
"","meanings","taa"
"","","mwanga au kitu chenye kufanya mwanga"
"","meanings","mnyama"
"","","aina ya mnyama  hatari mwenye miguu minne"
"","meanings","uso"
"","","muonekane wa nje wa kitu"
"","meanings","uvuguvugu"
"","","joto lisilozidi sana wala lisilopungua sana"
"","picture","nyoka"
"","picture","jua"
"","picture","kibanda"
"","picture","mti"
"","words","blanketi"
"","words","ukimya"
"","words","chini"
"","words","pamoja"
"Mwezi_na_Kofia","multiple_choice","baba alimnunulia nini kaka mkubwa?"
"","","miwani ya kupenda"
"","","begi"
"","","vitabu"
"","","kofia"
"","multiple_choice","upepo ulipeperusha nini?"
"","","kofia"
"","","nguo"
"","","kiti"
"","","karatasi"
"","multiple_choice","nani alivaa kofia yangu?"
"","","mwezi"
"","","jua"
"","","baba"
"","","kaka"
"","fill_in_the_blanks","mtoto alipata peremende"
"","","mtoto"
"","","kaka"
"","","dada"
"","","baba"
"","fill_in_the_blanks","Kofia yangu ilizuiliwa katika matawi ya mti wa miiba."
"","","matawi"
"","","majani"
"","","matunda"
"","","ua"
"","fill_in_the_blanks","Sikuwa na budi ila kutabasamu pia."
"","","kutabasamu"
"","","kununa"
"","","kucheak"
"","","kulia"
"","meanings","pipi"
"","","pipi"
"","meanings","kukwama"
"","","kuweka kitu kwenye kitu fulani"
"","meanings","ngara"
"","","kitu chenye kuhakisi mwanga"
"","meanings","dhana"
"","","kufafanua katika muundo au mapambo"
"","picture","miwani"
"","picture","mwezi"
"","picture","pipi"
"","picture","kofia"
"","words","mkali"
"","words","nguvu"
"","words","kutazama"
"","words","furaha"
"Nausikiliza_mwili_wangu","multiple_choice","kwanini siendi shule leo"
"","","kwasababu ni likizo"
"","","kwasababu naumwa"
"","","kwasababu mama aliniambia nisiende"
"","","kwasababu sipendi kwenda shule"
"","multiple_choice","ninaenda kufanya nini leo?"
"","","kuusikiliza mwili wangu"
"","","kutazama TV"
"","","kucheza nje"
"","","kulala siku nzima"
"","multiple_choice","Je, naweza kuufanya moyo wangu kwenda mbio au kudunda kwa sauti ya juu?"
"","","kwa kuruka juu na chini mara nyingi"
"","","kwa kula haraka"
"","","kwa kulala"
"","","kwa kusoma"
"","fill_in_the_blanks","Nikiweka kidole changu mkononi, nitaweza kuusikia mpigo wa moyo wangu!"
"","","mkononi"
"","","kichwani"
"","","mguuni"
"","","usoni"
"","fill_in_the_blanks","Na mapua yangu yananusa keki ipikwayo jikoni na mama."
"","","mapua"
"","","jicho"
"","","sikio"
"","","mdomo"
"","fill_in_the_blanks","Leo hakuna umeme. Sitatazama runinga."
"","","sitatazama"
"","","kimbia"
"","","tembea"
"","","sitalala"
"","meanings","oka"
"","","kupika chakula kwa joto kavu"
"","meanings","umeme"
"","","nishati inayotokana na chembe zilizochajiwa"
"","meanings","mapigo"
"","","matendo yanayofanywa na mishima ya damu ya ateri pindi damu ipitapo ndani yake"
"","meanings","kutafuna"
"","","kung'ata chakula mdomoni kwa kutumia meno"
"","words","sahule"
"","words","sikiliza"
"","words","kulainisha"
"","words","kucheka"
"Ndovu_na_vyura","multiple_choice","nani alikua mfalme wa mwitu"
"","","simba"
"","","tembo"
"","","chura"
"","","mdudu"
"","multiple_choice","kwanini alituma wanyama kwenye ziwa dogo"
"","","kukomesha kelele"
"","","kunywa maji"
"","","kukamata wanyama wengine"
"","","kuleta udongo"
"","multiple_choice","ndovu aliwekwa wapi?"
"","","gerezani"
"","","msituni"
"","","ziwani"
"","","mtini"
"","fill_in_the_blanks","ndovu alitumwa nje kuwa mlinzi"
"","","ndovu"
"","","chura"
"","","simba"
"","","mdudu"
"","fill_in_the_blanks","Mfalme Simba alimuuliza ndovu kuwaita vyura waende kuwala wadudu."
"","","vyura"
"","","kiboko"
"","","nyoka"
"","","ndege"
"","fill_in_the_blanks","Mfalme aliwaambia wanyama wote wafanye kila alilosema wakati wote."
"","","mfalme"
"","","ndovu"
"","","kiboko"
"","","twiga"
"","meanings","kufanikiwa"
"","","kufikia malengo"
"","meanings","kujitolea"
"","","hali ya kuwa tayari kufanya kitu bila malipo yoyote"
"","meanings","uoga"
"","","hali ya kutokua na ujasiri katika jambo au kitu"
"","meanings","ulinzi"
"","","kutazama kila mahali kwa lengo la kulinda"
"","picture","ngome"
"","picture","ndovu"
"","picture","lori"
"","picture","chura"
"","words","usiku"
"","words","wanandoa"
"","words","wadudu"
"","words","gerezani"
"Ng_ombe_mwenye_pembe_moja","multiple_choice","ng'ombe ana pembe ngapi?"
"","","moja"
"","","mbili"
"","","tatu"
"","","nne"
"","fill_in_the_blanks","nyumbani kwetu kuna ng'ombe mzuri"
"","","mzuri"
"","","mbaya"
"","","mweusi"
"","","wa njano"
"","fill_in_the_blanks","mchungaji anampenda sana ng'ombe huyu"
"","","mchungaji"
"","","baba"
"","","mama"
"","","kaka"
"","fill_in_the_blanks","malishoni, Ngombe huyu hula peke yake"
"","","hula"
"","","hutembea"
"","","huruka"
"","","hulala"
"","picture","ng'ombe"
"","picture","uzio"
"","picture","kibanda"
"","picture","mvulana"
"","words","pembe"
"","words","mrefu"
"","words","tumbo"
"","words","mpiganaji"
"Ng_ombe_wetu_Pendo","multiple_choice","Ndalo hupenda kufanya nini?"
"","","kusoma vitabu"
"","","kucheza nje"
"","","kwenda shule"
"","","kurusha mawe"
"","multiple_choice","Pendo anapendelea kula nini?"
"","","karoti"
"","","nyasi"
"","","maharagwe"
"","","wali"
"","multiple_choice","baba humpa nini pendo"
"","","nafaka"
"","","epo"
"","","chungwa"
"","","karoti"
"","fill_in_the_blanks","Ndalo humfuga Pendo baada ya shule"
"","","baada"
"","","kabla"
"","","wakati"
"","","akiwa"
"","fill_in_the_blanks","Pendo hutupatia maziwa mengi"
"","","maziwa"
"","","maji"
"","","chai"
"","","kahawa"
"","fill_in_the_blanks","Ndalo hunywa maziwa mengi kila siku"
"","","maziwa"
"","","maji"
"","","uji"
"","","chai"
"","picture","karoti"
"","picture","ng'ombe"
"","picture","chombo"
"","picture","maji"
"","words","kuchunga"
"","words","maziwa"
"","words","maji"
"","words","nafaka"
"Ninapenda_kusoma","multiple_choice","mtoto anafanya nini?"
"","","amelala"
"","","anacheza"
"","","anakula"
"","","anakunywa"
"","multiple_choice","mama anafanya nini?"
"","","anapika"
"","","anafanya usafi"
"","","analala"
"","","anakula"
"","multiple_choice","baba anafanya nini?"
"","","anarekebisha gari"
"","","anasoma gazeti"
"","","anaenda kazini"
"","","anaongea"
"","picture","gari"
"","picture","nyumba"
"","picture","mtoto"
"","picture","kijiko"
"","words","kusoma"
"","words","kupika"
"","words","peke"
"","words","kulala"
"Panya","multiple_choice","panya mmoja aliishi wapi?"
"","","nyikani"
"","","uwanjani"
"","","shimoni"
"","","kwenye paa"
"","multiple_choice","nani alitega mtego wenye sukari?"
"","","mwenye nyumba"
"","","seremala"
"","","muuza duka"
"","","panya"
"","multiple_choice","nani alikamatwa kwenye mtego?"
"","","panya wa nyumba"
"","","panya wa nyikani"
"","","mwenye nyumba"
"","","ndege"
"","fill_in_the_blanks","tunakula vyakula vingi mno"
"","","vyakula"
"","","vitabu"
"","","makaratasi"
"","","vikombe"
"","fill_in_the_blanks","Macho yake yakabubujika kama mbilinganyi."
"","","mbilinganyi"
"","","sukari"
"","","keki"
"","","karoti"
"","fill_in_the_blanks","Kuwepo nyumbani kunako chakaa mradi kwako ni bora kuliko kuwepo nyumbani kuzuri sana angalau ni nyumba ya jirani yako."
"","","better"
"","","chakaa"
"","","sawa"
"","","inayofaa"
"","meanings","hasira"
"","","hasira kubwa"
"","meanings","kuvimba"
"","","sehemu ya duara iliyoumuka"
"","meanings","isiyo ya kawaida"
"","","kumshangaza mtu"
"","meanings","tukuza"
"","","kumfanya mtu kuwa juu,"
"","picture","nyumba"
"","picture","gunia"
"","picture","panya"
"","picture","mtego"
"","words","vibaya"
"","words","tofauti"
"","words","kukekerwa"
"","words","kufikia"
"Rafiki_ninayemkosa","multiple_choice","rafiki yangu anaitwa nani?"
"","","muthoni"
"","","sarah"
"","","alice"
"","","farah"
"","multiple_choice","Muthoni na Mimi tulicheza nini?"
"","","michezo tofauti karibu na nyumba"
"","","mpira"
"","","kukimbia"
"","","karata"
"","multiple_choice","nilimsubiri wapi Muthoni?"
"","","shule"
"","","nyumbani"
"","","mbugani"
"","","dukani"
"","fill_in_the_blanks","nilijificha kwenye miti mkubwa wakati Muthoni alipoenda kwenye nyumba"
"","","miti"
"","","mawe"
"","","ukuta"
"","","nyasi"
"","fill_in_the_blanks","nilimwambia mama yangu kuhusu rafiki yangu Muthoni"
"","","mama"
"","","baba"
"","","kaka"
"","","dada"
"","fill_in_the_blanks","tulienda kuokota kuni pamoja"
"","","kuni"
"","","kahawa"
"","","vitabu"
"","","karatasi"
"","meanings","kuchota"
"","","nenda mbali kisha kirudishe"
"","meanings","mahafali"
"","","kuhitimu taaluma fulani"
"","meanings","haraka"
"","","bila kuchelewa"
"","meanings","sahau"
"","","kushindwa kukumbuks"
"","picture","sofa"
"","picture","kikombe"
"","picture","nyumba"
"","picture","meza"
"","words","asubuh"
"","words","kifungua"
"","words","nyuma"
"","words","endelea"
"Rangi_za_upinde","multiple_choice","upinde una rangi ngapi?"
"","","saba"
"","","tano"
"","","moja"
"","","kumi"
"","multiple_choice","anga ina rangi gani?"
"","","bluu"
"","","kijani"
"","","njano"
"","","nyekundu"
"","multiple_choice","miwa ni rangi gani?"
"","","kijani"
"","","bluu"
"","","njano"
"","","nyekundu"
"","fill_in_the_blanks","ranfi ya kwanza ya upinde ni red"
"","","nyekundu"
"","","njano"
"","","kijani"
"","","bluu"
"","fill_in_the_blanks","rangi ya saba ya upinde ni zambarau"
"","","zambarau"
"","","njano"
"","","kijani"
"","","bluu"
"","fill_in_the_blanks","yai pingu lina rangi ya manjano"
"","","manjano"
"","","nyekundu"
"","","kijani"
"","","bluu"
"","picture","yai"
"","picture","shati"
"","picture","chungwa"
"","picture","ndizi"
"","picture","alizeti"
"","picture","ua"
"","picture","upinde wa mvua"
"","picture","chura"
"","words","upinde"
"","words","kuvaa"
"","words","bustani"
"","words","zabibu"
"Sababu_Chura_kuwa_na_Sura_Mbaya","multiple_choice","nani alikua rafiki wa mjusi?"
"","","chura"
"","","ndege"
"","","simba"
"","","kiboko"
"","multiple_choice","walienda wapi kutafuta wasichana wapenzi?"
"","","mjiini"
"","","kilimani"
"","","mtoni"
"","","kijijini"
"","multiple_choice","chura alifanya nini kuifanya ngozi yake iwe ya kumetameta"
"","","alijitumbukiza kwenye maji ya moto"
"","","alikula epo"
"","","alimuona daktari"
"","","alikaa juani"
"","fill_in_the_blanks","Chura alimwonea Mjusi wivu kwa vile ngozi yake ilimetameta na kuvutia."
"","","ilimetameta"
"","","iliungua"
"","","ilikua mb aya"
"","","ilikua ya moto"
"","fill_in_the_blanks","tia maji chunguni  kisha weka mekoni"
"","","maji"
"","","sabuni"
"","","maharagwe"
"","","mboga"
"","fill_in_the_blanks","ngzo yake iliungua na mkia wake ulikatika"
"","","mkia"
"","","mguu "
"","","jicho"
"","","ulimi"
"","meanings","kung'ara"
"","","yenye kuhakisi mwanga"
"","meanings","kipaji"
"","","mwenye akili sana"
"","meanings","tayari"
"","","kabla au hali ya sasa"
"","meanings","badala"
"","","kwa namna nyingine, au kwa njia nyingine"
"","picture","mjusi"
"","picture","bomba"
"","picture","chombo"
"","picture","vyura"
"","words","marafiki"
"","words","kusikiliza"
"","words","kufika"
"","words","mrembo"
"Sayari_Jua_ya_Saba","multiple_choice","hapo zamani za kale kulikua na sayari jua ngapi angani?"
"","","saba"
"","","moja"
"","","tatu"
"","","kumi"
"","multiple_choice","sayari jua ya saba ilijificha wapi?"
"","","nyuma ya mlima"
"","","kisimani"
"","","kwenye pango"
"","","nyuma ya wingu"
"","multiple_choice","sayari jua huchomoza ikisikia sauti gani?"
"","","ya jogoo"
"","","ya simba"
"","","ya tausi"
"","","ya tembo"
"","fill_in_the_blanks","Walizirushia mishale lakini wakaweza kuziua sayari jua sita pekee."
"","","mishale"
"","","mikuki"
"","","mawe"
"","","bunduki"
"","fill_in_the_blanks","Baada ya sayari jua sita kuuawa, giza lilitanda kila mahali."
"","","giza"
"","","mwanga"
"","","furaha"
"","","rangi rangi"
"","fill_in_the_blanks","Sungura aliwaeleza wanyama wengine kwamba sayari jua ya saba bado likuwa hai na likuwa imeejificha nyuma ya mlima."
"","","sungura"
"","","tembo"
"","","jogoo"
"","","simba"
"","meanings","kabila"
"","","mgawanyiko wa kikundi cha watu katika jamii kinachohusu muungano wa familia kadhaa"
"","meanings","kuwasihi"
"","","kuomba kurudiwa kitu au kubembeleza kitu fulani kiwe sawa"
"","meanings","kuchanganyikiwa"
"","","hali ya kutokujua nini kitatokea"
"","meanings","tarumbeta"
"","","fanya sauti kubwa yenye kupenya mahali pote"
"","meanings","kutoa"
"","","kumpa mtu kitu fulani"
"","meanings","kuondoka"
"","","kutokujihisi shida tena, au kuwa huru"
"","meanings","akawika"
"","","kuongea kwa sauti kubwa"
"","meanings","kuchungulia"
"","","kuangalia kitu kwa kujificha katika uwazi mdogo"
"","picture","mshale"
"","picture","jua"
"","picture","kilima"
"","picture","Tausi"
"","picture","sungura"
"","picture","tembo"
"","picture","swala"
"","picture","jogoo"
"","words","milikiwa"
"","words","giza"
"","words","utatuzi"
"","words","upole"
"Shati_la_kijani_kibichi","multiple_choice","Hamisi aliitaji nini?"
"","","sare za shule"
"","","mwanasesere"
"","","kitabu"
"","","begi"
"","multiple_choice","hamisi aliona nini?"
"","","shati la kupendeza sanai"
"","","mbwa"
"","","matunda"
"","","pipi"
"","multiple_choice","leo ni siku gani kwa hamisi?"
"","","siku ya bahati"
"","","siku isiyo ya bahati"
"","","siku mbaya"
"","","siku ya huzuni"
"","fill_in_the_blanks","Siku moja Hamisi na babake walienda sokoni"
"","","sokoni"
"","","mgahawani"
"","","shuleni"
"","","kikaoni"
"","fill_in_the_blanks","Sina pesa za ziada za kukununulia shati kama hilo."
"","","pesa"
"","","maharagwe"
"","","nguo"
"","","vifungo"
"","fill_in_the_blanks","Baada ya kulipia sare, baba alitambua kuwa alikuwa na pesa zilizobaki za kununua shati la kijani kibichi"
"","","alitambua"
"","","alijutia"
"","","alichanganyikiwa"
"","","huzuni"
"","picture","sare"
"","picture","shati"
"","picture","mfuko"
"","picture","duka"
"","words","sare"
"","words","soko"
"","words","kushangaa"
"","words","chagua"
"Siafu_amwokoa_Njiwa","multiple_choice","siafu mdogo hakua amepata nini kwa muda mrefu?"
"","","maji"
"","","chakula"
"","","pipi"
"","","mboga mboga"
"","multiple_choice","nani alimuokoa siafu?"
"","","njiwa"
"","","skwaro"
"","","John na Petro"
"","","mamba"
"","multiple_choice","siafu alifanya nini kumuokoa njiwa?"
"","","alimuuma Petro"
"","","Alimpiga Petro"
"","","Alimuonya njiwa"
"","","Alimzuia Petro"
"","fill_in_the_blanks","ilikua siku yenye joto jingi"
"","","joto"
"","","baridi"
"","","mvua"
"","","barafu"
"","fill_in_the_blanks","Siafu Mdogo alifika mtoni akayanywa maji baridi."
"","","baridi"
"","","moto"
"","","machachu"
"","","machungu"
"","fill_in_the_blanks","Njiwa Mweupe alishtuka akaondoka."
"","","alishtuka"
"","","aliruka"
"","","alifurahi"
"","","aliimba"
"","meanings","chubwii"
"","","sauti inayofanywa na kitu kilichotumbukia kwenye kimiminika"
"","meanings","sana"
"","","kuzidi kiwango"
"","meanings","kishungi"
"","","rundo la nyasi au makusanyo ya nyasi"
"","meanings","fagia"
"","","kusogeza kitu kwa nguvu kubwa"
"","picture","siafu"
"","picture","skwaro"
"","picture","kombeo"
"","picture","njiwa"
"","picture","tawi"
"","picture","maji"
"","picture","jani"
"","picture","mti"
"","words","joto"
"","words","kuzama"
"","words","kuokoa"
"","words","usiku"
"Siku_ambayo_Jua_lilipotea","multiple_choice","mama jua aliamua kumtembelea nani?"
"","","dada yake mwezi"
"","","kilima"
"","","dunia"
"","","pango"
"","multiple_choice","milima ilivalia nini mama jua alipoondoka?"
"","","vitambaa vyeupe"
"","","nguo za kijani"
"","","miwani ya bluu"
"","","kofia nyeusi"
"","multiple_choice","nani alianza kulia"
"","","mawingu"
"","","milima"
"","","miti"
"","","upepo"
"","fill_in_the_blanks","upepo ulibishana na miti"
"","","upepo"
"","","milima"
"","","jua"
"","","mwezi"
"","fill_in_the_blanks","Anga lilifurahia sana kumwona Jua, likabadilika rangi ya bluu."
"","","bluu"
"","","kijani"
"","","nyekundu"
"","","nyeupe"
"","fill_in_the_blanks","Miti ilinyoosha matawi yake na kutabasamu."
"","","kutabasamu"
"","","kulia"
"","","kulalamika"
"","","kunyon'onyea"
"","meanings","kung'arang'ara"
"","","kung'ara kwa mwanaga tofauti tofauti"
"","meanings","kubishana"
"","","kutoa maelezo tofauti"
"","meanings","alitabasamu"
"","","kufurahi taratibu bila kutoa sauti"
"","meanings","kunung'unika"
"","","kulalamika kuhusu kitu kibaya kwa hasira"
"","picture","mwezi"
"","picture","maua"
"","picture","wingu"
"","picture","jani"
"","picture","nyota"
"","picture","jua"
"","picture","maji tone"
"","picture","mti"
"","words","mfupi"
"","words","kuamua"
"","words","mlima"
"","words","kuwa"
"Siku_tuliyouona_upinde_Day_we_saw_the_rainbow","multiple_choice","kobole aliishi wapi?"
"","","katika kijiji kidogo"
"","","katika milima"
"","","mjini"
"","","madukani"
"","multiple_choice","kobole aliona nini angani?"
"","","upinde wa mvua"
"","","wingu"
"","","jua"
"","","mwezi"
"","multiple_choice","Neno alifikiri nini kuhusu upinde wa mvua?"
"","","Ni rangi tofauti zinamwagika kutoka angani."
"","","ni shuka zuri"
"","","ni picha"
"","","ni uongo"
"","fill_in_the_blanks","Niliona mistari ya rangi tofauti angani."
"","","mistari"
"","","maduara"
"","","pembe tatu"
"","","miraba"
"","fill_in_the_blanks","Niliwapata watu wamesimama nje wakitazama juu kwa mshangao."
"","","mshangao"
"","","radhi"
"","","kwa furaha"
"","","kwa hasira"
"","fill_in_the_blanks","umeshawahi kuuona upinde wa mvua?"
"","","upinde wa mvua"
"","","maji"
"","","wingu"
"","","anga"
"","picture","nyumba"
"","picture","upinde wa mvua"
"","picture","vijiji"
"","picture","kichaka"
"","words","kuokota"
"","words","rangi"
"","words","shangazwa"
"","words","mbali"
"Sungura_mjanja_Hare_the_trickster","multiple_choice","Ndovu alikua nani?"
"","","chungu chenye asali"
"","","ndizi"
"","","miwa"
"","","mianzi"
"","multiple_choice","walimuona nani mtoni?"
"","","nyati"
"","","twiga"
"","","punda milia"
"","","mbwa"
"","multiple_choice","sungura aliwafunga Ndovu na Nyati kwa kutumia nini?"
"","","kamba ndefu"
"","","uzi"
"","","karatasi"
"","","nywele"
"","fill_in_the_blanks","Sungura alianza kula asali ya Ndovu!"
"","","asali"
"","","ndizi"
"","","epo"
"","","embe"
"","fill_in_the_blanks","Sungura alijificha Mtini"
"","","mtini"
"","","mwamba"
"","","mto"
"","","wingu"
"","fill_in_the_blanks","Sungura alimshangilia Nyati  akisema kwamba yeye ndiye mwenye nguvu zaidi."
"","","nyati"
"","","Ndovu"
"","","ndege"
"","","chura"
"","meanings","kidonda"
"","","sehemu iliyoumia kwenye ngoza kwa kukatwa"
"","meanings","hata mmoja"
"","","sio yeyote kati yao"
"","meanings","kiuno"
"","","sehemu ya mwili wa binadamu iliyopo katikakati ya mbavu na makalio"
"","meanings","tone"
"","","maji yenye kuanguka kidogokidogo"
"","picture","sufuria"
"","picture","nyati"
"","picture","Ndovu"
"","picture","sungura"
"","words","kunywa"
"","words","yenye"
"","words","kubisha"
"","words","karibu"
"Teksi_ya_Nanu_Nanu_s_taxi","multiple_choice","Nanu alikua anamsubiria nani?"
"","","Teksi"
"","","basi"
"","","mashua"
"","","lori"
"","multiple_choice","wanawake walikua wanapeleka wapi chajio?"
"","","vichwani mwao"
"","","kwenye mabegi yao"
"","","mikononi mwao"
"","","mifukoni mwao"
"","multiple_choice","teksi ni ya rangi gani?"
"","","nyekundu"
"","","bluu"
"","","kijani"
"","","njano"
"","fill_in_the_blanks","vinywaji baridi ni baridi na vitamu sana"
"","","vitamu"
"","","vichachu"
"","","vichungu"
"","","vya moto"
"","fill_in_the_blanks","ndege lazima wafike nyumbani kabla ya giza kuingia"
"","","giza"
"","","mwanga"
"","","asubuhi"
"","","mchana"
"","fill_in_the_blanks","Nikiwa mkubwa, nitanunua vipuli vingi vyangu na vya mamangu."
"","","vipuli"
"","","pipi"
"","","nguo"
"","","kofia"
"","meanings","mjanja"
"","","mwenye kuelewa haraka"
"","meanings","kuku"
"","","ndege wa nyumbani anayehifadhiwa kwa kutumiwa mayai yake au nyama yake"
"","meanings","makini"
"","","kukosa umoja kutoka kwa watu"
"","meanings","vipuli"
"","","kitu chenye kuvaliwa kwenye tundu la sikio"
"","picture","duka"
"","picture","kuku"
"","picture","chupa"
"","picture","teksi"
"","words","kuuza"
"","words","kusubiri"
"","words","kupumzika"
"","words","kwaheri"
"Uji_Milk_is_good","multiple_choice","baba anapika nini kwaajili ya kifungua kinywa?"
"","","Uji"
"","","mkate"
"","","yai"
"","","nafaka"
"","multiple_choice","baba anamwagaje maziwa?"
"","","kwa upendo"
"","","haraka"
"","","taratibu"
"","","kwa uangalifu"
"","fill_in_the_blanks","Zama anafikiria uji huuu unahitaji sukari  na maziwa zaidi"
"","","maziwa"
"","","maji"
"","","walimuona nani mtoni?"
"","","maharagwe"
"","fill_in_the_blanks","maziwa yana mafuta, vitamini na kalishiam"
"","","vitamin"
"","","mchanga"
"","","mwamba"
"","","vumbi"
"","meanings","uji"
"","","chakuala kinachopikwa kwa kuchemsha nafaka au unga kwenye maji au maziwa"
"","meanings","nishati"
"","","ni nguvu inayohitajika kwaajili ya kazi za mwili na akili"
"","meanings","kalishiam"
"","","madini muhimu kwaajili ya mifupa"
"","meanings","vitamin"
"","","ni virutubisho vyenye kukuza mwili"
"","picture","gari"
"","picture","kikombe"
"","picture","jiko"
"","picture","meza"
"","words","kifungua"
"","words","vitamu"
"","words","mama"
"","words","vitamini"
"Unafanya_nini_What_are_you_doing","words","kuimba"
"","words","kupunga"
"","words","kupiga"
"","words","kuvuta"
"Upepo_Wind","multiple_choice","upepo ulibandua nini kutoka mikononi mwangu?"
"","","tiara"
"","","kofia"
"","","kitabu"
"","","saa"
"","multiple_choice","nini kilimeza?"
"","","dhoruba"
"","","wingu"
"","","kilima"
"","","pango"
"","multiple_choice","niende wapi kabla upepo haujaanza kuvuma tena?"
"","","nyumbani"
"","","shule"
"","","mbughani"
"","","nje"
"","fill_in_the_blanks","Upepo ni mkali"
"","","upepo"
"","","wingu"
"","","ndege"
"","","tiara"
"","fill_in_the_blanks","pengine tiara yangu bado inapaa angani"
"","","angani"
"","","ardhini"
"","","uwanjani"
"","","mbughani"
"","fill_in_the_blanks","siwezi kuusikia upepo tena"
"","","upepo"
"","","ngoma"
"","","sauti"
"","","sauti"
"","meanings","dhoruba"
"","","upepo unaozunguka"
"","meanings","labda"
"","","hutumika kueleza kitu ambacho hakipo au kinachotarajiwa"
"","meanings","zungusha"
"","","kugeuza kwa mzunguko haraka"
"","meanings","kumeza"
"","","kuruhusu kitu kupita kooni"
"","picture","tiara"
"","picture","mti"
"","picture","jua"
"","picture","nyumba"
"","words","nguvu"
"","words","kuwa"
"","words","isiyo"
"","words","kesho"
"Vayu_Upepo_Vayu_the_wind","multiple_choice","nani kufanywa mwili wangu uliolowa kuwa wa baridi?"
"","","Upepo"
"","","jua"
"","","mwezi"
"","","nyota"
"","multiple_choice","Mapazia ya dirishani yanafanyaje?"
"","","yanapapatika"
"","","yanaanguka chini"
"","","yanaungua chini"
"","","yanapaa"
"","multiple_choice","nini kinafika, filimbi inapopigwa?"
"","","Treni"
"","","gari"
"","","basi"
"","","wingu"
"","fill_in_the_blanks","kila ninapomaliza kuoga kwa maji moto"
"","","kuoga"
"","","kula"
"","","kuendesha"
"","","kunywa"
"","fill_in_the_blanks","ninaweza kunusa chakula anachoandaa mama"
"","","kunusa"
"","","kuonja"
"","","kusikia"
"","","kugusa"
"","fill_in_the_blanks","hufanya kazi bila kusema lolote"
"","","kusema"
"","","kuhema"
"","","kutembea"
"","","kucheza"
"","meanings","andaa"
"","","fanya kitu kuwa tayari kutumika"
"","meanings","upole"
"","","tabia njema, busara na adabu"
"","meanings","kupepea"
"","","kupaa kwa kurusha rusha mabwa haraka haraka"
"","meanings","kutetemeka"
"","","kutingishika mwili bila kutarajia"
"","picture","kikombe"
"","picture","ndoo"
"","picture","dirisha"
"","picture","taa"
"","picture","ua"
"","picture","bomba"
"","picture","kioo"
"","picture","mti"
"","words","kutokea"
"","words","mapazia"
"","words","maua"
"","words","dirishani"
"Vitu_ninavyojua_Things_I_know","multiple_choice","kuku hulalia nini?"
"","","Mayai"
"","","mboga mboga"
"","","samaki"
"","","mwamba"
"","multiple_choice","Mbwa kufanya nini?"
"","","Hubweka"
"","","moo"
"","","huunguruma"
"","","kwak kwak"
"","multiple_choice","tunatumia nini mvua ikinyesha?"
"","","mwamvuli"
"","","kikombe"
"","","moto"
"","","taa"
"","fill_in_the_blanks","ngamia ni wa muhimu sana"
"","","ngamia"
"","","paka"
"","","chura"
"","","ndege"
"","fill_in_the_blanks","Meli husafirisha watu na vitu kwenye maji"
"","","meli"
"","","magari"
"","","malori"
"","","mabasi"
"","fill_in_the_blanks","Panya ni wanyama hatari"
"","","Panya"
"","","Mbwa"
"","","paka"
"","","vyura"
"","meanings","Muhimu"
"","","yenye thamani kubwa"
"","meanings","vizuri"
"","","hali ya mwili kupumzika"
"","meanings","ya ndani"
"","","Yenye kutumika nyumbani"
"","meanings","Usafiri"
"","","Kuchukua watu au vitu kutoka sehemu moja kwenda sehemu nyingine"
"","picture","kitanda"
"","picture","ngamia"
"","picture","kuku"
"","picture","meli"
"","picture","mbwa"
"","picture","mwamvuli"
"","picture","panya"
"","picture","shule"
"","words","tofauti"
"","words","mdogo"
"","words","haribu"
"","words","mwalimu"
"Wapi_kigoe_changu_Where_is_my_bat","multiple_choice","nimepoteza nini?"
"","","kigoe changu"
"","","kofia yangu"
"","","kitabu changu"
"","","mpira wangu"
"","fill_in_the_blanks","Niliangalia nyuma ya mlango"
"","","Mlango"
"","","kikombe"
"","","begi"
"","","kofia"
"","fill_in_the_blanks","nilikitafuta chini ya kitanda"
"","","kitanda"
"","","chungu"
"","","gari"
"","","mlango"
"","fill_in_the_blanks","nilikitafuta juu ya kabati"
"","","kabati"
"","","mlango"
"","","kitanda"
"","","chungu"
"","meanings","tafuta"
"","","kujaribu kutafuta kitu kwa kuangalia"
"","meanings","kabati"
"","","mbao ndefu au kitu kigumu kilichogongelewa ukutani  kwaajilii ya kuhefadhia vitu"
"","meanings","kila mahali"
"","","sehemu zote"
"","meanings","sanduku"
"","","chumba kilichopo ndani ya paa la nyumba"
"","picture","boksi"
"","picture","mlango"
"","picture","popo"
"","picture","kitanda"
"","words","haiwezekani"
"","words","imeonwa"
"","words","imetafutwa"
"","words","popote"
