1;ADJ;able
1;ADJ;aged
1;ADJ;ajar
1;ADJ;all
1;ADJ;any
1;ADJ;apt
1;ADJ;arid
1;ADJ;back
1;ADJ;bad
1;ADJ;bare
1;ADJ;best
1;ADJ;big
1;ADJ;blue
1;ADJ;bold
1;ADJ;bony
1;ADJ;both
1;ADJ;busy
1;ADJ;calm
1;ADJ;cold
1;ADJ;cool
1;ADJ;cute
1;ADJ;damp
1;ADJ;dark
1;ADJ;dead
1;ADJ;dear
1;ADJ;deep
1;ADJ;dim
1;ADJ;drab
1;ADJ;dry
1;ADJ;dual
1;ADJ;dull
1;ADJ;each
1;ADJ;easy
1;ADJ;even
1;ADJ;evil
1;ADJ;fair
1;ADJ;fake
1;ADJ;far
1;ADJ;fast
1;ADJ;fat
1;ADJ;few
1;ADJ;fine
1;ADJ;firm
1;ADJ;flat
1;ADJ;fond
1;ADJ;free
1;ADJ;full
1;ADJ;glum
1;ADJ;good
1;ADJ;gray
1;ADJ;grim
1;ADJ;half
1;ADJ;hard
1;ADJ;high
1;ADJ;hot
1;ADJ;huge
1;ADJ;icky
1;ADJ;icy
1;ADJ;idle
1;ADJ;ill
1;ADJ;keen
1;ADJ;key
1;ADJ;kind
1;ADJ;lame
1;ADJ;last
1;ADJ;late
1;ADJ;lazy
1;ADJ;lean
1;ADJ;left
1;ADJ;limp
1;ADJ;live
1;ADJ;lone
1;ADJ;long
1;ADJ;lost
1;ADJ;loud
1;ADJ;low
1;ADJ;mad
1;ADJ;male
1;ADJ;mean
1;ADJ;meek
1;ADJ;mild
1;ADJ;near
1;ADJ;neat
1;ADJ;new
1;ADJ;next
1;ADJ;nice
1;ADJ;numb
1;ADJ;odd
1;ADJ;oily
1;ADJ;old
1;ADJ;our
1;ADJ;raw
1;ADJ;red
1;ADJ;sad
1;ADJ;shy
1;ADJ;tan
1;ADJ;wan
1;ADJ;wee
1;ADJ;wet
1;ADJ;wry
1;ADP;amid
1;ADP;as
1;ADP;at
1;ADP;atop
1;ADP;but
1;ADP;by
1;ADP;down
1;ADP;for
1;ADP;from
1;ADP;in
1;ADP;into
1;ADP;like
1;ADP;near
1;ADP;next
1;ADP;of
1;ADP;off
1;ADP;on
1;ADP;onto
1;ADP;over
1;ADP;past
1;ADP;per
1;ADP;plus
1;ADP;save
1;ADP;than
1;ADP;till
1;ADP;to
1;ADP;up
1;ADP;via
1;ADV;aboard
1;ADV;about
1;ADV;abroad
1;ADV;after
1;ADV;almost
1;ADV;aside
1;ADV;away
1;ADV;badly
1;ADV;daily
1;ADV;dimly
1;ADV;down
1;ADV;early
1;ADV;even
1;ADV;every
1;ADV;extra
1;ADV;far
1;ADV;fast
1;ADV;fiery
1;ADV;fully
1;ADV;hence
1;ADV;how
1;ADV;icily
1;ADV;just
1;ADV;late
1;ADV;later
1;ADV;less
1;ADV;madly
1;ADV;more
1;ADV;much
1;ADV;never
1;ADV;next
1;ADV;not
1;ADV;now
1;ADV;oddly
1;ADV;often
1;ADV;once
1;ADV;only
1;ADV;quite
1;ADV;sadly
1;ADV;shyly
1;ADV;slyly
1;ADV;so
1;ADV;soon
1;ADV;still
1;ADV;then
1;ADV;there
1;ADV;thus
1;ADV;today
1;ADV;too
1;ADV;truly
1;ADV;twice
1;ADV;up
1;ADV;very
1;ADV;well
1;ADV;wetly
1;ADV;when
1;ADV;where
1;ADV;while
1;ADV;why
1;ADV;yet
1;CONJ;after
1;CONJ;although
1;CONJ;and
1;CONJ;as
1;CONJ;because
1;CONJ;before
1;CONJ;but
1;CONJ;for
1;CONJ;how
1;CONJ;if
1;CONJ;lest
1;CONJ;nor
1;CONJ;once
1;CONJ;or
1;CONJ;since
1;CONJ;so
1;CONJ;than
1;CONJ;that
1;CONJ;though
1;CONJ;till
1;CONJ;unless
1;CONJ;until
1;CONJ;when
1;CONJ;whenever
1;CONJ;where
1;CONJ;whereas
1;CONJ;wherever
1;CONJ;whether
1;CONJ;while
1;CONJ;yet
1;DET;a
1;DET;an
1;DET;the
1;INT;aah
1;INT;ack
1;INT;ah
1;INT;aha
1;INT;aw
1;INT;ay
1;INT;aye
1;INT;bah
1;INT;boy
1;INT;brr
1;INT;bye
1;INT;duh
1;INT;eek
1;INT;er
1;INT;fie
1;INT;foo
1;INT;ha
1;INT;la
1;INT;lo
1;INT;my
1;INT;no
1;INT;oh
1;INT;om
1;INT;oy
1;INT;ta
1;INT;uh
1;INT;um
1;INT;ur
1;INT;ya
1;INT;yo
1;NOUN;act
1;NOUN;air
1;NOUN;ant
1;NOUN;arm
1;NOUN;arm
1;NOUN;art
1;NOUN;bag
1;NOUN;bat
1;NOUN;bat
1;NOUN;bed
1;NOUN;bed
1;NOUN;bee
1;NOUN;bit
1;NOUN;box
1;NOUN;boy
1;NOUN;boy
1;NOUN;boy
1;NOUN;bun
1;NOUN;bun
1;NOUN;can
1;NOUN;can
1;NOUN;cap
1;NOUN;cap
1;NOUN;car
1;NOUN;car
1;NOUN;cat
1;NOUN;cat
1;NOUN;cow
1;NOUN;cow
1;NOUN;cry
1;NOUN;cub
1;NOUN;cub
1;NOUN;cup
1;NOUN;cup
1;NOUN;dad
1;NOUN;dad
1;NOUN;day
1;NOUN;day
1;NOUN;dog
1;NOUN;dog
1;NOUN;ear
1;NOUN;egg
1;NOUN;end
1;NOUN;eye
1;NOUN;eye
1;NOUN;fan
1;NOUN;fan
1;NOUN;fly
1;NOUN;fog
1;NOUN;fog
1;NOUN;gun
1;NOUN;gun
1;NOUN;hat
1;NOUN;hat
1;NOUN;hen
1;NOUN;hen
1;NOUN;hot
1;NOUN;hot
1;NOUN;ice
1;NOUN;ink
1;NOUN;jam
1;NOUN;jam
1;NOUN;jar
1;NOUN;jar
1;NOUN;key
1;NOUN;leg
1;NOUN;lip
1;NOUN;low
1;NOUN;man
1;NOUN;man
1;NOUN;map
1;NOUN;map
1;NOUN;men
1;NOUN;men
1;NOUN;mom
1;NOUN;mom
1;NOUN;net
1;NOUN;nut
1;NOUN;oil
1;NOUN;owl
1;NOUN;owl
1;NOUN;pan
1;NOUN;pan
1;NOUN;pen
1;NOUN;pen
1;NOUN;pet
1;NOUN;pet
1;NOUN;pie
1;NOUN;pie
1;NOUN;pig
1;NOUN;pig
1;NOUN;pin
1;NOUN;pot
1;NOUN;pot
1;NOUN;rat
1;NOUN;rat
1;NOUN;ray
1;NOUN;rod
1;NOUN;rub
1;NOUN;run
1;NOUN;sea
1;NOUN;sea
1;NOUN;sky
1;NOUN;son
1;NOUN;son
1;NOUN;spy
1;NOUN;spy
1;NOUN;sun
1;NOUN;sun
1;NOUN;tax
1;NOUN;tin
1;NOUN;toe
1;NOUN;toe
1;NOUN;top
1;NOUN;toy
1;NOUN;tub
1;NOUN;tub
1;NOUN;use
1;NOUN;van
1;NOUN;van
1;NOUN;war
1;NOUN;wax
1;NOUN;way
1;NOUN;yak
1;NOUN;yam
1;NOUN;zoo
1;PRON;all
1;PRON;any
1;PRON;both
1;PRON;each
1;PRON;few
1;PRON;he
1;PRON;her
1;PRON;hers
1;PRON;him
1;PRON;his
1;PRON;it
1;PRON;its
1;PRON;many
1;PRON;more
1;PRON;most
1;PRON;much
1;PRON;my
1;PRON;none
1;PRON;one
1;PRON;our
1;PRON;ours
1;PRON;she
1;PRON;some
1;PRON;that
1;PRON;them
1;PRON;they
1;PRON;this
1;PRON;us
1;PRON;we
1;PRON;what
1;PRON;who
1;PRON;whom
1;PRON;you
1;PRON;your
1;VERB;act
1;VERB;add
1;VERB;ail
1;VERB;ask
1;VERB;ban
1;VERB;bar
1;VERB;bat
1;VERB;be
1;VERB;beg
1;VERB;bet
1;VERB;bid
1;VERB;bob
1;VERB;bow
1;VERB;box
1;VERB;buy
1;VERB;cry
1;VERB;cut
1;VERB;dam
1;VERB;die
1;VERB;dig
1;VERB;do
1;VERB;dry
1;VERB;dye
1;VERB;eat
1;VERB;end
1;VERB;fax
1;VERB;fit
1;VERB;fix
1;VERB;fly
1;VERB;fry
1;VERB;gel
1;VERB;get
1;VERB;go
1;VERB;hit
1;VERB;hop
1;VERB;hug
1;VERB;hum
1;VERB;ice
1;VERB;jab
1;VERB;jam
1;VERB;jog
1;VERB;lay
1;VERB;let
1;VERB;lie
1;VERB;man
1;VERB;mar
1;VERB;mix
1;VERB;mow
1;VERB;mug
1;VERB;nag
1;VERB;nap
1;VERB;nod
1;VERB;oil
1;VERB;owe
1;VERB;own
1;VERB;pad
1;VERB;pat
1;VERB;pay
1;VERB;peg
1;VERB;pet
1;VERB;pop
1;VERB;pry
1;VERB;put
1;VERB;rob
1;VERB;rot
1;VERB;row
1;VERB;rub
1;VERB;run
1;VERB;saw
1;VERB;say
1;VERB;see
1;VERB;set
1;VERB;sew
1;VERB;sin
1;VERB;sip
1;VERB;sit
1;VERB;ski
1;VERB;sob
1;VERB;sow
1;VERB;tap
1;VERB;tie
1;VERB;tip
1;VERB;tow
1;VERB;try
1;VERB;tug
1;VERB;use
1;VERB;wed
1;VERB;win
1;VERB;zip
2;ADJ;adept
2;ADJ;agile
2;ADJ;alert
2;ADJ;alive
2;ADJ;ample
2;ADJ;angry
2;ADJ;aware
2;ADJ;awful
2;ADJ;baggy
2;ADJ;basic
2;ADJ;black
2;ADJ;bland
2;ADJ;blank
2;ADJ;bleak
2;ADJ;blind
2;ADJ;blond
2;ADJ;bogus
2;ADJ;bossy
2;ADJ;bowed
2;ADJ;brave
2;ADJ;brief
2;ADJ;brisk
2;ADJ;brown
2;ADJ;bulky
2;ADJ;bumpy
2;ADJ;burly
2;ADJ;cheap
2;ADJ;chief
2;ADJ;clean
2;ADJ;clear
2;ADJ;close
2;ADJ;corny
2;ADJ;crazy
2;ADJ;crisp
2;ADJ;cruel
2;ADJ;curly
2;ADJ;curvy
2;ADJ;dense
2;ADJ;dirty
2;ADJ;dizzy
2;ADJ;dopey
2;ADJ;eager
2;ADJ;early
2;ADJ;empty
2;ADJ;only
2;ADJ;open
2;ADJ;oval
2;ADJ;pale
2;ADJ;past
2;ADJ;pink
2;ADJ;poor
2;ADJ;posh
2;ADJ;puny
2;ADJ;pure
2;ADJ;rare
2;ADJ;rash
2;ADJ;real
2;ADJ;rich
2;ADJ;ripe
2;ADJ;rosy
2;ADJ;rude
2;ADJ;safe
2;ADJ;same
2;ADJ;sane
2;ADJ;sick
2;ADJ;slim
2;ADJ;slow
2;ADJ;smug
2;ADJ;soft
2;ADJ;some
2;ADJ;sore
2;ADJ;sour
2;ADJ;spry
2;ADJ;tall
2;ADJ;tame
2;ADJ;tart
2;ADJ;taut
2;ADJ;that
2;ADJ;thin
2;ADJ;this
2;ADJ;tidy
2;ADJ;tiny
2;ADJ;torn
2;ADJ;trim
2;ADJ;true
2;ADJ;twin
2;ADJ;ugly
2;ADJ;used
2;ADJ;vain
2;ADJ;vast
2;ADJ;warm
2;ADJ;wary
2;ADJ;wavy
2;ADJ;weak
2;ADJ;wide
2;ADJ;wild
2;ADJ;wiry
2;ADJ;wise
2;ADJ;worn
2;ADJ;zany
2;ADP;amid
2;ADP;as
2;ADP;at
2;ADP;atop
2;ADP;but
2;ADP;by
2;ADP;down
2;ADP;for
2;ADP;from
2;ADP;in
2;ADP;into
2;ADP;like
2;ADP;near
2;ADP;next
2;ADP;of
2;ADP;off
2;ADP;on
2;ADP;onto
2;ADP;over
2;ADP;past
2;ADP;per
2;ADP;plus
2;ADP;save
2;ADP;than
2;ADP;till
2;ADP;to
2;ADP;up
2;ADP;via
2;ADV;always
2;ADV;anyhow
2;ADV;anyway
2;ADV;around
2;ADV;barely
2;ADV;before
2;ADV;boldly
2;ADV;busily
2;ADV;calmly
2;ADV;coldly
2;ADV;coolly
2;ADV;cutely
2;ADV;darkly
2;ADV;dearly
2;ADV;deeply
2;ADV;deftly
2;ADV;dopily
2;ADV;during
2;ADV;easily
2;ADV;enough
2;ADV;evenly
2;ADV;fairly
2;ADV;fondly
2;ADV;freely
2;ADV;gently
2;ADV;gladly
2;ADV;grimly
2;ADV;highly
2;ADV;hourly
2;ADV;hugely
2;ADV;indeed
2;ADV;justly
2;ADV;keenly
2;ADV;kindly
2;ADV;lastly
2;ADV;lately
2;ADV;lazily
2;ADV;likely
2;ADV;limply
2;ADV;lively
2;ADV;loudly
2;ADV;mainly
2;ADV;meanly
2;ADV;merely
2;ADV;mostly
2;ADV;nearby
2;ADV;nearly
2;ADV;neatly
2;ADV;nicely
2;ADV;nosily
2;ADV;numbly
2;ADV;openly
2;ADV;poorly
2;ADV;primly
2;ADV;rarely
2;ADV;really
2;ADV;richly
2;ADV;rudely
2;ADV;safely
2;ADV;seldom
2;CONJ;after
2;CONJ;although
2;CONJ;and
2;CONJ;as
2;CONJ;because
2;CONJ;before
2;CONJ;but
2;CONJ;for
2;CONJ;how
2;CONJ;if
2;CONJ;lest
2;CONJ;nor
2;CONJ;once
2;CONJ;or
2;CONJ;since
2;CONJ;so
2;CONJ;than
2;CONJ;that
2;CONJ;though
2;CONJ;till
2;CONJ;unless
2;CONJ;until
2;CONJ;when
2;CONJ;whenever
2;CONJ;where
2;CONJ;whereas
2;CONJ;wherever
2;CONJ;whether
2;CONJ;while
2;CONJ;yet
2;DET;a
2;DET;an
2;DET;the
2;INT;aah
2;INT;ack
2;INT;ah
2;INT;aha
2;INT;aw
2;INT;ay
2;INT;aye
2;INT;bah
2;INT;boy
2;INT;brr
2;INT;bye
2;INT;duh
2;INT;eek
2;INT;er
2;INT;fie
2;INT;foo
2;INT;ha
2;INT;la
2;INT;lo
2;INT;my
2;INT;no
2;INT;oh
2;INT;om
2;INT;oy
2;INT;ta
2;INT;uh
2;INT;um
2;INT;ur
2;INT;ya
2;INT;yo
2;NOUN;able
2;NOUN;ants
2;NOUN;army
2;NOUN;aunt
2;NOUN;bait
2;NOUN;ball
2;NOUN;bath
2;NOUN;bead
2;NOUN;beam
2;NOUN;bean
2;NOUN;beef
2;NOUN;bike
2;NOUN;bird
2;NOUN;bomb
2;NOUN;book
2;NOUN;book
2;NOUN;boot
2;NOUN;cake
2;NOUN;camp
2;NOUN;cast
2;NOUN;cave
2;NOUN;cent
2;NOUN;chin
2;NOUN;clam
2;NOUN;club
2;NOUN;coil
2;NOUN;corn
2;NOUN;crib
2;NOUN;crow
2;NOUN;deer
2;NOUN;desk
2;NOUN;dime
2;NOUN;dirt
2;NOUN;dock
2;NOUN;doll
2;NOUN;drug
2;NOUN;drum
2;NOUN;dust
2;NOUN;dust
2;NOUN;face
2;NOUN;fang
2;NOUN;feet
2;NOUN;flag
2;NOUN;food
2;NOUN;frog
2;NOUN;fuel
2;NOUN;game
2;NOUN;gate
2;NOUN;girl
2;NOUN;glue
2;NOUN;hair
2;NOUN;hall
2;NOUN;heat
2;NOUN;hill
2;NOUN;home
2;NOUN;hook
2;NOUN;hope
2;NOUN;horn
2;NOUN;hose
2;NOUN;idea
2;NOUN;jail
2;NOUN;joke
2;NOUN;kiss
2;NOUN;kite
2;NOUN;kite
2;NOUN;lace
2;NOUN;lake
2;NOUN;lamp
2;NOUN;loaf
2;NOUN;lock
2;NOUN;maid
2;NOUN;mask
2;NOUN;meal
2;NOUN;meal
2;NOUN;meat
2;NOUN;mice
2;NOUN;milk
2;NOUN;mint
2;NOUN;moon
2;NOUN;name
2;NOUN;nest
2;NOUN;nose
2;NOUN;pail
2;NOUN;pail
2;NOUN;park
2;NOUN;pear
2;NOUN;pear
2;NOUN;pest
2;NOUN;plot
2;NOUN;rain
2;NOUN;rake
2;NOUN;road
2;NOUN;rock
2;NOUN;room
2;NOUN;rose
2;NOUN;sack
2;NOUN;sail
2;NOUN;seed
2;NOUN;shoe
2;NOUN;shop
2;NOUN;show
2;NOUN;sink
2;NOUN;snow
2;NOUN;soap
2;NOUN;soda
2;NOUN;sofa
2;NOUN;song
2;NOUN;spot
2;NOUN;star
2;NOUN;step
2;NOUN;stew
2;NOUN;suit
2;NOUN;tank
2;NOUN;team
2;NOUN;tent
2;NOUN;test
2;NOUN;toad
2;NOUN;toes
2;NOUN;town
2;NOUN;tray
2;NOUN;tree
2;NOUN;trip
2;NOUN;twig
2;NOUN;vase
2;NOUN;veil
2;NOUN;vein
2;NOUN;vest
2;NOUN;week
2;NOUN;wing
2;NOUN;wish
2;NOUN;wood
2;NOUN;wool
2;NOUN;wren
2;NOUN;yard
2;NOUN;year
2;PRON;all
2;PRON;any
2;PRON;both
2;PRON;each
2;PRON;few
2;PRON;he
2;PRON;her
2;PRON;hers
2;PRON;him
2;PRON;his
2;PRON;it
2;PRON;its
2;PRON;many
2;PRON;more
2;PRON;most
2;PRON;much
2;PRON;my
2;PRON;none
2;PRON;one
2;PRON;our
2;PRON;ours
2;PRON;she
2;PRON;some
2;PRON;that
2;PRON;them
2;PRON;they
2;PRON;this
2;PRON;us
2;PRON;we
2;PRON;what
2;PRON;who
2;PRON;whom
2;PRON;you
2;PRON;your
2;VERB;ache
2;VERB;avow
2;VERB;back
2;VERB;bake
2;VERB;balk
2;VERB;bang
2;VERB;bare
2;VERB;bark
2;VERB;bawl
2;VERB;beam
2;VERB;bear
2;VERB;beat
2;VERB;bend
2;VERB;bite
2;VERB;blot
2;VERB;blow
2;VERB;boil
2;VERB;bolt
2;VERB;bomb
2;VERB;book
2;VERB;bore
2;VERB;brag
2;VERB;bump
2;VERB;burn
2;VERB;bury
2;VERB;buzz
2;VERB;call
2;VERB;camp
2;VERB;care
2;VERB;chew
2;VERB;chip
2;VERB;chop
2;VERB;clap
2;VERB;clip
2;VERB;coil
2;VERB;comb
2;VERB;come
2;VERB;cook
2;VERB;copy
2;VERB;cost
2;VERB;cure
2;VERB;curl
2;VERB;dare
2;VERB;deal
2;VERB;deny
2;VERB;dial
2;VERB;dive
2;VERB;dock
2;VERB;dole
2;VERB;dote
2;VERB;drag
2;VERB;draw
2;VERB;drip
2;VERB;drop
2;VERB;dump
2;VERB;dupe
2;VERB;dust
2;VERB;earn
2;VERB;echo
2;VERB;edit
2;VERB;emit
2;VERB;envy
2;VERB;face
2;VERB;fade
2;VERB;fail
2;VERB;fall
2;VERB;fear
2;VERB;feed
2;VERB;feel
2;VERB;file
2;VERB;fill
2;VERB;film
2;VERB;find
2;VERB;fire
2;VERB;fish
2;VERB;flap
2;VERB;flee
2;VERB;flow
2;VERB;fold
2;VERB;fool
2;VERB;form
2;VERB;fret
2;VERB;fume
2;VERB;gasp
2;VERB;gaze
2;VERB;gild
2;VERB;give
2;VERB;glue
2;VERB;gnaw
2;VERB;grab
2;VERB;grin
2;VERB;grip
2;VERB;grow
2;VERB;gush
2;VERB;hail
2;VERB;hand
2;VERB;hang
2;VERB;harm
2;VERB;hate
2;VERB;have
2;VERB;head
2;VERB;heal
2;VERB;heap
2;VERB;hear
2;VERB;heat
2;VERB;help
2;VERB;hide
2;VERB;hint
2;VERB;hiss
2;VERB;hold
2;VERB;hook
3;ADJ;equal
3;ADJ;every
3;ADJ;faint
3;ADJ;false
3;ADJ;fancy
3;ADJ;fatal
3;ADJ;first
3;ADJ;fixed
3;ADJ;flaky
3;ADJ;fluid
3;ADJ;frail
3;ADJ;frank
3;ADJ;fresh
3;ADJ;front
3;ADJ;funny
3;ADJ;fussy
3;ADJ;fuzzy
3;ADJ;giant
3;ADJ;giddy
3;ADJ;glass
3;ADJ;grand
3;ADJ;grave
3;ADJ;great
3;ADJ;green
3;ADJ;grimy
3;ADJ;gross
3;ADJ;grown
3;ADJ;gummy
3;ADJ;hairy
3;ADJ;handy
3;ADJ;happy
3;ADJ;harsh
3;ADJ;hasty
3;ADJ;heavy
3;ADJ;hefty
3;ADJ;husky
3;ADJ;ideal
3;ADJ;itchy
3;ADJ;jaded
3;ADJ;joint
3;ADJ;jolly
3;ADJ;juicy
3;ADJ;jumbo
3;ADJ;jumpy
3;ADJ;known
3;ADJ;kooky
3;ADJ;lanky
3;ADJ;large
3;ADJ;leafy
3;ADJ;legal
3;ADJ;light
3;ADJ;lined
3;ADJ;livid
3;ADJ;loose
3;ADJ;loyal
3;ADJ;lucky
3;ADJ;lumpy
3;ADJ;major
3;ADJ;mealy
3;ADJ;meaty
3;ADJ;merry
3;ADJ;messy
3;ADJ;milky
3;ADJ;minor
3;ADJ;minty
3;ADJ;misty
3;ADJ;mixed
3;ADJ;moist
3;ADJ;moral
3;ADJ;muddy
3;ADJ;murky
3;ADJ;mushy
3;ADJ;musty
3;ADJ;muted
3;ADJ;naive
3;ADJ;nasty
3;ADJ;needy
3;ADJ;nifty
3;ADJ;nippy
3;ADJ;noisy
3;ADJ;noted
3;ADJ;novel
3;ADJ;nutty
3;ADJ;obese
3;ADJ;other
3;ADJ;perky
3;ADJ;pesky
3;ADJ;petty
3;ADJ;phony
3;ADJ;plain
3;ADJ;plump
3;ADJ;plush
3;ADJ;prime
3;ADJ;prize
3;ADJ;proud
3;ADJ;pushy
3;ADJ;quick
3;ADJ;quiet
3;ADJ;rapid
3;ADJ;ready
3;ADP;amid
3;ADP;as
3;ADP;at
3;ADP;atop
3;ADP;but
3;ADP;by
3;ADP;down
3;ADP;for
3;ADP;from
3;ADP;in
3;ADP;into
3;ADP;like
3;ADP;near
3;ADP;next
3;ADP;of
3;ADP;off
3;ADP;on
3;ADP;onto
3;ADP;over
3;ADP;past
3;ADP;per
3;ADP;plus
3;ADP;save
3;ADP;than
3;ADP;till
3;ADP;to
3;ADP;up
3;ADP;via
3;ADV;acutely
3;ADV;already
3;ADV;angrily
3;ADV;awfully
3;ADV;bleakly
3;ADV;blindly
3;ADV;bravely
3;ADV;briefly
3;ADV;briskly
3;ADV;chiefly
3;ADV;cleanly
3;ADV;clearly
3;ADV;closely
3;ADV;crazily
3;ADV;crossly
3;ADV;cruelly
3;ADV;densely
3;ADV;eagerly
3;ADV;equally
3;ADV;exactly
3;ADV;fatally
3;ADV;finally
3;ADV;forever
3;ADV;forward
3;ADV;frankly
3;ADV;greatly
3;ADV;handily
3;ADV;happily
3;ADV;harshly
3;ADV;hastily
3;ADV;heavily
3;ADV;however
3;ADV;indoors
3;ADV;kookily
3;ADV;lightly
3;ADV;lithely
3;ADV;loftily
3;ADV;loosely
3;ADV;loyally
3;ADV;luckily
3;ADV;simply
3;ADV;slowly
3;ADV;softly
3;ADV;solely
3;ADV;subtly
3;ADV;surely
3;ADV;upbeat
3;ADV;upward
3;ADV;vainly
3;ADV;vastly
3;ADV;warmly
3;ADV;weakly
3;ADV;weekly
3;ADV;wholly
3;ADV;widely
3;ADV;wiggly
3;ADV;wildly
3;ADV;wisely
3;ADV;yearly
3;ADV;zanily
3;CONJ;after
3;CONJ;although
3;CONJ;and
3;CONJ;as
3;CONJ;because
3;CONJ;before
3;CONJ;but
3;CONJ;for
3;CONJ;how
3;CONJ;if
3;CONJ;lest
3;CONJ;nor
3;CONJ;once
3;CONJ;or
3;CONJ;since
3;CONJ;so
3;CONJ;than
3;CONJ;that
3;CONJ;though
3;CONJ;till
3;CONJ;unless
3;CONJ;until
3;CONJ;when
3;CONJ;whenever
3;CONJ;where
3;CONJ;whereas
3;CONJ;wherever
3;CONJ;whether
3;CONJ;while
3;CONJ;yet
3;DET;a
3;DET;an
3;DET;the
3;INT;gah
3;INT;gee
3;INT;grr
3;INT;hah
3;INT;haw
3;INT;hee
3;INT;hey
3;INT;hmm
3;INT;hoo
3;INT;how
3;INT;huh
3;INT;hum
3;INT;ick
3;INT;man
3;INT;meh
3;INT;mmm
3;INT;nah
3;INT;naw
3;INT;not
3;INT;oho
3;INT;oof
3;INT;ooh
3;INT;pew
3;INT;pff
3;INT;rah
3;INT;say
3;INT;shh
3;INT;sup
3;INT;tch
3;INT;tsk
3;NOUN;arch
3;NOUN;army
3;NOUN;aunt
3;NOUN;baby
3;NOUN;back
3;NOUN;bait
3;NOUN;ball
3;NOUN;band
3;NOUN;base
3;NOUN;bath
3;NOUN;bead
3;NOUN;beam
3;NOUN;bean
3;NOUN;bear
3;NOUN;beds
3;NOUN;beef
3;NOUN;bell
3;NOUN;bike
3;NOUN;bird
3;NOUN;bite
3;NOUN;blow
3;NOUN;boat
3;NOUN;body
3;NOUN;bomb
3;NOUN;bone
3;NOUN;book
3;NOUN;boot
3;NOUN;boys
3;NOUN;bulb
3;NOUN;burn
3;NOUN;cake
3;NOUN;camp
3;NOUN;card
3;NOUN;care
3;NOUN;cars
3;NOUN;cart
3;NOUN;cast
3;NOUN;cats
3;NOUN;cave
3;NOUN;cent
3;NOUN;chin
3;NOUN;clam
3;NOUN;club
3;NOUN;coal
3;NOUN;coat
3;NOUN;coil
3;NOUN;comb
3;NOUN;cook
3;NOUN;copy
3;NOUN;cord
3;NOUN;cork
3;NOUN;corn
3;NOUN;cows
3;NOUN;crib
3;NOUN;crow
3;NOUN;debt
3;NOUN;deer
3;NOUN;desk
3;NOUN;dime
3;NOUN;dirt
3;NOUN;dock
3;NOUN;dogs
3;NOUN;doll
3;NOUN;door
3;NOUN;drop
3;NOUN;drug
3;NOUN;drum
3;NOUN;duck
3;NOUN;dust
3;NOUN;edge
3;NOUN;eggs
3;NOUN;eyes
3;NOUN;face
3;NOUN;fact
3;NOUN;fall
3;NOUN;fang
3;NOUN;farm
3;NOUN;fear
3;NOUN;feet
3;NOUN;fire
3;NOUN;fish
3;NOUN;flag
3;NOUN;fold
3;NOUN;food
3;NOUN;foot
3;NOUN;fork
3;NOUN;form
3;NOUN;fowl
3;NOUN;frog
3;NOUN;fuel
3;NOUN;game
3;NOUN;gate
3;NOUN;girl
3;NOUN;glue
3;NOUN;goat
3;NOUN;gold
3;NOUN;grip
3;NOUN;hair
3;NOUN;hall
3;NOUN;hand
3;NOUN;hate
3;NOUN;head
3;NOUN;heat
3;NOUN;help
3;NOUN;hill
3;NOUN;hole
3;NOUN;home
3;NOUN;hook
3;NOUN;hope
3;NOUN;horn
3;NOUN;hose
3;NOUN;hour
3;NOUN;idea
3;NOUN;iron
3;NOUN;jail
3;NOUN;join
3;NOUN;joke
3;NOUN;jump
3;NOUN;kick
3;NOUN;kiss
3;NOUN;kite
3;NOUN;knee
3;NOUN;knot
3;NOUN;lace
3;NOUN;lake
3;NOUN;lamp
3;NOUN;land
3;NOUN;lead
3;NOUN;leaf
3;NOUN;legs
3;NOUN;lift
3;NOUN;line
3;NOUN;list
3;NOUN;loaf
3;NOUN;lock
3;NOUN;look
3;NOUN;loss
3;NOUN;love
3;NOUN;maid
3;PRON;all
3;PRON;any
3;PRON;both
3;PRON;each
3;PRON;few
3;PRON;he
3;PRON;her
3;PRON;hers
3;PRON;him
3;PRON;his
3;PRON;it
3;PRON;its
3;PRON;many
3;PRON;more
3;PRON;most
3;PRON;much
3;PRON;my
3;PRON;none
3;PRON;one
3;PRON;our
3;PRON;ours
3;PRON;she
3;PRON;some
3;PRON;that
3;PRON;them
3;PRON;they
3;PRON;this
3;PRON;us
3;PRON;we
3;PRON;what
3;PRON;who
3;PRON;whom
3;PRON;you
3;PRON;your
3;VERB;hoot
3;VERB;hope
3;VERB;howl
3;VERB;hunt
3;VERB;hurt
3;VERB;iron
3;VERB;itch
3;VERB;jail
3;VERB;jeer
3;VERB;jest
3;VERB;join
3;VERB;joke
3;VERB;jolt
3;VERB;jump
3;VERB;keep
3;VERB;kick
3;VERB;kill
3;VERB;kiss
3;VERB;knit
3;VERB;knot
3;VERB;know
3;VERB;land
3;VERB;last
3;VERB;lead
3;VERB;lean
3;VERB;lend
3;VERB;lick
3;VERB;lift
3;VERB;like
3;VERB;list
3;VERB;live
3;VERB;load
3;VERB;loan
3;VERB;lock
3;VERB;long
3;VERB;look
3;VERB;lose
3;VERB;love
3;VERB;mail
3;VERB;make
3;VERB;mark
3;VERB;mate
3;VERB;mean
3;VERB;meet
3;VERB;melt
3;VERB;mend
3;VERB;milk
3;VERB;mine
3;VERB;miss
3;VERB;moan
3;VERB;molt
3;VERB;moor
3;VERB;move
3;VERB;nail
3;VERB;name
3;VERB;need
3;VERB;nest
3;VERB;note
3;VERB;obey
3;VERB;ogle
3;VERB;omit
3;VERB;open
3;VERB;pack
3;VERB;pant
3;VERB;park
3;VERB;part
3;VERB;pass
3;VERB;peck
3;VERB;peel
3;VERB;peep
3;VERB;peer
3;VERB;pelt
3;VERB;pick
3;VERB;pine
3;VERB;plan
3;VERB;play
3;VERB;plow
3;VERB;plug
3;VERB;poke
3;VERB;post
3;VERB;pour
3;VERB;pray
3;VERB;pull
3;VERB;pump
3;VERB;push
3;VERB;quit
3;VERB;quiz
3;VERB;race
3;VERB;rain
3;VERB;rant
3;VERB;rate
3;VERB;rave
3;VERB;read
3;VERB;rely
3;VERB;ride
3;VERB;ring
3;VERB;rise
3;VERB;risk
3;VERB;roar
3;VERB;rock
4;ADJ;aching
4;ADJ;acidic
4;ADJ;active
4;ADJ;actual
4;ADJ;adored
4;ADJ;afraid
4;ADJ;amused
4;ADJ;annual
4;ADJ;arctic
4;ADJ;barren
4;ADJ;better
4;ADJ;bitter
4;ADJ;boring
4;ADJ;bouncy
4;ADJ;bright
4;ADJ;broken
4;ADJ;bronze
4;ADJ;bubbly
4;ADJ;candid
4;ADJ;canine
4;ADJ;caring
4;ADJ;cheery
4;ADJ;chilly
4;ADJ;regal
4;ADJ;right
4;ADJ;rigid
4;ADJ;rough
4;ADJ;round
4;ADJ;rowdy
4;ADJ;royal
4;ADJ;ruddy
4;ADJ;runny
4;ADJ;rural
4;ADJ;rusty
4;ADJ;salty
4;ADJ;sandy
4;ADJ;scaly
4;ADJ;scary
4;ADJ;shady
4;ADJ;sharp
4;ADJ;shiny
4;ADJ;short
4;ADJ;showy
4;ADJ;silky
4;ADJ;silly
4;ADJ;slimy
4;ADJ;small
4;ADJ;smart
4;ADJ;soggy
4;ADJ;solid
4;ADJ;soupy
4;ADJ;spicy
4;ADJ;staid
4;ADJ;stale
4;ADJ;stark
4;ADJ;steel
4;ADJ;steep
4;ADJ;stiff
4;ADJ;sunny
4;ADJ;super
4;ADJ;sweet
4;ADJ;swift
4;ADJ;tasty
4;ADJ;tense
4;ADJ;tepid
4;ADJ;testy
4;ADJ;these
4;ADJ;thick
4;ADJ;third
4;ADJ;those
4;ADJ;tight
4;ADJ;tired
4;ADJ;total
4;ADJ;tough
4;ADJ;tubby
4;ADJ;unfit
4;ADJ;upset
4;ADJ;urban
4;ADJ;utter
4;ADJ;vague
4;ADJ;valid
4;ADJ;vapid
4;ADJ;vital
4;ADJ;vivid
4;ADJ;weary
4;ADJ;weepy
4;ADJ;weird
4;ADJ;which
4;ADJ;white
4;ADJ;whole
4;ADJ;windy
4;ADJ;witty
4;ADJ;woozy
4;ADJ;wordy
4;ADJ;worse
4;ADJ;worst
4;ADJ;wrong
4;ADJ;young
4;ADJ;yummy
4;ADJ;zesty
4;ADP;aboard
4;ADP;about
4;ADP;above
4;ADP;across
4;ADP;after
4;ADP;along
4;ADP;among
4;ADP;around
4;ADP;aside
4;ADP;before
4;ADP;behind
4;ADP;below
4;ADP;beside
4;ADP;beyond
4;ADP;circa
4;ADP;during
4;ADP;except
4;ADP;inside
4;ADP;minus
4;ADP;nearby
4;ADP;round
4;ADP;since
4;ADP;times
4;ADP;under
4;ADP;until
4;ADP;unto
4;ADP;upon
4;ADP;with
4;ADP;worth
4;ADV;actively
4;ADV;actually
4;ADV;annually
4;ADV;anyplace
4;ADV;anywhere
4;ADV;bitterly
4;ADV;boyishly
4;ADV;brightly
4;ADV;brutally
4;ADV;candidly
4;ADV;casually
4;ADV;cleverly
4;ADV;cloudily
4;ADV;clumsily
4;ADV;commonly
4;ADV;covertly
4;ADV;cowardly
4;ADV;daintily
4;ADV;daringly
4;ADV;merrily
4;ADV;monthly
4;ADV;morally
4;ADV;nastily
4;ADV;needily
4;ADV;nightly
4;ADV;noisily
4;ADV;orderly
4;ADV;plainly
4;ADV;proudly
4;ADV;quicker
4;ADV;quickly
4;ADV;quietly
4;ADV;rapidly
4;ADV;readily
4;ADV;rightly
4;ADV;rigidly
4;ADV;roughly
4;ADV;scarily
4;ADV;shakily
4;ADV;sharply
4;ADV;shortly
4;ADV;shrilly
4;ADV;solidly
4;ADV;somehow
4;ADV;sternly
4;ADV;sweetly
4;ADV;swiftly
4;ADV;tensely
4;ADV;tepidly
4;ADV;thereby
4;ADV;tightly
4;ADV;totally
4;ADV;upright
4;ADV;usually
4;ADV;utterly
4;ADV;vaguely
4;ADV;visibly
4;ADV;wearily
4;ADV;wrongly
4;ADV;zestily
4;CONJ;after
4;CONJ;although
4;CONJ;and
4;CONJ;as
4;CONJ;because
4;CONJ;before
4;CONJ;but
4;CONJ;for
4;CONJ;how
4;CONJ;if
4;CONJ;lest
4;CONJ;nor
4;CONJ;once
4;CONJ;or
4;CONJ;since
4;CONJ;so
4;CONJ;than
4;CONJ;that
4;CONJ;though
4;CONJ;till
4;CONJ;unless
4;CONJ;until
4;CONJ;when
4;CONJ;whenever
4;CONJ;where
4;CONJ;whereas
4;CONJ;wherever
4;CONJ;whether
4;CONJ;while
4;CONJ;yet
4;DET;a
4;DET;an
4;DET;the
4;INT;gah
4;INT;gee
4;INT;grr
4;INT;hah
4;INT;haw
4;INT;hee
4;INT;hey
4;INT;hmm
4;INT;hoo
4;INT;how
4;INT;huh
4;INT;hum
4;INT;ick
4;INT;man
4;INT;meh
4;INT;mmm
4;INT;nah
4;INT;naw
4;INT;not
4;INT;oho
4;INT;oof
4;INT;ooh
4;INT;pew
4;INT;pff
4;INT;rah
4;INT;say
4;INT;shh
4;INT;sup
4;INT;tch
4;INT;tsk
4;NOUN;apple
4;NOUN;class
4;NOUN;crowd
4;NOUN;crown
4;NOUN;dress
4;NOUN;field
4;NOUN;juice
4;NOUN;mark
4;NOUN;mask
4;NOUN;mass
4;NOUN;meal
4;NOUN;meat
4;NOUN;mice
4;NOUN;milk
4;NOUN;mind
4;NOUN;mine
4;NOUN;mint
4;NOUN;mist
4;NOUN;moon
4;NOUN;move
4;NOUN;nail
4;NOUN;name
4;NOUN;neck
4;NOUN;need
4;NOUN;nest
4;NOUN;news
4;NOUN;nose
4;NOUN;note
4;NOUN;oven
4;NOUN;page
4;NOUN;pail
4;NOUN;pain
4;NOUN;park
4;NOUN;part
4;NOUN;pear
4;NOUN;pest
4;NOUN;pets
4;NOUN;pies
4;NOUN;pigs
4;NOUN;pipe
4;NOUN;plant
4;NOUN;play
4;NOUN;plot
4;NOUN;pull
4;NOUN;pump
4;NOUN;push
4;NOUN;rail
4;NOUN;rain
4;NOUN;rake
4;NOUN;rate
4;NOUN;rest
4;NOUN;rice
4;NOUN;ring
4;NOUN;road
4;NOUN;rock
4;NOUN;roll
4;NOUN;roof
4;NOUN;room
4;NOUN;root
4;NOUN;rose
4;NOUN;rule
4;NOUN;sack
4;NOUN;sail
4;NOUN;salt
4;NOUN;sand
4;NOUN;seat
4;NOUN;seed
4;NOUN;self
4;NOUN;ship
4;NOUN;shoe
4;NOUN;shop
4;NOUN;show
4;NOUN;side
4;NOUN;sign
4;NOUN;silk
4;NOUN;sink
4;NOUN;size
4;NOUN;skin
4;NOUN;slip
4;NOUN;snow
4;NOUN;soap
4;NOUN;sock
4;NOUN;soda
4;NOUN;sofa
4;NOUN;song
4;NOUN;sort
4;NOUN;soup
4;NOUN;spot
4;NOUN;star
4;NOUN;stem
4;NOUN;step
4;NOUN;stew
4;NOUN;stop
4;NOUN;suit
4;NOUN;swim
4;NOUN;tail
4;NOUN;talk
4;NOUN;tank
4;NOUN;team
4;NOUN;tent
4;NOUN;test
4;NOUN;time
4;NOUN;toad
4;NOUN;toes
4;NOUN;town
4;NOUN;toys
4;NOUN;tray
4;NOUN;tree
4;NOUN;trip
4;NOUN;turn
4;NOUN;twig
4;NOUN;unit
4;NOUN;vase
4;NOUN;veil
4;NOUN;vein
4;NOUN;vest
4;NOUN;view
4;NOUN;walk
4;NOUN;wall
4;NOUN;wash
4;NOUN;wave
4;NOUN;week
4;NOUN;whip
4;NOUN;wind
4;NOUN;wine
4;NOUN;wing
4;NOUN;wire
4;NOUN;wish
4;NOUN;wood
4;NOUN;wool
4;NOUN;word
4;NOUN;work
4;NOUN;worm
4;NOUN;wren
4;NOUN;yard
4;NOUN;yarn
4;NOUN;year
4;NOUN;yoke
4;NOUN;zinc
4;PRON;all
4;PRON;any
4;PRON;both
4;PRON;each
4;PRON;few
4;PRON;he
4;PRON;her
4;PRON;hers
4;PRON;him
4;PRON;his
4;PRON;it
4;PRON;its
4;PRON;many
4;PRON;more
4;PRON;most
4;PRON;much
4;PRON;my
4;PRON;none
4;PRON;one
4;PRON;our
4;PRON;ours
4;PRON;she
4;PRON;some
4;PRON;that
4;PRON;them
4;PRON;they
4;PRON;this
4;PRON;us
4;PRON;we
4;PRON;what
4;PRON;who
4;PRON;whom
4;PRON;you
4;PRON;your
4;VERB;admit
4;VERB;adopt
4;VERB;agree
4;VERB;alert
4;VERB;allow
4;VERB;amuse
4;VERB;annoy
4;VERB;argue
4;VERB;avoid
4;VERB;awake
4;VERB;baste
4;VERB;bathe
4;VERB;begin
4;VERB;bleed
4;VERB;bless
4;VERB;blind
4;VERB;blink
4;VERB;blurt
4;VERB;blush
4;VERB;boast
4;VERB;brake
4;VERB;brand
4;VERB;break
4;VERB;roll
4;VERB;ruin
4;VERB;rule
4;VERB;rush
4;VERB;sack
4;VERB;sail
4;VERB;save
4;VERB;seal
4;VERB;sell
4;VERB;send
4;VERB;shop
4;VERB;show
4;VERB;shut
4;VERB;sigh
4;VERB;sign
4;VERB;sing
4;VERB;skip
4;VERB;slap
4;VERB;slip
4;VERB;slow
4;VERB;snap
4;VERB;snow
4;VERB;soak
4;VERB;span
4;VERB;spin
4;VERB;spot
4;VERB;stab
4;VERB;star
4;VERB;stay
4;VERB;step
4;VERB;stir
4;VERB;stop
4;VERB;stow
4;VERB;stun
4;VERB;suit
4;VERB;sway
4;VERB;swim
4;VERB;take
4;VERB;talk
4;VERB;tame
4;VERB;tear
4;VERB;tell
4;VERB;test
4;VERB;thaw
4;VERB;tick
4;VERB;time
4;VERB;tire
4;VERB;toss
4;VERB;tour
4;VERB;trap
4;VERB;trim
4;VERB;trip
4;VERB;trot
4;VERB;turn
4;VERB;type
4;VERB;urge
4;VERB;vote
4;VERB;wail
4;VERB;wait
4;VERB;wake
4;VERB;walk
4;VERB;want
4;VERB;warm
4;VERB;warn
4;VERB;wash
4;VERB;wave
4;VERB;wear
4;VERB;whip
4;VERB;wink
4;VERB;wipe
4;VERB;wish
4;VERB;work
4;VERB;wrap
4;VERB;yawn
4;VERB;yell
4;VERB;yelp
4;VERB;zoom
5;ADJ;chubby
5;ADJ;clever
5;ADJ;closed
5;ADJ;cloudy
5;ADJ;clumsy
5;ADJ;coarse
5;ADJ;common
5;ADJ;cooked
5;ADJ;costly
5;ADJ;crafty
5;ADJ;creamy
5;ADJ;creepy
5;ADJ;cuddly
5;ADJ;dapper
5;ADJ;daring
5;ADJ;deadly
5;ADJ;decent
5;ADJ;dental
5;ADJ;direct
5;ADJ;dismal
5;ADJ;doting
5;ADJ;double
5;ADJ;drafty
5;ADJ;dreary
5;ADJ;droopy
5;ADJ;edible
5;ADJ;elated
5;ADJ;entire
5;ADJ;exotic
5;ADJ;expert
5;ADJ;famous
5;ADJ;feisty
5;ADJ;feline
5;ADJ;female
5;ADJ;fickle
5;ADJ;filthy
5;ADJ;flashy
5;ADJ;flawed
5;ADJ;flimsy
5;ADJ;fluffy
5;ADJ;forked
5;ADJ;formal
5;ADJ;frayed
5;ADJ;French
5;ADJ;frigid
5;ADJ;frilly
5;ADJ;frizzy
5;ADJ;frosty
5;ADJ;frozen
5;ADJ;frugal
5;ADJ;gentle
5;ADJ;gifted
5;ADJ;giving
5;ADJ;gloomy
5;ADJ;glossy
5;ADJ;golden
5;ADJ;greedy
5;ADJ;grubby
5;ADJ;grumpy
5;ADJ;guilty
5;ADJ;hearty
5;ADJ;hidden
5;ADJ;hoarse
5;ADJ;hollow
5;ADJ;homely
5;ADJ;honest
5;ADJ;humble
5;ADJ;hungry
5;ADJ;impish
5;ADJ;impure
5;ADJ;inborn
5;ADJ;intent
5;ADJ;jagged
5;ADJ;jaunty
5;ADJ;jovial
5;ADJ;joyful
5;ADJ;joyous
5;ADJ;junior
5;ADJ;kindly
5;ADJ;klutzy
5;ADJ;knobby
5;ADJ;knotty
5;ADJ;kosher
5;ADJ;lavish
5;ADJ;lawful
5;ADJ;likely
5;ADJ;linear
5;ADJ;liquid
5;ADJ;little
5;ADJ;lively
5;ADJ;lonely
5;ADJ;lovely
5;ADJ;loving
5;ADJ;mature
5;ADJ;meager
5;ADJ;measly
5;ADJ;medium
5;ADJ;mellow
5;ADJ;modern
5;ADJ;modest
5;ADP;aboard
5;ADP;about
5;ADP;above
5;ADP;across
5;ADP;after
5;ADP;along
5;ADP;among
5;ADP;around
5;ADP;aside
5;ADP;before
5;ADP;behind
5;ADP;below
5;ADP;beside
5;ADP;beyond
5;ADP;circa
5;ADP;during
5;ADP;except
5;ADP;inside
5;ADP;minus
5;ADP;nearby
5;ADP;round
5;ADP;since
5;ADP;times
5;ADP;under
5;ADP;until
5;ADP;unto
5;ADP;upon
5;ADP;with
5;ADP;worth
5;ADV;decently
5;ADV;directly
5;ADV;docilely
5;ADV;dreamily
5;ADV;entirely
5;ADV;evermore
5;ADV;famously
5;ADV;fiercely
5;ADV;finitely
5;ADV;fluently
5;ADV;formally
5;ADV;formerly
5;ADV;greedily
5;ADV;heartily
5;ADV;hitherto
5;ADV;honestly
5;ADV;hungrily
5;ADV;intently
5;ADV;inwardly
5;ADV;jaggedly
5;ADV;jauntily
5;ADV;jovially
5;ADV;joyfully
5;ADV;joyously
5;ADV;knottily
5;ADV;lovingly
5;ADV;markedly
5;ADV;meantime
5;ADV;mightily
5;ADV;moreover
5;ADV;mortally
5;ADV;normally
5;ADV;nowadays
5;ADV;outdoors
5;ADV;outwards
5;ADV;overseas
5;ADV;politely
5;ADV;possibly
5;ADV;prettily
5;ADV;probably
5;ADV;promptly
5;ADV;properly
5;ADV;quaintly
5;ADV;queasily
5;ADV;quirkily
5;ADV;randomly
5;ADV;recently
5;ADV;reliably
5;ADV;scarcely
5;ADV;securely
5;ADV;sedately
5;ADV;shoddily
5;ADV;silently
5;ADV;sleepily
5;ADV;slightly
5;ADV;smoothly
5;ADV;solemnly
5;ADV;somewhat
5;ADV;speedily
5;ADV;steadily
5;CONJ;after
5;CONJ;although
5;CONJ;and
5;CONJ;as
5;CONJ;because
5;CONJ;before
5;CONJ;but
5;CONJ;for
5;CONJ;how
5;CONJ;if
5;CONJ;lest
5;CONJ;nor
5;CONJ;once
5;CONJ;or
5;CONJ;since
5;CONJ;so
5;CONJ;than
5;CONJ;that
5;CONJ;though
5;CONJ;till
5;CONJ;unless
5;CONJ;until
5;CONJ;when
5;CONJ;whenever
5;CONJ;where
5;CONJ;whereas
5;CONJ;wherever
5;CONJ;whether
5;CONJ;while
5;CONJ;yet
5;DET;a
5;DET;an
5;DET;the
5;INT;ahem
5;INT;alas
5;INT;amen
5;INT;argh
5;INT;drat
5;INT;geez
5;INT;good
5;INT;gosh
5;INT;gulp
5;INT;here
5;INT;jeez
5;INT;look
5;INT;nooo
5;INT;nuts
5;INT;okay
5;INT;over
5;INT;oyez
5;INT;phew
5;INT;psst
5;INT;ptui
5;INT;tut
5;INT;ugh
5;INT;wah
5;INT;why
5;INT;wow
5;INT;yea
5;INT;yow
5;INT;yum
5;INT;zap
5;INT;zzz
5;NOUN;actor
5;NOUN;actor
5;NOUN;alarm
5;NOUN;alarm
5;NOUN;anger
5;NOUN;anger
5;NOUN;angle
5;NOUN;apple
5;NOUN;apple
5;NOUN;badge
5;NOUN;badge
5;NOUN;balls
5;NOUN;basin
5;NOUN;bears
5;NOUN;beast
5;NOUN;beast
5;NOUN;bells
5;NOUN;berry
5;NOUN;bikes
5;NOUN;birds
5;NOUN;birth
5;NOUN;blade
5;NOUN;blood
5;NOUN;board
5;NOUN;boats
5;NOUN;books
5;NOUN;brain
5;NOUN;brain
5;NOUN;brake
5;NOUN;brass
5;NOUN;bread
5;NOUN;bread
5;NOUN;brick
5;NOUN;brick
5;NOUN;brush
5;NOUN;brush
5;NOUN;burst
5;NOUN;cable
5;NOUN;cable
5;NOUN;cakes
5;NOUN;cause
5;NOUN;chain
5;NOUN;chair
5;NOUN;chalk
5;NOUN;chess
5;NOUN;class
5;NOUN;clock
5;NOUN;cloth
5;NOUN;cloth
5;NOUN;cloud
5;NOUN;coach
5;NOUN;coach
5;NOUN;coast
5;NOUN;coast
5;NOUN;color
5;NOUN;cough
5;NOUN;cover
5;NOUN;crack
5;NOUN;crate
5;NOUN;crate
5;NOUN;cream
5;NOUN;cream
5;NOUN;crime
5;NOUN;crook
5;NOUN;crook
5;NOUN;crowd
5;NOUN;elbow
5;NOUN;feast
5;NOUN;fifth
5;NOUN;fight
5;NOUN;flesh
5;NOUN;flock
5;NOUN;frame
5;NOUN;fruit
5;NOUN;geese
5;NOUN;ghost
5;NOUN;glove
5;NOUN;goose
5;NOUN;goose
5;NOUN;grain
5;NOUN;grape
5;NOUN;grass
5;NOUN;guide
5;NOUN;heart
5;NOUN;honey
5;NOUN;horse
5;NOUN;jeans
5;NOUN;judge
5;NOUN;light
5;NOUN;linen
5;NOUN;lunch
5;NOUN;magic
5;NOUN;money
5;NOUN;month
5;NOUN;music
5;NOUN;north
5;NOUN;ocean
5;NOUN;patch
5;NOUN;plane
5;NOUN;queen
5;NOUN;quiet
5;NOUN;quilt
5;NOUN;rifle
5;NOUN;river
5;NOUN;robin
5;NOUN;route
5;NOUN;scale
5;NOUN;scale
5;NOUN;scarf
5;NOUN;scene
5;NOUN;scent
5;NOUN;shape
5;NOUN;sheet
5;NOUN;skate
5;NOUN;slave
5;NOUN;sleet
5;NOUN;smoke
5;NOUN;snail
5;NOUN;snake
5;NOUN;space
5;NOUN;spark
5;NOUN;spoon
5;NOUN;stage
5;NOUN;stove
5;NOUN;straw
5;NOUN;sugar
5;NOUN;swing
5;NOUN;table
5;NOUN;tiger
5;NOUN;title
5;NOUN;trail
5;NOUN;tramp
5;NOUN;trick
5;NOUN;uncle
5;NOUN;water
5;NOUN;water
5;NOUN;wheel
5;NOUN;woman
5;NOUN;women
5;NOUN;wrist
5;NOUN;zebra
5;PRON;all
5;PRON;any
5;PRON;both
5;PRON;each
5;PRON;few
5;PRON;he
5;PRON;her
5;PRON;hers
5;PRON;him
5;PRON;his
5;PRON;it
5;PRON;its
5;PRON;many
5;PRON;more
5;PRON;most
5;PRON;much
5;PRON;my
5;PRON;none
5;PRON;one
5;PRON;our
5;PRON;ours
5;PRON;she
5;PRON;some
5;PRON;that
5;PRON;them
5;PRON;they
5;PRON;this
5;PRON;us
5;PRON;we
5;PRON;what
5;PRON;who
5;PRON;whom
5;PRON;you
5;PRON;your
5;VERB;breed
5;VERB;bring
5;VERB;broil
5;VERB;brush
5;VERB;build
5;VERB;carry
5;VERB;carve
5;VERB;catch
5;VERB;cause
5;VERB;chant
5;VERB;chase
5;VERB;cheat
5;VERB;check
5;VERB;cheer
5;VERB;chide
5;VERB;choke
5;VERB;chomp
5;VERB;claim
5;VERB;clean
5;VERB;clear
5;VERB;climb
5;VERB;close
5;VERB;coach
5;VERB;color
5;VERB;cough
5;VERB;count
5;VERB;cover
5;VERB;covet
5;VERB;crack
5;VERB;crash
5;VERB;crave
5;VERB;crawl
5;VERB;croak
5;VERB;cross
5;VERB;crowd
5;VERB;crush
5;VERB;curse
5;VERB;curve
5;VERB;cycle
5;VERB;dance
5;VERB;decay
5;VERB;delay
5;VERB;deter
5;VERB;doubt
5;VERB;drain
5;VERB;dream
5;VERB;dress
5;VERB;drill
5;VERB;drink
5;VERB;drive
5;VERB;drone
5;VERB;drown
5;VERB;elope
5;VERB;empty
5;VERB;enjoy
5;VERB;enter
5;VERB;exist
5;VERB;expel
5;VERB;favor
5;VERB;fence
5;VERB;fetch
5;VERB;fight
5;VERB;flash
5;VERB;float
5;VERB;flood
5;VERB;floss
5;VERB;force
5;VERB;found
5;VERB;frame
5;VERB;glide
5;VERB;grate
5;VERB;greet
5;VERB;grill
5;VERB;groan
5;VERB;growl
5;VERB;grunt
5;VERB;guard
5;VERB;guess
5;VERB;guide
5;VERB;haunt
5;VERB;hover
5;VERB;hurry
5;VERB;imply
5;VERB;judge
5;VERB;kneel
5;VERB;knock
5;VERB;label
5;VERB;laugh
5;VERB;learn
5;VERB;leave
5;VERB;level
5;VERB;light
5;VERB;lower
5;VERB;march
5;VERB;marry
5;VERB;merge
5;VERB;mourn
5;VERB;occur
5;VERB;offer
5;VERB;order
6;ADJ;narrow
6;ADJ;nimble
6;ADJ;normal
6;ADJ;oblong
6;ADJ;orange
6;ADJ;ornate
6;ADJ;ornery
6;ADJ;paltry
6;ADJ;pastel
6;ADJ;poised
6;ADJ;polite
6;ADJ;portly
6;ADJ;pretty
6;ADJ;pricey
6;ADJ;proper
6;ADJ;purple
6;ADJ;putrid
6;ADJ;quaint
6;ADJ;queasy
6;ADJ;quirky
6;ADJ;ragged
6;ADJ;recent
6;ADJ;remote
6;ADJ;ringed
6;ADJ;robust
6;ADJ;rotten
6;ADJ;scarce
6;ADJ;scared
6;ADJ;second
6;ADJ;secret
6;ADJ;serene
6;ADJ;severe
6;ADJ;shabby
6;ADJ;shoddy
6;ADJ;shrill
6;ADJ;silent
6;ADJ;silver
6;ADJ;simple
6;ADJ;sinful
6;ADJ;single
6;ADJ;skinny
6;ADJ;sleepy
6;ADJ;slight
6;ADJ;slushy
6;ADJ;smoggy
6;ADJ;smooth
6;ADJ;snappy
6;ADJ;sneaky
6;ADJ;snoopy
6;ADJ;somber
6;ADJ;sparse
6;ADJ;speedy
6;ADJ;spiffy
6;ADJ;square
6;ADJ;stable
6;ADJ;starry
6;ADJ;sticky
6;ADJ;stingy
6;ADJ;stormy
6;ADJ;strict
6;ADJ;strong
6;ADJ;stupid
6;ADJ;sturdy
6;ADJ;subtle
6;ADJ;sudden
6;ADJ;sugary
6;ADJ;superb
6;ADJ;svelte
6;ADJ;sweaty
6;ADJ;tender
6;ADJ;thorny
6;ADJ;timely
6;ADJ;tinted
6;ADJ;tragic
6;ADJ;tricky
6;ADJ;trusty
6;ADJ;uneven
6;ADJ;unique
6;ADJ;united
6;ADJ;unripe
6;ADJ;unruly
6;ADJ;unsung
6;ADJ;untidy
6;ADJ;untrue
6;ADJ;unused
6;ADJ;upbeat
6;ADJ;usable
6;ADJ;useful
6;ADJ;vacant
6;ADJ;violet
6;ADJ;warped
6;ADJ;watery
6;ADJ;webbed
6;ADJ;weekly
6;ADJ;wicked
6;ADJ;wiggly
6;ADJ;wilted
6;ADJ;winged
6;ADJ;wobbly
6;ADJ;woeful
6;ADP;aboard
6;ADP;about
6;ADP;above
6;ADP;across
6;ADP;after
6;ADP;along
6;ADP;among
6;ADP;around
6;ADP;aside
6;ADP;before
6;ADP;behind
6;ADP;below
6;ADP;beside
6;ADP;beyond
6;ADP;circa
6;ADP;during
6;ADP;except
6;ADP;inside
6;ADP;minus
6;ADP;nearby
6;ADP;round
6;ADP;since
6;ADP;times
6;ADP;under
6;ADP;until
6;ADP;unto
6;ADP;upon
6;ADP;with
6;ADP;worth
6;ADV;agreeably
6;ADV;amazingly
6;ADV;anxiously
6;ADV;assuredly
6;ADV;awkwardly
6;ADV;bashfully
6;ADV;carefully
6;ADV;certainly
6;ADV;coaxingly
6;ADV;compactly
6;ADV;correctly
6;ADV;cunningly
6;ADV;curiously
6;ADV;currently
6;ADV;dastardly
6;ADV;defiantly
6;ADV;earnestly
6;ADV;elegantly
6;ADV;elsewhere
6;ADV;endlessly
6;ADV;enjoyably
6;ADV;eternally
6;ADV;ethically
6;ADV;evidently
6;ADV;excitedly
6;ADV;expressly
6;ADV;extremely
6;ADV;favorably
6;ADV;fervently
6;ADV;foolishly
6;ADV;furiously
6;ADV;generally
6;ADV;genuinely
6;ADV;girlishly
6;ADV;gleefully
6;ADV;gradually
6;ADV;hatefully
6;ADV;healthily
6;ADV;helpfully
6;ADV;hurriedly
6;ADV;immensely
6;ADV;instantly
6;ADV;strictly
6;ADV;stupidly
6;ADV;suddenly
6;ADV;suitably
6;ADV;tenderly
6;ADV;terribly
6;ADV;together
6;ADV;tomorrow
6;ADV;unkindly
6;ADV;upwardly
6;ADV;urgently
6;ADV;usefully
6;ADV;vacantly
6;ADV;verbally
6;ADV;visually
6;ADV;wickedly
6;ADV;woefully
6;ADV;worthily
6;CONJ;after
6;CONJ;although
6;CONJ;and
6;CONJ;as
6;CONJ;because
6;CONJ;before
6;CONJ;but
6;CONJ;for
6;CONJ;how
6;CONJ;if
6;CONJ;lest
6;CONJ;nor
6;CONJ;once
6;CONJ;or
6;CONJ;since
6;CONJ;so
6;CONJ;than
6;CONJ;that
6;CONJ;though
6;CONJ;till
6;CONJ;unless
6;CONJ;until
6;CONJ;when
6;CONJ;whenever
6;CONJ;where
6;CONJ;whereas
6;CONJ;wherever
6;CONJ;whether
6;CONJ;while
6;CONJ;yet
6;DET;a
6;DET;an
6;DET;the
6;INT;ahem
6;INT;alas
6;INT;amen
6;INT;argh
6;INT;drat
6;INT;geez
6;INT;good
6;INT;gosh
6;INT;gulp
6;INT;here
6;INT;jeez
6;INT;look
6;INT;nooo
6;INT;nuts
6;INT;okay
6;INT;over
6;INT;oyez
6;INT;phew
6;INT;psst
6;INT;ptui
6;INT;tut
6;INT;ugh
6;INT;wah
6;INT;why
6;INT;wow
6;INT;yea
6;INT;yow
6;INT;yum
6;INT;zap
6;INT;zzz
6;NOUN;alley
6;NOUN;crown
6;NOUN;crush
6;NOUN;curve
6;NOUN;death
6;NOUN;dolls
6;NOUN;drain
6;NOUN;dress
6;NOUN;drink
6;NOUN;ducks
6;NOUN;earth
6;NOUN;elbow
6;NOUN;error
6;NOUN;event
6;NOUN;feast
6;NOUN;field
6;NOUN;fifth
6;NOUN;fight
6;NOUN;flame
6;NOUN;flesh
6;NOUN;flock
6;NOUN;floor
6;NOUN;force
6;NOUN;frame
6;NOUN;frogs
6;NOUN;front
6;NOUN;fruit
6;NOUN;geese
6;NOUN;ghost
6;NOUN;girls
6;NOUN;glass
6;NOUN;glove
6;NOUN;goose
6;NOUN;grain
6;NOUN;grape
6;NOUN;grass
6;NOUN;group
6;NOUN;guide
6;NOUN;hands
6;NOUN;heart
6;NOUN;honey
6;NOUN;horse
6;NOUN;house
6;NOUN;humor
6;NOUN;jeans
6;NOUN;jelly
6;NOUN;jewel
6;NOUN;judge
6;NOUN;juice
6;NOUN;kitty
6;NOUN;knife
6;NOUN;laugh
6;NOUN;level
6;NOUN;light
6;NOUN;limit
6;NOUN;linen
6;NOUN;lunch
6;NOUN;magic
6;NOUN;match
6;NOUN;metal
6;NOUN;money
6;NOUN;month
6;NOUN;mouth
6;NOUN;music
6;NOUN;nerve
6;NOUN;night
6;NOUN;noise
6;NOUN;north
6;NOUN;ocean
6;NOUN;offer
6;NOUN;order
6;NOUN;owner
6;NOUN;paint
6;NOUN;paper
6;NOUN;party
6;NOUN;paste
6;NOUN;patch
6;NOUN;peace
6;NOUN;place
6;NOUN;plane
6;NOUN;plant
6;NOUN;plate
6;NOUN;point
6;NOUN;power
6;NOUN;price
6;NOUN;print
6;NOUN;prose
6;NOUN;queen
6;NOUN;quiet
6;NOUN;quill
6;NOUN;quilt
6;NOUN;range
6;NOUN;rifle
6;NOUN;rings
6;NOUN;river
6;NOUN;robin
6;NOUN;route
6;NOUN;scale
6;NOUN;scarf
6;NOUN;scene
6;NOUN;scent
6;NOUN;screw
6;NOUN;sense
6;NOUN;shade
6;NOUN;shake
6;NOUN;shame
6;NOUN;shape
6;NOUN;sheep
6;NOUN;sheet
6;NOUN;shelf
6;NOUN;shirt
6;NOUN;shock
6;NOUN;shoes
6;NOUN;skate
6;NOUN;skirt
6;NOUN;slave
6;NOUN;sleep
6;NOUN;sleet
6;NOUN;slope
6;NOUN;smash
6;NOUN;smell
6;NOUN;smile
6;NOUN;smoke
6;NOUN;snail
6;NOUN;snake
6;NOUN;songs
6;NOUN;sound
6;NOUN;space
6;NOUN;spade
6;NOUN;spark
6;NOUN;spoon
6;NOUN;stage
6;NOUN;stamp
6;NOUN;start
6;NOUN;steam
6;NOUN;steel
6;NOUN;stick
6;NOUN;stone
6;NOUN;store
6;NOUN;story
6;PRON;another
6;PRON;anybody
6;PRON;anyone
6;PRON;anything
6;PRON;either
6;PRON;everybody
6;PRON;everyone
6;PRON;everything
6;PRON;herself
6;PRON;himself
6;PRON;itself
6;PRON;myself
6;PRON;neither
6;PRON;nobody
6;PRON;nothing
6;PRON;other
6;PRON;others
6;PRON;ourselves
6;PRON;several
6;PRON;somebody
6;PRON;someone
6;PRON;something
6;PRON;their
6;PRON;theirs
6;PRON;themselves
6;PRON;these
6;PRON;those
6;PRON;whatever
6;PRON;which
6;PRON;whichever
6;PRON;whoever
6;PRON;whomever
6;PRON;whose
6;PRON;yours
6;PRON;yourself
6;PRON;yourselves
6;VERB;paint
6;VERB;paste
6;VERB;pause
6;VERB;pedal
6;VERB;phone
6;VERB;pinch
6;VERB;place
6;VERB;plant
6;VERB;plead
6;VERB;point
6;VERB;press
6;VERB;prick
6;VERB;print
6;VERB;punch
6;VERB;quilt
6;VERB;quote
6;VERB;raise
6;VERB;reach
6;VERB;reign
6;VERB;relax
6;VERB;reply
6;VERB;rhyme
6;VERB;rinse
6;VERB;savor
6;VERB;scare
6;VERB;scoff
6;VERB;scold
6;VERB;scoot
6;VERB;screw
6;VERB;sense
6;VERB;serve
6;VERB;sever
6;VERB;shade
6;VERB;share
6;VERB;shave
6;VERB;shift
6;VERB;shock
6;VERB;shoot
6;VERB;shout
6;VERB;shrug
6;VERB;singe
6;VERB;skate
6;VERB;sleep
6;VERB;slice
6;VERB;slide
6;VERB;smash
6;VERB;smell
6;VERB;smile
6;VERB;smoke
6;VERB;snarl
6;VERB;sneak
6;VERB;sneer
6;VERB;sniff
6;VERB;snoop
6;VERB;snore
6;VERB;snort
6;VERB;sound
6;VERB;spare
6;VERB;spark
6;VERB;speak
6;VERB;spell
6;VERB;spend
6;VERB;spill
6;VERB;spoil
6;VERB;spray
6;VERB;stain
6;VERB;stamp
6;VERB;stand
6;VERB;stare
6;VERB;start
6;VERB;stash
6;VERB;state
6;VERB;steer
6;VERB;store
6;VERB;storm
6;VERB;strap
6;VERB;stray
6;VERB;strip
6;VERB;strum
6;VERB;strut
6;VERB;stuff
6;VERB;stunt
6;VERB;swear
6;VERB;swing
6;VERB;swoop
6;VERB;taste
6;VERB;taunt
6;VERB;teach
6;VERB;tease
6;VERB;tempt
6;VERB;thank
6;VERB;think
6;VERB;throw
6;VERB;toast
6;VERB;touch
6;VERB;trace
6;VERB;track
6;VERB;trade
6;VERB;train
6;VERB;treat
7;ADJ;admired
7;ADJ;alarmed
7;ADJ;amazing
7;ADJ;amusing
7;ADJ;ancient
7;ADJ;angelic
7;ADJ;another
7;ADJ;antique
7;ADJ;anxious
7;ADJ;ashamed
7;ADJ;assured
7;ADJ;austere
7;ADJ;average
7;ADJ;awesome
7;ADJ;awkward
7;ADJ;babyish
7;ADJ;belated
7;ADJ;beloved
7;ADJ;blaring
7;ADJ;boiling
7;ADJ;bruised
7;ADJ;buoyant
7;ADJ;buttery
7;ADJ;buzzing
7;ADJ;capital
7;ADJ;careful
7;ADJ;classic
7;ADJ;complex
7;ADJ;content
7;ADJ;corrupt
7;ADJ;crooked
7;ADJ;crowded
7;ADJ;damaged
7;ADJ;darling
7;ADJ;dearest
7;ADJ;decimal
7;ADJ;defiant
7;ADJ;delayed
7;ADJ;devoted
7;ADJ;digital
7;ADJ;dimpled
7;ADJ;distant
7;ADJ;dutiful
7;ADJ;earnest
7;ADJ;elastic
7;ADJ;elderly
7;ADJ;elegant
7;ADJ;eminent
7;ADJ;enraged
7;ADJ;envious
7;ADJ;ethical
7;ADJ;exalted
7;ADJ;excited
7;ADJ;failing
7;ADJ;faraway
7;ADJ;fearful
7;ADJ;fitting
7;ADJ;flowery
7;ADJ;focused
7;ADJ;foolish
7;ADJ;gaseous
7;ADJ;general
7;ADJ;genuine
7;ADJ;glaring
7;ADJ;gleeful
7;ADJ;grouchy
7;ADJ;growing
7;ADJ;harmful
7;ADJ;hateful
7;ADJ;healthy
7;ADJ;helpful
7;ADJ;hideous
7;ADJ;honored
7;ADJ;hopeful
7;ADJ;humming
7;ADJ;hurtful
7;ADJ;idiotic
7;ADJ;illegal
7;ADJ;immense
7;ADJ;jealous
7;ADJ;jittery
7;ADJ;knowing
7;ADJ;lasting
7;ADJ;leading
7;ADJ;likable
7;ADJ;limited
7;ADJ;limping
7;ADJ;lovable
7;ADJ;mammoth
7;ADJ;married
7;ADJ;massive
7;ADJ;medical
7;ADJ;melodic
7;ADJ;miserly
7;ADJ;monthly
7;ADJ;wooden
7;ADJ;worthy
7;ADJ;yearly
7;ADJ;yellow
7;ADJ;zigzag
7;ADP;against
7;ADP;alongside
7;ADP;amongst
7;ADP;astride
7;ADP;barring
7;ADP;beneath
7;ADP;besides
7;ADP;between
7;ADP;concerning
7;ADP;considering
7;ADP;despite
7;ADP;excepting
7;ADP;excluding
7;ADP;failing
7;ADP;following
7;ADP;including
7;ADP;opposite
7;ADP;outside
7;ADP;regarding
7;ADP;through
7;ADP;throughout
7;ADP;toward
7;ADP;towards
7;ADP;underneath
7;ADP;unlike
7;ADP;versus
7;ADP;within
7;ADP;without
7;ADV;intensely
7;ADV;invisibly
7;ADV;irritably
7;ADV;jealously
7;ADV;joylessly
7;ADV;kiddingly
7;ADV;knavishly
7;ADV;knowingly
7;ADV;longingly
7;ADV;magically
7;ADV;meanwhile
7;ADV;medically
7;ADV;miserably
7;ADV;mockingly
7;ADV;naturally
7;ADV;naughtily
7;ADV;nervously
7;ADV;obviously
7;ADV;ominously
7;ADV;outwardly
7;ADV;painfully
7;ADV;partially
7;ADV;patiently
7;ADV;perfectly
7;ADV;playfully
7;ADV;presently
7;ADV;regularly
7;ADV;restfully
7;ADV;routinely
7;ADV;seemingly
7;CONJ;after
7;CONJ;although
7;CONJ;and
7;CONJ;as
7;CONJ;because
7;CONJ;before
7;CONJ;but
7;CONJ;for
7;CONJ;how
7;CONJ;if
7;CONJ;lest
7;CONJ;nor
7;CONJ;once
7;CONJ;or
7;CONJ;since
7;CONJ;so
7;CONJ;than
7;CONJ;that
7;CONJ;though
7;CONJ;till
7;CONJ;unless
7;CONJ;until
7;CONJ;when
7;CONJ;whenever
7;CONJ;where
7;CONJ;whereas
7;CONJ;wherever
7;CONJ;whether
7;CONJ;while
7;CONJ;yet
7;DET;a
7;DET;an
7;DET;the
7;INT;agreed
7;INT;blast
7;INT;bother
7;INT;egads
7;INT;fooey
7;INT;great
7;INT;huzza
7;INT;ixnay
7;INT;lordy
7;INT;never
7;INT;peace
7;INT;quite
7;INT;rats
7;INT;ready
7;INT;right
7;INT;roger
7;INT;shame
7;INT;shoo
7;INT;sigh
7;INT;snap
7;INT;sorry
7;INT;sssh
7;INT;there
7;INT;urgh
7;INT;voila
7;INT;vroom
7;INT;well
7;INT;what
7;INT;whee
7;INT;when
7;INT;whew
7;INT;whoa
7;INT;whoo
7;INT;word
7;INT;yeah
7;INT;yech
7;INT;yikes
7;INT;yummy
7;INT;zowie
7;NOUN;action
7;NOUN;action
7;NOUN;advice
7;NOUN;advice
7;NOUN;amount
7;NOUN;animal
7;NOUN;animal
7;NOUN;answer
7;NOUN;answer
7;NOUN;apples
7;NOUN;attack
7;NOUN;babies
7;NOUN;banana
7;NOUN;banana
7;NOUN;basket
7;NOUN;basket
7;NOUN;battle
7;NOUN;battle
7;NOUN;beetle
7;NOUN;beetle
7;NOUN;beggar
7;NOUN;beggar
7;NOUN;belief
7;NOUN;border
7;NOUN;border
7;NOUN;bottle
7;NOUN;branch
7;NOUN;branch
7;NOUN;breath
7;NOUN;bridge
7;NOUN;bubble
7;NOUN;bubble
7;NOUN;bucket
7;NOUN;bucket
7;NOUN;bushes
7;NOUN;bushes
7;NOUN;butter
7;NOUN;butter
7;NOUN;button
7;NOUN;cactus
7;NOUN;cactus
7;NOUN;cannon
7;NOUN;cattle
7;NOUN;celery
7;NOUN;cellar
7;NOUN;cherry
7;NOUN;circle
7;NOUN;clover
7;NOUN;cobweb
7;NOUN;crayon
7;NOUN;dinner
7;NOUN;doctor
7;NOUN;donkey
7;NOUN;eggnog
7;NOUN;family
7;NOUN;father
7;NOUN;faucet
7;NOUN;finger
7;NOUN;flavor
7;NOUN;flower
7;NOUN;galley
7;NOUN;guitar
7;NOUN;health
7;NOUN;icicle
7;NOUN;income
7;NOUN;island
7;NOUN;kitten
7;NOUN;kitten
7;NOUN;lawyer
7;NOUN;locket
7;NOUN;lumber
7;NOUN;marble
7;NOUN;mitten
7;NOUN;mother
7;NOUN;mother
7;NOUN;number
7;NOUN;parent
7;NOUN;pencil
7;NOUN;pickle
7;NOUN;pocket
7;NOUN;poison
7;NOUN;police
7;NOUN;rabbit
7;NOUN;recess
7;NOUN;reward
7;NOUN;riddle
7;NOUN;sister
7;NOUN;stove
7;NOUN;straw
7;NOUN;stream
7;NOUN;street
7;NOUN;string
7;NOUN;sugar
7;NOUN;summer
7;NOUN;summer
7;NOUN;swing
7;NOUN;table
7;NOUN;taste
7;NOUN;teeth
7;NOUN;temper
7;NOUN;thing
7;NOUN;thread
7;NOUN;thrill
7;NOUN;throat
7;NOUN;throne
7;NOUN;throne
7;NOUN;thumb
7;NOUN;tiger
7;NOUN;title
7;NOUN;tooth
7;NOUN;touch
7;NOUN;trade
7;NOUN;trail
7;NOUN;train
7;NOUN;tramp
7;NOUN;trees
7;NOUN;trick
7;NOUN;truck
7;NOUN;turkey
7;NOUN;twist
7;NOUN;uncle
7;NOUN;value
7;NOUN;verse
7;NOUN;voice
7;NOUN;voyage
7;NOUN;waste
7;NOUN;watch
7;NOUN;water
7;NOUN;waves
7;NOUN;wealth
7;NOUN;wheel
7;NOUN;winter
7;NOUN;winter
7;NOUN;woman
7;NOUN;women
7;NOUN;wound
7;NOUN;wrench
7;NOUN;wrist
7;NOUN;writer
7;NOUN;zebra
7;PRON;another
7;PRON;anybody
7;PRON;anyone
7;PRON;anything
7;PRON;either
7;PRON;everybody
7;PRON;everyone
7;PRON;everything
7;PRON;herself
7;PRON;himself
7;PRON;itself
7;PRON;myself
7;PRON;neither
7;PRON;nobody
7;PRON;nothing
7;PRON;other
7;PRON;others
7;PRON;ourselves
7;PRON;several
7;PRON;somebody
7;PRON;someone
7;PRON;something
7;PRON;their
7;PRON;theirs
7;PRON;themselves
7;PRON;these
7;PRON;those
7;PRON;whatever
7;PRON;which
7;PRON;whichever
7;PRON;whoever
7;PRON;whomever
7;PRON;whose
7;PRON;yours
7;PRON;yourself
7;PRON;yourselves
7;VERB;accept
7;VERB;admire
7;VERB;advise
7;VERB;affirm
7;VERB;afford
7;VERB;allege
7;VERB;allude
7;VERB;answer
7;VERB;appeal
7;VERB;appear
7;VERB;arrest
7;VERB;arrive
7;VERB;assert
7;VERB;assure
7;VERB;attach
7;VERB;attack
7;VERB;attend
7;VERB;babble
7;VERB;barter
7;VERB;battle
7;VERB;become
7;VERB;behave
7;VERB;bellow
7;VERB;belong
7;VERB;berate
7;VERB;bestow
7;VERB;bleach
7;VERB;borrow
7;VERB;bounce
7;VERB;branch
7;VERB;bruise
7;VERB;bubble
7;VERB;cajole
7;VERB;change
7;VERB;charge
7;VERB;choose
7;VERB;concur
7;VERB;damage
7;VERB;debate
7;VERB;decide
7;VERB;demand
7;VERB;depend
7;VERB;desert
7;VERB;desire
7;VERB;direct
7;VERB;trick
7;VERB;trust
7;VERB;twist
7;VERB;unite
7;VERB;untie
7;VERB;upset
7;VERB;usurp
7;VERB;utter
7;VERB;value
7;VERB;visit
7;VERB;voice
7;VERB;vouch
7;VERB;waste
7;VERB;watch
7;VERB;water
7;VERB;waver
7;VERB;weave
7;VERB;weigh
7;VERB;whine
7;VERB;whirl
7;VERB;worry
7;VERB;wreck
7;VERB;write
7;VERB;yield
7;VERB;yodel
8;ADJ;absolute
8;ADJ;academic
8;ADJ;accurate
8;ADJ;adorable
8;ADJ;advanced
8;ADJ;agitated
8;ADJ;alarming
8;ADJ;anchored
8;ADJ;muffled
8;ADJ;mundane
8;ADJ;natural
8;ADJ;naughty
8;ADJ;nervous
8;ADJ;nonstop
8;ADJ;notable
8;ADJ;noxious
8;ADJ;obvious
8;ADJ;oddball
8;ADJ;offbeat
8;ADJ;optimal
8;ADJ;opulent
8;ADJ;orderly
8;ADJ;organic
8;ADJ;overdue
8;ADJ;parched
8;ADJ;partial
8;ADJ;peppery
8;ADJ;perfect
8;ADJ;pitiful
8;ADJ;plastic
8;ADJ;playful
8;ADJ;pleased
8;ADJ;pointed
8;ADJ;popular
8;ADJ;potable
8;ADJ;present
8;ADJ;prickly
8;ADJ;primary
8;ADJ;private
8;ADJ;profuse
8;ADJ;prudent
8;ADJ;pungent
8;ADJ;puzzled
8;ADJ;radiant
8;ADJ;regular
8;ADJ;roasted
8;ADJ;rubbery
8;ADJ;rundown
8;ADJ;scented
8;ADJ;scrawny
8;ADJ;selfish
8;ADJ;serious
8;ADJ;several
8;ADJ;shadowy
8;ADJ;shallow
8;ADJ;shocked
8;ADJ;similar
8;ADJ;soulful
8;ADJ;Spanish
8;ADJ;spotted
8;ADJ;squeaky
8;ADJ;stained
8;ADJ;starchy
8;ADJ;strange
8;ADJ;striped
8;ADJ;stylish
8;ADJ;subdued
8;ADJ;tedious
8;ADJ;teeming
8;ADJ;thirsty
8;ADJ;thrifty
8;ADJ;trained
8;ADJ;trivial
8;ADJ;unaware
8;ADJ;unhappy
8;ADJ;uniform
8;ADJ;unkempt
8;ADJ;unknown
8;ADJ;unlined
8;ADJ;unlucky
8;ADJ;untried
8;ADJ;unusual
8;ADJ;upright
8;ADJ;useless
8;ADJ;velvety
8;ADJ;vibrant
8;ADJ;vicious
8;ADJ;violent
8;ADJ;virtual
8;ADJ;visible
8;ADJ;warlike
8;ADJ;wealthy
8;ADJ;weighty
8;ADJ;welcome
8;ADJ;willing
8;ADJ;winding
8;ADJ;worldly
8;ADJ;worried
8;ADJ;yawning
8;ADJ;zealous
8;ADP;against
8;ADP;alongside
8;ADP;amongst
8;ADP;astride
8;ADP;barring
8;ADP;beneath
8;ADP;besides
8;ADP;between
8;ADP;concerning
8;ADP;considering
8;ADP;despite
8;ADP;excepting
8;ADP;excluding
8;ADP;failing
8;ADP;following
8;ADP;including
8;ADP;opposite
8;ADP;outside
8;ADP;regarding
8;ADP;through
8;ADP;throughout
8;ADP;toward
8;ADP;towards
8;ADP;underneath
8;ADP;unlike
8;ADP;versus
8;ADP;within
8;ADP;without
8;ADV;abnormally
8;ADV;absolutely
8;ADV;abundantly
8;ADV;admiringly
8;ADV;afterwards
8;ADV;annoyingly
8;ADV;arrogantly
8;ADV;believably
8;ADV;blissfully
8;ADV;boastfully
8;ADV;carelessly
8;ADV;cautiously
8;ADV;charmingly
8;ADV;cheerfully
8;ADV;childishly
8;ADV;colorfully
8;ADV;completely
8;ADV;confusedly
8;ADV;constantly
8;ADV;delicately
8;ADV;diagonally
8;ADV;personally
8;ADV;physically
8;ADV;poetically
8;ADV;poignantly
8;ADV;positively
8;ADV;powerfully
8;ADV;presumably
8;ADV;previously
8;ADV;punctually
8;ADV;puzzlingly
8;ADV;selfishly
8;ADV;seriously
8;ADV;sincerely
8;ADV;sometimes
8;ADV;somewhere
8;ADV;specially
8;ADV;stylishly
8;ADV;supremely
8;ADV;uniformly
8;ADV;uselessly
8;ADV;valiantly
8;ADV;viciously
8;ADV;violently
8;ADV;willfully
8;ADV;willingly
8;ADV;worriedly
8;ADV;yesterday
8;ADV;zealously
8;ADV;zestfully
8;CONJ;after
8;CONJ;although
8;CONJ;and
8;CONJ;as
8;CONJ;because
8;CONJ;before
8;CONJ;but
8;CONJ;for
8;CONJ;how
8;CONJ;if
8;CONJ;lest
8;CONJ;nor
8;CONJ;once
8;CONJ;or
8;CONJ;since
8;CONJ;so
8;CONJ;than
8;CONJ;that
8;CONJ;though
8;CONJ;till
8;CONJ;unless
8;CONJ;until
8;CONJ;when
8;CONJ;whenever
8;CONJ;where
8;CONJ;whereas
8;CONJ;wherever
8;CONJ;whether
8;CONJ;while
8;CONJ;yet
8;DET;a
8;DET;an
8;DET;the
8;INT;agreed
8;INT;blast
8;INT;bother
8;INT;egads
8;INT;fooey
8;INT;great
8;INT;huzza
8;INT;ixnay
8;INT;lordy
8;INT;never
8;INT;peace
8;INT;quite
8;INT;rats
8;INT;ready
8;INT;right
8;INT;roger
8;INT;shame
8;INT;shoo
8;INT;sigh
8;INT;snap
8;INT;sorry
8;INT;sssh
8;INT;there
8;INT;urgh
8;INT;voila
8;INT;vroom
8;INT;well
8;INT;what
8;INT;whee
8;INT;when
8;INT;whew
8;INT;whoa
8;INT;whoo
8;INT;word
8;INT;yeah
8;INT;yech
8;INT;yikes
8;INT;yummy
8;INT;zowie
8;NOUN;camera
8;NOUN;cannon
8;NOUN;canvas
8;NOUN;cattle
8;NOUN;celery
8;NOUN;cellar
8;NOUN;chairs
8;NOUN;chance
8;NOUN;change
8;NOUN;cheese
8;NOUN;cherry
8;NOUN;church
8;NOUN;circle
8;NOUN;clocks
8;NOUN;clouds
8;NOUN;clover
8;NOUN;cobweb
8;NOUN;collar
8;NOUN;copper
8;NOUN;crayon
8;NOUN;credit
8;NOUN;degree
8;NOUN;design
8;NOUN;desire
8;NOUN;detail
8;NOUN;dinner
8;NOUN;doctor
8;NOUN;donkey
8;NOUN;drawer
8;NOUN;effect
8;NOUN;eggnog
8;NOUN;engine
8;NOUN;expert
8;NOUN;family
8;NOUN;farmer
8;NOUN;father
8;NOUN;father
8;NOUN;faucet
8;NOUN;finger
8;NOUN;finger
8;NOUN;flavor
8;NOUN;flight
8;NOUN;flower
8;NOUN;friend
8;NOUN;garden
8;NOUN;giants
8;NOUN;ground
8;NOUN;growth
8;NOUN;guitar
8;NOUN;hammer
8;NOUN;harbor
8;NOUN;health
8;NOUN;horses
8;NOUN;houses
8;NOUN;icicle
8;NOUN;income
8;NOUN;insect
8;NOUN;island
8;NOUN;kettle
8;NOUN;kitten
8;NOUN;lawyer
8;NOUN;letter
8;NOUN;liquid
8;NOUN;locket
8;NOUN;lumber
8;NOUN;marble
8;NOUN;market
8;NOUN;memory
8;NOUN;middle
8;NOUN;minute
8;NOUN;mitten
8;NOUN;monkey
8;NOUN;mother
8;NOUN;motion
8;NOUN;muscle
8;NOUN;nation
8;NOUN;needle
8;NOUN;number
8;NOUN;office
8;NOUN;orange
8;NOUN;parcel
8;NOUN;parent
8;NOUN;pencil
8;NOUN;person
8;NOUN;pickle
8;NOUN;pizzas
8;NOUN;planes
8;NOUN;plants
8;NOUN;plough
8;NOUN;pocket
8;NOUN;poison
8;NOUN;police
8;NOUN;polish
8;NOUN;porter
8;NOUN;potato
8;NOUN;powder
8;NOUN;prison
8;NOUN;profit
8;NOUN;quartz
8;NOUN;quince
8;NOUN;quiver
8;NOUN;rabbit
8;NOUN;reason
8;NOUN;recess
8;NOUN;record
8;NOUN;regret
8;NOUN;reward
8;NOUN;rhythm
8;NOUN;riddle
8;NOUN;school
8;NOUN;silver
8;NOUN;sister
8;NOUN;snails
8;NOUN;snakes
8;NOUN;sneeze
8;NOUN;sponge
8;NOUN;spring
8;NOUN;square
8;NOUN;sticks
8;NOUN;stitch
8;NOUN;stream
8;NOUN;street
8;NOUN;string
8;NOUN;summer
8;NOUN;system
8;NOUN;temper
8;NOUN;theory
8;NOUN;things
8;NOUN;thread
8;NOUN;thrill
8;NOUN;throat
8;NOUN;throne
8;NOUN;ticket
8;NOUN;tongue
8;NOUN;trains
8;NOUN;trucks
8;NOUN;turkey
8;NOUN;vessel
8;NOUN;voyage
8;NOUN;wealth
8;NOUN;weight
8;NOUN;window
8;NOUN;winter
8;NOUN;wrench
8;NOUN;writer
8;NOUN;zephyr
8;NOUN;zipper
8;PRON;another
8;PRON;anybody
8;PRON;anyone
8;PRON;anything
8;PRON;either
8;PRON;everybody
8;PRON;everyone
8;PRON;everything
8;PRON;herself
8;PRON;himself
8;PRON;itself
8;PRON;myself
8;PRON;neither
8;PRON;nobody
8;PRON;nothing
8;PRON;other
8;PRON;others
8;PRON;ourselves
8;PRON;several
8;PRON;somebody
8;PRON;someone
8;PRON;something
8;PRON;their
8;PRON;theirs
8;PRON;themselves
8;PRON;these
8;PRON;those
8;PRON;whatever
8;PRON;which
8;PRON;whichever
8;PRON;whoever
8;PRON;whomever
8;PRON;whose
8;PRON;yours
8;PRON;yourself
8;PRON;yourselves
8;VERB;analyze
8;VERB;applaud
8;VERB;approve
8;VERB;arrange
8;VERB;attempt
8;VERB;attract
8;VERB;auction
8;VERB;balance
8;VERB;bandage
8;VERB;bargain
8;VERB;divide
8;VERB;double
8;VERB;employ
8;VERB;encode
8;VERB;enjoin
8;VERB;escape
8;VERB;excite
8;VERB;excuse
8;VERB;exhort
8;VERB;expand
8;VERB;expect
8;VERB;extend
8;VERB;extoll
8;VERB;falter
8;VERB;fasten
8;VERB;flower
8;VERB;follow
8;VERB;forget
8;VERB;freeze
8;VERB;garden
8;VERB;gather
8;VERB;grease
8;VERB;gurgle
8;VERB;hammer
8;VERB;handle
8;VERB;happen
8;VERB;harass
8;VERB;hijack
8;VERB;hinder
8;VERB;ignore
8;VERB;infect
8;VERB;inform
8;VERB;infuse
8;VERB;inject
8;VERB;injure
8;VERB;insist
8;VERB;intend
8;VERB;invent
8;VERB;invest
8;VERB;invite
8;VERB;jabber
8;VERB;juggle
8;VERB;lament
8;VERB;listen
8;VERB;loosen
8;VERB;manage
8;VERB;marvel
8;VERB;matter
8;VERB;mumble
8;VERB;murder
8;VERB;mutter
8;VERB;notice
8;VERB;number
8;VERB;object
8;VERB;obtain
8;VERB;offend
8;VERB;paddle
8;VERB;permit
8;VERB;pester
8;VERB;please
8;VERB;pledge
8;VERB;polish
8;VERB;ponder
8;VERB;preach
8;VERB;prefer
8;VERB;punish
8;VERB;rebuff
8;VERB;recall
8;VERB;recite
8;VERB;record
8;VERB;reduce
8;VERB;refuse
8;VERB;regret
8;VERB;reject
8;VERB;relate
8;VERB;remain
8;VERB;remind
8;VERB;remove
8;VERB;repair
8;VERB;repeat
8;VERB;report
8;VERB;rescue
8;VERB;retire
8;VERB;retort
8;VERB;return
8;VERB;reveal
8;VERB;scorch
8;VERB;scrape
8;VERB;scream
8;VERB;search
8;VERB;settle
8;VERB;shiver
8;VERB;shriek
8;VERB;signal
8;VERB;sketch
8;VERB;snatch
8;VERB;sneeze
8;VERB;snooze
8;VERB;soothe
8;VERB;sprout
8;VERB;squash
8;VERB;stitch
8;VERB;stress
8;VERB;stroke
8;VERB;suffer
8;VERB;supply
8;VERB;switch
8;VERB;tickle
8;VERB;travel
8;VERB;tumble
8;VERB;unlock
8;VERB;unpack
8;VERB;uphold
8;VERB;vacuum
8;VERB;vanish
8;VERB;wallow
8;VERB;wander
8;VERB;wobble
8;VERB;wonder
8;VERB;writhe
9;ADJ;abandoned
9;ADJ;acceptable
9;ADJ;acclaimed
9;ADJ;acrobatic
9;ADJ;admirable
9;ADJ;adolescent
9;ADJ;aggressive
9;ADJ;agonizing
9;ADJ;agreeable
9;ADJ;alienated
9;ADJ;altruistic
9;ADJ;ambitious
9;ADJ;anguished
9;ADJ;animated
9;ADJ;aromatic
9;ADJ;artistic
9;ADJ;athletic
9;ADJ;attached
9;ADJ;attentive
9;ADJ;attractive
9;ADJ;authentic
9;ADJ;authorized
9;ADJ;automatic
9;ADJ;avaricious
9;ADJ;beautiful
9;ADJ;beneficial
9;ADJ;bewitched
9;ADJ;blissful
9;ADJ;blushing
9;ADJ;bountiful
9;ADJ;breakable
9;ADJ;brilliant
9;ADJ;burdensome
9;ADJ;bustling
9;ADJ;carefree
9;ADJ;careless
9;ADJ;cautious
9;ADJ;cavernous
9;ADJ;celebrated
9;ADJ;charming
9;ADJ;cheerful
9;ADJ;circular
9;ADJ;clueless
9;ADJ;cluttered
9;ADJ;colorful
9;ADJ;colorless
9;ADJ;colossal
9;ADJ;competent
9;ADJ;complete
9;ADJ;composed
9;ADJ;concerned
9;ADJ;concrete
9;ADJ;confused
9;ADJ;conscious
9;ADJ;constant
9;ADJ;courageous
9;ADJ;courteous
9;ADJ;creative
9;ADJ;criminal
9;ADJ;critical
9;ADJ;crushing
9;ADJ;cultivated
9;ADJ;cultured
9;ADJ;cumbersome
9;ADJ;dangerous
9;ADJ;dazzling
9;ADJ;deafening
9;ADJ;decisive
9;ADJ;defensive
9;ADJ;deficient
9;ADJ;definite
9;ADJ;definitive
9;ADJ;delectable
9;ADJ;delicious
9;ADJ;delightful
9;ADJ;delirious
9;ADJ;demanding
9;ADJ;dependable
9;ADJ;dependent
9;ADJ;deserted
9;ADJ;detailed
9;ADJ;determined
9;ADJ;different
9;ADJ;difficult
9;ADJ;diligent
9;ADJ;dimwitted
9;ADJ;disastrous
9;ADJ;discrete
9;ADJ;disfigured
9;ADJ;disguised
9;ADJ;disgusting
9;ADJ;dishonest
9;ADJ;disloyal
9;ADJ;distinct
9;ADJ;distorted
9;ADJ;downright
9;ADJ;dramatic
9;ADJ;ecstatic
9;ADJ;educated
9;ADJ;elaborate
9;ADJ;electric
9;ADJ;emotional
9;ADJ;enchanted
9;ADJ;energetic
9;ADJ;enormous
9;ADJ;essential
9;ADJ;esteemed
9;ADJ;euphoric
9;ADJ;evergreen
9;ADJ;excellent
9;ADJ;excitable
9;ADJ;exciting
9;ADJ;exemplary
9;ADJ;exhausted
9;ADJ;expensive
9;ADJ;fabulous
9;ADJ;faithful
9;ADJ;familiar
9;ADJ;fantastic
9;ADJ;fatherly
9;ADJ;favorable
9;ADJ;favorite
9;ADJ;fearless
9;ADJ;feminine
9;ADJ;finished
9;ADJ;firsthand
9;ADJ;flawless
9;ADJ;flippant
9;ADJ;flustered
9;ADJ;foolhardy
9;ADJ;forceful
9;ADJ;forsaken
9;ADJ;fortunate
9;ADJ;fragrant
9;ADJ;frequent
9;ADJ;friendly
9;ADJ;frivolous
9;ADJ;fruitful
9;ADJ;fumbling
9;ADJ;generous
9;ADJ;gigantic
9;ADJ;glamorous
9;ADJ;gleaming
9;ADJ;glorious
9;ADJ;gorgeous
9;ADJ;graceful
9;ADJ;gracious
9;ADJ;grandiose
9;ADJ;granular
9;ADJ;grateful
9;ADJ;gripping
9;ADJ;grizzled
9;ADJ;grotesque
9;ADJ;grounded
9;ADJ;growling
9;ADJ;gruesome
9;ADJ;gullible
9;ADJ;handmade
9;ADJ;handsome
9;ADJ;harmless
9;ADJ;haunting
9;ADJ;heartfelt
9;ADJ;heavenly
9;ADJ;helpless
9;ADJ;hilarious
9;ADJ;honorable
9;ADJ;horrible
9;ADJ;humongous
9;ADJ;identical
9;ADJ;idolized
9;ADJ;ignorant
9;ADJ;imaginary
9;ADJ;immediate
9;ADJ;impartial
9;ADJ;imperfect
9;ADJ;impolite
9;ADJ;important
9;ADJ;indelible
9;ADJ;indolent
9;ADJ;infamous
9;ADJ;infantile
9;ADJ;inferior
9;ADJ;infinite
9;ADJ;informal
9;ADJ;innocent
9;ADJ;insecure
9;ADJ;insidious
9;ADJ;insistent
9;ADJ;internal
9;ADJ;intrepid
9;ADJ;ironclad
9;ADJ;jubilant
9;ADJ;judicious
9;ADJ;juvenile
9;ADJ;loathsome
9;ADJ;lopsided
9;ADJ;lumbering
9;ADJ;luminous
9;ADJ;lustrous
9;ADJ;luxurious
9;ADJ;majestic
9;ADJ;marvelous
9;ADJ;masculine
9;ADJ;mediocre
9;ADJ;memorable
9;ADJ;menacing
9;ADJ;metallic
9;ADJ;mindless
9;ADJ;miniature
9;ADJ;miserable
9;ADJ;misguided
9;ADJ;monstrous
9;ADJ;mortified
9;ADJ;motherly
9;ADJ;nautical
9;ADJ;necessary
9;ADJ;negative
9;ADJ;neglected
9;ADJ;nocturnal
9;ADJ;obedient
9;ADJ;offensive
9;ADJ;official
9;ADJ;ordinary
9;ADJ;original
9;ADJ;outgoing
9;ADJ;outlying
9;ADJ;overjoyed
9;ADJ;palatable
9;ADJ;parallel
9;ADJ;peaceful
9;ADJ;perfumed
9;ADJ;periodic
9;ADJ;personal
9;ADJ;pertinent
9;ADJ;physical
9;ADJ;piercing
9;ADJ;plaintive
9;ADJ;pleasant
9;ADJ;pleasing
9;ADJ;pointless
9;ADJ;polished
9;ADJ;political
9;ADJ;positive
9;ADJ;possible
9;ADJ;powerful
9;ADJ;powerless
9;ADJ;practical
9;ADJ;precious
9;ADJ;previous
9;ADJ;pristine
9;ADJ;probable
9;ADJ;punctual
9;ADJ;puzzling
9;ADJ;qualified
9;ADJ;quarterly
9;ADJ;querulous
9;ADJ;quixotic
9;ADJ;quizzical
9;ADJ;realistic
9;ADJ;reckless
9;ADJ;reliable
9;ADJ;relieved
9;ADJ;repentant
9;ADJ;repulsive
9;ADJ;required
9;ADJ;revolving
9;ADJ;rewarding
9;ADJ;rotating
9;ADJ;sarcastic
9;ADJ;sardonic
9;ADJ;satisfied
9;ADJ;scholarly
9;ADJ;scornful
9;ADJ;scratchy
9;ADJ;secondary
9;ADJ;separate
9;ADJ;shameful
9;ADJ;shameless
9;ADJ;shocking
9;ADJ;sizzling
9;ADJ;skeletal
9;ADJ;slippery
9;ADJ;snarling
9;ADJ;sniveling
9;ADJ;sociable
9;ADJ;sorrowful
9;ADJ;sparkling
9;ADJ;specific
9;ADJ;spherical
9;ADJ;spirited
9;ADJ;spiteful
9;ADJ;splendid
9;ADJ;spotless
9;ADJ;squiggly
9;ADJ;standard
9;ADJ;straight
9;ADJ;strident
9;ADJ;striking
9;ADJ;studious
9;ADJ;stunning
9;ADJ;suburban
9;ADJ;superior
9;ADJ;surprised
9;ADJ;talkative
9;ADJ;tangible
9;ADJ;tattered
9;ADJ;tempting
9;ADJ;terrible
9;ADJ;terrific
9;ADJ;thankful
9;ADJ;thorough
9;ADJ;traumatic
9;ADJ;treasured
9;ADJ;trifling
9;ADJ;troubled
9;ADJ;trusting
9;ADJ;truthful
9;ADJ;turbulent
9;ADJ;ultimate
9;ADJ;uncommon
9;ADJ;unequaled
9;ADJ;unfolded
9;ADJ;unhealthy
9;ADJ;unlawful
9;ADJ;unnatural
9;ADJ;unselfish
9;ADJ;unsightly
9;ADJ;unsteady
9;ADJ;untimely
9;ADJ;unwelcome
9;ADJ;unwieldy
9;ADJ;unwilling
9;ADJ;unwitting
9;ADJ;unwritten
9;ADJ;utilized
9;ADJ;valuable
9;ADJ;variable
9;ADJ;venerated
9;ADJ;vengeful
9;ADJ;vigilant
9;ADJ;vigorous
9;ADJ;virtuous
9;ADJ;vivacious
9;ADJ;wasteful
9;ADJ;watchful
9;ADJ;whimsical
9;ADJ;whirlwind
9;ADJ;whispered
9;ADJ;whopping
9;ADJ;wonderful
9;ADJ;worrisome
9;ADJ;worthless
9;ADJ;wrathful
9;ADJ;wretched
9;ADJ;writhing
9;ADJ;yellowish
9;ADJ;youthful
9;ADP;against
9;ADP;alongside
9;ADP;amongst
9;ADP;astride
9;ADP;barring
9;ADP;beneath
9;ADP;besides
9;ADP;between
9;ADP;concerning
9;ADP;considering
9;ADP;despite
9;ADP;excepting
9;ADP;excluding
9;ADP;failing
9;ADP;following
9;ADP;including
9;ADP;opposite
9;ADP;outside
9;ADP;regarding
9;ADP;through
9;ADP;throughout
9;ADP;toward
9;ADP;towards
9;ADP;underneath
9;ADP;unlike
9;ADP;versus
9;ADP;within
9;ADP;without
9;ADV;diligently
9;ADV;disorderly
9;ADV;divisively
9;ADV;doubtfully
9;ADV;eloquently
9;ADV;enormously
9;ADV;especially
9;ADV;eventually
9;ADV;everywhere
9;ADV;explicitly
9;ADV;externally
9;ADV;faithfully
9;ADV;frequently
9;ADV;generously
9;ADV;gracefully
9;ADV;graciously
9;ADV;gratefully
9;ADV;grudgingly
9;ADV;habitually
9;ADV;handsomely
9;ADV;hauntingly
9;ADV;hopelessly
9;ADV;humorously
9;ADV;inevitably
9;ADV;infinitely
9;ADV;informally
9;ADV;innocently
9;ADV;internally
9;ADV;invariably
9;ADV;ironically
9;ADV;jubilantly
9;ADV;materially
9;ADV;measurably
9;ADV;menacingly
9;ADV;negatively
9;ADV;obediently
9;ADV;obligingly
9;ADV;officially
9;ADV;ordinarily
9;ADV;painlessly
9;CONJ;after
9;CONJ;although
9;CONJ;and
9;CONJ;as
9;CONJ;because
9;CONJ;before
9;CONJ;but
9;CONJ;for
9;CONJ;how
9;CONJ;if
9;CONJ;lest
9;CONJ;nor
9;CONJ;once
9;CONJ;or
9;CONJ;since
9;CONJ;so
9;CONJ;than
9;CONJ;that
9;CONJ;though
9;CONJ;till
9;CONJ;unless
9;CONJ;until
9;CONJ;when
9;CONJ;whenever
9;CONJ;where
9;CONJ;whereas
9;CONJ;wherever
9;CONJ;whether
9;CONJ;while
9;CONJ;yet
9;DET;a
9;DET;an
9;DET;the
9;INT;cheerio
9;INT;cheers
9;INT;crikey
9;INT;curses
9;INT;doggone
9;INT;exactly
9;INT;fiddlesticks
9;INT;gadzooks
9;INT;gangway
9;INT;gesundheit
9;INT;gracious
9;INT;hallelujah
9;INT;harrumph
9;INT;hooray
9;INT;humbug
9;INT;hurray
9;INT;kapish
9;INT;oopsey
9;INT;rumble
9;INT;shucks
9;INT;thanks
9;INT;toodles
9;INT;touche
9;INT;whatever
9;INT;whoopee
9;INT;whoops
9;INT;whoopsey
9;INT;wuzzup
9;INT;yippee
9;INT;zounds
9;NOUN;account
9;NOUN;achieve
9;NOUN;airplane
9;NOUN;airport
9;NOUN;airport
9;NOUN;apparel
9;NOUN;apparel
9;NOUN;attempt
9;NOUN;balance
9;NOUN;balloon
9;NOUN;balloon
9;NOUN;baseball
9;NOUN;bedroom
9;NOUN;bedroom
9;NOUN;believe
9;NOUN;believe
9;NOUN;birthday
9;NOUN;brother
9;NOUN;brother
9;NOUN;cabbage
9;NOUN;cabbage
9;NOUN;caption
9;NOUN;caption
9;NOUN;channel
9;NOUN;channel
9;NOUN;cherries
9;NOUN;chicken
9;NOUN;chicken
9;NOUN;children
9;NOUN;comfort
9;NOUN;company
9;NOUN;control
9;NOUN;country
9;NOUN;cracker
9;NOUN;cracker
9;NOUN;creator
9;NOUN;creator
9;NOUN;current
9;NOUN;curtain
9;NOUN;cushion
9;NOUN;disease
9;NOUN;disgust
9;NOUN;downtown
9;NOUN;driving
9;NOUN;example
9;NOUN;fairies
9;NOUN;feather
9;NOUN;feather
9;NOUN;feeling
9;NOUN;fiction
9;NOUN;fireman
9;NOUN;fireman
9;NOUN;flowers
9;NOUN;friends
9;NOUN;giraffe
9;NOUN;giraffe
9;NOUN;goldfish
9;NOUN;haircut
9;NOUN;haircut
9;NOUN;harmony
9;NOUN;hearing
9;NOUN;history
9;NOUN;hobbies
9;NOUN;hobbies
9;NOUN;holiday
9;NOUN;holiday
9;NOUN;hydrant
9;NOUN;hydrant
9;NOUN;impulse
9;NOUN;journey
9;NOUN;kittens
9;NOUN;laborer
9;NOUN;laborer
9;NOUN;ladybug
9;NOUN;ladybug
9;NOUN;leather
9;NOUN;letters
9;NOUN;lettuce
9;NOUN;lettuce
9;NOUN;library
9;NOUN;lizards
9;NOUN;machine
9;NOUN;mailbox
9;NOUN;mailbox
9;NOUN;manager
9;NOUN;measure
9;NOUN;meeting
9;NOUN;morning
9;NOUN;morning
9;NOUN;notebook
9;NOUN;oatmeal
9;NOUN;oatmeal
9;NOUN;opinion
9;NOUN;oranges
9;NOUN;pancake
9;NOUN;pancake
9;NOUN;partner
9;NOUN;partner
9;NOUN;payment
9;NOUN;picture
9;NOUN;picture
9;NOUN;plastic
9;NOUN;plastic
9;NOUN;popcorn
9;NOUN;popcorn
9;NOUN;process
9;NOUN;produce
9;NOUN;protest
9;NOUN;purpose
9;NOUN;quarter
9;NOUN;rabbits
9;NOUN;railway
9;NOUN;railway
9;NOUN;reading
9;NOUN;receipt
9;NOUN;request
9;NOUN;respect
9;NOUN;science
9;NOUN;servant
9;NOUN;sisters
9;NOUN;society
9;NOUN;spiders
9;NOUN;station
9;NOUN;station
9;NOUN;stomach
9;NOUN;stretch
9;NOUN;support
9;NOUN;sweater
9;NOUN;sweater
9;NOUN;texture
9;NOUN;texture
9;NOUN;thought
9;NOUN;thunder
9;NOUN;trouble
9;NOUN;visitor
9;NOUN;visitor
9;NOUN;volcano
9;NOUN;volcano
9;NOUN;weather
9;NOUN;weather
9;NOUN;whistle
9;NOUN;writing
9;PRON;another
9;PRON;anybody
9;PRON;anyone
9;PRON;anything
9;PRON;either
9;PRON;everybody
9;PRON;everyone
9;PRON;everything
9;PRON;herself
9;PRON;himself
9;PRON;itself
9;PRON;myself
9;PRON;neither
9;PRON;nobody
9;PRON;nothing
9;PRON;other
9;PRON;others
9;PRON;ourselves
9;PRON;several
9;PRON;somebody
9;PRON;someone
9;PRON;something
9;PRON;their
9;PRON;theirs
9;PRON;themselves
9;PRON;these
9;PRON;those
9;PRON;whatever
9;PRON;which
9;PRON;whichever
9;PRON;whoever
9;PRON;whomever
9;PRON;whose
9;PRON;yours
9;PRON;yourself
9;PRON;yourselves
9;VERB;barrage
9;VERB;believe
9;VERB;besiege
9;VERB;breathe
9;VERB;burnish
9;VERB;caution
9;VERB;collect
9;VERB;comfort
9;VERB;command
9;VERB;comment
9;VERB;compare
9;VERB;compete
9;VERB;concede
9;VERB;concern
9;VERB;confess
9;VERB;confide
9;VERB;confirm
9;VERB;connect
9;VERB;consent
9;VERB;consist
9;VERB;contain
9;VERB;contend
9;VERB;correct
9;VERB;counter
9;VERB;crochet
9;VERB;deceive
9;VERB;declare
9;VERB;delight
9;VERB;deliver
9;VERB;deserve
9;VERB;develop
9;VERB;dictate
9;VERB;digress
9;VERB;dislike
9;VERB;divorce
9;VERB;divulge
9;VERB;educate
9;VERB;enchant
9;VERB;examine
9;VERB;exclaim
9;VERB;explain
9;VERB;explode
9;VERB;explore
9;VERB;forgive
9;VERB;grumble
9;VERB;harness
9;VERB;imagine
9;VERB;implore
9;VERB;impress
9;VERB;improve
9;VERB;include
9;VERB;inflate
9;VERB;inquire
9;VERB;inspect
9;VERB;inspire
9;VERB;lecture
9;VERB;license
9;VERB;lighten
9;VERB;measure
9;VERB;mention
9;VERB;observe
9;VERB;operate
9;VERB;overrun
9;VERB;perform
9;VERB;possess
9;VERB;precede
9;VERB;predict
9;VERB;prepare
9;VERB;present
9;VERB;pretend
9;VERB;prevent
9;VERB;proceed
9;VERB;produce
9;VERB;profess
9;VERB;program
9;VERB;promise
9;VERB;propose
9;VERB;protect
9;VERB;protest
9;VERB;provide
9;VERB;radiate
9;VERB;realize
9;VERB;receive
9;VERB;reflect
9;VERB;rejoice
9;VERB;release
9;VERB;replace
9;VERB;request
9;VERB;reverse
9;VERB;satisfy
9;VERB;scatter
9;VERB;scratch
9;VERB;screech
9;VERB;shampoo
9;VERB;shelter
9;VERB;snicker
9;VERB;sparkle
9;VERB;sputter
9;VERB;squeeze
9;VERB;stammer
10;ADJ;elementary
10;ADJ;elliptical
10;ADJ;enchanting
10;ADJ;equatorial
10;ADJ;extraneous
10;ADJ;flamboyant
10;ADJ;flickering
10;ADJ;forthright
10;ADJ;frightened
10;ADJ;functional
10;ADJ;gargantuan
10;ADJ;glistening
10;ADJ;glittering
10;ADJ;gregarious
10;ADJ;harmonious
10;ADJ;hospitable
10;ADJ;idealistic
10;ADJ;illiterate
10;ADJ;immaculate
10;ADJ;immaterial
10;ADJ;impeccable
10;ADJ;impossible
10;ADJ;impressive
10;ADJ;improbable
10;ADJ;incomplete
10;ADJ;incredible
10;ADJ;infatuated
10;ADJ;irritating
10;ADJ;legitimate
10;ADJ;monumental
10;ADJ;motionless
10;ADJ;mysterious
10;ADJ;negligible
10;ADJ;noteworthy
10;ADJ;nutritious
10;ADJ;occasional
10;ADJ;optimistic
10;ADJ;outlandish
10;ADJ;outrageous
10;ADJ;overcooked
10;ADJ;overlooked
10;ADJ;passionate
10;ADJ;productive
10;ADJ;profitable
10;ADJ;reasonable
10;ADJ;reflecting
10;ADJ;remarkable
10;ADJ;remorseful
10;ADJ;respectful
10;ADJ;scientific
10;ADJ;serpentine
10;ADJ;shimmering
10;ADJ;simplistic
10;ADJ;stupendous
10;ADJ;submissive
10;ADJ;supportive
10;ADJ;suspicious
10;ADJ;sweltering
10;ADJ;thoughtful
10;ADJ;threadbare
10;ADJ;thunderous
10;ADJ;tremendous
10;ADJ;triangular
10;ADJ;unfinished
10;ADJ;unpleasant
10;ADJ;verifiable
10;ADJ;victorious
10;ADJ;villainous
10;ADJ;voluminous
10;ADJ;worthwhile
10;ADP;against
10;ADP;alongside
10;ADP;amongst
10;ADP;astride
10;ADP;barring
10;ADP;beneath
10;ADP;besides
10;ADP;between
10;ADP;concerning
10;ADP;considering
10;ADP;despite
10;ADP;excepting
10;ADP;excluding
10;ADP;failing
10;ADP;following
10;ADP;including
10;ADP;opposite
10;ADP;outside
10;ADP;regarding
10;ADP;through
10;ADP;throughout
10;ADP;toward
10;ADP;towards
10;ADP;underneath
10;ADP;unlike
10;ADP;versus
10;ADP;within
10;ADP;without
10;ADV;reasonably
10;ADV;recklessly
10;ADV;remarkably
10;ADV;repeatedly
10;ADV;reponsibly
10;ADV;rightfully
10;ADV;ruthlessly
10;ADV;selflessly
10;ADV;separately
10;ADV;sheepishly
10;ADV;singularly
10;ADV;skillfully
10;ADV;splendidly
10;ADV;stealthily
10;ADV;studiously
10;ADV;thankfully
10;ADV;thoroughly
10;ADV;touchingly
10;ADV;truthfully
10;ADV;ultimately
10;ADV;unbearably
10;ADV;vertically
10;ADV;vigilantly
10;ADV;vigorously
10;ADV;yearningly
10;ADV;youthfully
10;CONJ;after
10;CONJ;although
10;CONJ;and
10;CONJ;as
10;CONJ;because
10;CONJ;before
10;CONJ;but
10;CONJ;for
10;CONJ;how
10;CONJ;if
10;CONJ;lest
10;CONJ;nor
10;CONJ;once
10;CONJ;or
10;CONJ;since
10;CONJ;so
10;CONJ;than
10;CONJ;that
10;CONJ;though
10;CONJ;till
10;CONJ;unless
10;CONJ;until
10;CONJ;when
10;CONJ;whenever
10;CONJ;where
10;CONJ;whereas
10;CONJ;wherever
10;CONJ;whether
10;CONJ;while
10;CONJ;yet
10;DET;a
10;DET;an
10;DET;the
10;INT;cheerio
10;INT;cheers
10;INT;crikey
10;INT;curses
10;INT;doggone
10;INT;exactly
10;INT;fiddlesticks
10;INT;gadzooks
10;INT;gangway
10;INT;gesundheit
10;INT;gracious
10;INT;hallelujah
10;INT;harrumph
10;INT;hooray
10;INT;humbug
10;INT;hurray
10;INT;kapish
10;INT;oopsey
10;INT;rumble
10;INT;shucks
10;INT;thanks
10;INT;toodles
10;INT;touche
10;INT;whatever
10;INT;whoopee
10;INT;whoops
10;INT;whoopsey
10;INT;wuzzup
10;INT;yippee
10;INT;zounds
10;NOUN;achiever
10;NOUN;acoustics
10;NOUN;acoustics
10;NOUN;activity
10;NOUN;activity
10;NOUN;addition
10;NOUN;adjustment
10;NOUN;aftermath
10;NOUN;aftermath
10;NOUN;afternoon
10;NOUN;afternoon
10;NOUN;agreement
10;NOUN;airplane
10;NOUN;amusement
10;NOUN;apparatus
10;NOUN;appliance
10;NOUN;appliance
10;NOUN;approval
10;NOUN;argument
10;NOUN;arithmetic
10;NOUN;arithmetic
10;NOUN;attention
10;NOUN;attraction
10;NOUN;authority
10;NOUN;baseball
10;NOUN;basketball
10;NOUN;basketball
10;NOUN;beginner
10;NOUN;beginner
10;NOUN;behavior
10;NOUN;birthday
10;NOUN;boundary
10;NOUN;boundary
10;NOUN;breakfast
10;NOUN;breakfast
10;NOUN;brothers
10;NOUN;building
10;NOUN;business
10;NOUN;calculator
10;NOUN;calculator
10;NOUN;calendar
10;NOUN;calendar
10;NOUN;carpenter
10;NOUN;carpenter
10;NOUN;carriage
10;NOUN;cemetery
10;NOUN;cemetery
10;NOUN;cherries
10;NOUN;chickens
10;NOUN;children
10;NOUN;committee
10;NOUN;comparison
10;NOUN;condition
10;NOUN;connection
10;NOUN;creature
10;NOUN;creature
10;NOUN;daughter
10;NOUN;daughter
10;NOUN;decision
10;NOUN;digestion
10;NOUN;dinosaurs
10;NOUN;direction
10;NOUN;discovery
10;NOUN;discussion
10;NOUN;distance
10;NOUN;division
10;NOUN;downtown
10;NOUN;earthquake
10;NOUN;earthquake
10;NOUN;education
10;NOUN;education
10;NOUN;exchange
10;NOUN;existence
10;NOUN;expansion
10;NOUN;experience
10;NOUN;friction
10;NOUN;friction
10;NOUN;furniture
10;NOUN;furniture
10;NOUN;goldfish
10;NOUN;government
10;NOUN;governor
10;NOUN;governor
10;NOUN;hospital
10;NOUN;increase
10;NOUN;industry
10;NOUN;instrument
10;NOUN;insurance
10;NOUN;interest
10;NOUN;invention
10;NOUN;jellyfish
10;NOUN;jellyfish
10;NOUN;knowledge
10;NOUN;language
10;NOUN;language
10;NOUN;learning
10;NOUN;lunchroom
10;NOUN;lunchroom
10;NOUN;minister
10;NOUN;minister
10;NOUN;mountain
10;NOUN;mountain
10;NOUN;notebook
10;NOUN;operation
10;NOUN;ornament
10;NOUN;passenger
10;NOUN;passenger
10;NOUN;plantation
10;NOUN;plantation
10;NOUN;playground
10;NOUN;playground
10;NOUN;pleasure
10;NOUN;pleasure
10;NOUN;pollution
10;NOUN;pollution
10;NOUN;position
10;NOUN;property
10;NOUN;punishment
10;NOUN;question
10;NOUN;quicksand
10;NOUN;quicksand
10;NOUN;rainstorm
10;NOUN;rainstorm
10;NOUN;reaction
10;NOUN;relation
10;NOUN;religion
10;NOUN;scarecrow
10;NOUN;scarecrow
10;NOUN;scissors
10;NOUN;seashore
10;NOUN;seashore
10;NOUN;secretary
10;NOUN;selection
10;NOUN;sidewalk
10;NOUN;sidewalk
10;NOUN;squirrel
10;NOUN;squirrel
10;NOUN;statement
10;NOUN;stocking
10;NOUN;stranger
10;NOUN;stranger
10;NOUN;structure
10;NOUN;substance
10;NOUN;suggestion
10;NOUN;surprise
10;NOUN;teaching
10;NOUN;tendency
10;NOUN;territory
10;NOUN;territory
10;NOUN;tomatoes
10;NOUN;toothbrush
10;NOUN;toothbrush
10;NOUN;toothpaste
10;NOUN;toothpaste
10;NOUN;transport
10;NOUN;treatment
10;NOUN;treatment
10;NOUN;trousers
10;NOUN;umbrella
10;NOUN;underwear
10;NOUN;underwear
10;NOUN;vacation
10;NOUN;vacation
10;NOUN;vegetable
10;NOUN;vegetable
10;NOUN;volleyball
10;NOUN;volleyball
10;NOUN;wilderness
10;NOUN;wilderness
10;PRON;another
10;PRON;anybody
10;PRON;anyone
10;PRON;anything
10;PRON;either
10;PRON;everybody
10;PRON;everyone
10;PRON;everything
10;PRON;herself
10;PRON;himself
10;PRON;itself
10;PRON;myself
10;PRON;neither
10;PRON;nobody
10;PRON;nothing
10;PRON;other
10;PRON;others
10;PRON;ourselves
10;PRON;several
10;PRON;somebody
10;PRON;someone
10;PRON;something
10;PRON;their
10;PRON;theirs
10;PRON;themselves
10;PRON;these
10;PRON;those
10;PRON;whatever
10;PRON;which
10;PRON;whichever
10;PRON;whoever
10;PRON;whomever
10;PRON;whose
10;PRON;yours
10;PRON;yourself
10;PRON;yourselves
10;VERB;admonish
10;VERB;announce
10;VERB;apologize
10;VERB;appreciate
10;VERB;articulate
10;VERB;befriend
10;VERB;broadcast
10;VERB;calculate
10;VERB;challenge
10;VERB;complain
10;VERB;complete
10;VERB;conclude
10;VERB;consider
10;VERB;continue
10;VERB;criticize
10;VERB;decipher
10;VERB;decorate
10;VERB;describe
10;VERB;disclose
10;VERB;embarrass
10;VERB;emigrate
10;VERB;emphasize
10;VERB;encourage
10;VERB;entertain
10;VERB;enunciate
10;VERB;equivocate
10;VERB;evacuate
10;VERB;evaporate
10;VERB;exaggerate
10;VERB;exercise
10;VERB;foretell
10;VERB;frighten
10;VERB;guarantee
10;VERB;highlight
10;VERB;identify
10;VERB;immigrate
10;VERB;increase
10;VERB;influence
10;VERB;instruct
10;VERB;interest
10;VERB;interfere
10;VERB;interject
10;VERB;interrupt
10;VERB;introduce
10;VERB;irritate
10;VERB;maintain
10;VERB;memorize
10;VERB;multiply
10;VERB;overflow
10;VERB;postulate
10;VERB;practice
10;VERB;preserve
10;VERB;proclaim
10;VERB;puncture
10;VERB;question
10;VERB;recognize
10;VERB;recommend
10;VERB;reiterate
10;VERB;remember
10;VERB;reprimand
10;VERB;reproduce
10;VERB;scribble
10;VERB;separate
10;VERB;skateboard
10;VERB;speculate
10;VERB;stipulate
10;VERB;strengthen
10;VERB;stretch
10;VERB;stutter
10;VERB;submerge
10;VERB;succeed
10;VERB;suggest
10;VERB;support
10;VERB;suppose
10;VERB;surmise
10;VERB;surprise
10;VERB;surround
10;VERB;suspect
10;VERB;suspend
10;VERB;sympathize
10;VERB;telephone
10;VERB;terrify
10;VERB;testify
10;VERB;theorize
10;VERB;threaten
10;VERB;thunder
10;VERB;translate
10;VERB;transport
10;VERB;tremble
10;VERB;trickle
10;VERB;trouble
10;VERB;trounce
10;VERB;understand
10;VERB;undress
10;VERB;unfasten
10;VERB;upstage
10;VERB;vanquish
10;VERB;venture
10;VERB;volunteer
10;VERB;welcome
10;VERB;whimper
10;VERB;whisper
10;VERB;whistle
10;VERB;wrestle
10;VERB;wriggle