1;ADJ;ake
1;ADJ;ako
1;ADJ;angu
1;ADJ;ao
1;ADJ;aste
1;ADJ;baki
1;ADJ;baya
1;ADJ;bivu
1;ADJ;bluu
1;ADJ;bora
1;ADJ;bovu
1;ADJ;bure
1;ADJ;dogo
1;ADJ;duni
1;ADJ;ema
1;ADJ;enu
1;ADJ;etu
1;ADJ;eupe
1;ADJ;eusi
1;ADJ;fani
1;ADJ;fu
1;ADJ;fupi
1;ADJ;gali
1;ADJ;gani
1;ADJ;hii
1;ADJ;kuu
1;ADJ;le
1;ADJ;ote
1;ADJ;pya
1;ADJ;zee
1;ADP;awali
1;ADP;awali
1;ADP;awali
1;ADP;bila
1;ADP;bila
1;ADP;bila
1;ADP;hadi
1;ADP;hadi
1;ADP;hadi
1;ADP;kati
1;ADP;kati
1;ADP;kati
1;ADP;katika
1;ADP;katika
1;ADP;katika
1;ADP;katikati
1;ADP;katikati
1;ADP;katikati
1;ADP;kuliko
1;ADP;kuliko
1;ADP;kuliko
1;ADP;kwa
1;ADP;kwa
1;ADP;kwa
1;ADP;peke
1;ADP;peke
1;ADP;peke
1;ADP;tangu
1;ADP;tangu
1;ADP;tangu
1;ADV;aidha
1;ADV;amina
1;ADV;baada
1;ADV;bado
1;ADV;baina
1;ADV;bali
1;ADV;bure
1;ADV;chini
1;ADV;hivi
1;ADV;huko
1;ADV;jana
1;ADV;juu
1;ADV;juzi
1;ADV;kati
1;ADV;leo
1;ADV;lini
1;ADV;mno
1;ADV;nje
1;ADV;ovyo
1;ADV;pia
1;ADV;pole
1;ADV;pote
1;ADV;sana
1;ADV;sasa
1;ADV;si
1;ADV;tena
1;ADV;tu
1;ADV;upya
1;ADV;vile
1;ADV;wapi
1;INT;ebu
1;INT;ee
1;INT;eti
1;INT;hebu
1;INT;hodi
1;INT;la
1;INT;lo
1;INT;naam
1;INT;sawa
1;INT;usu
1;NOUN;ada
1;NOUN;adui
1;NOUN;afa
1;NOUN;afya
1;NOUN;aibu
1;NOUN;aina
1;NOUN;ala
1;NOUN;ami
1;NOUN;amu
1;NOUN;anga
1;NOUN;ari
1;NOUN;azma
1;NOUN;baba
1;NOUN;babu
1;NOUN;baki
1;NOUN;bao
1;NOUN;bara
1;NOUN;basi
1;NOUN;bata
1;NOUN;bawa
1;NOUN;bega
1;NOUN;bei
1;NOUN;bia
1;NOUN;bibi
1;NOUN;bima
1;NOUN;bin
1;NOUN;boma
1;NOUN;bomu
1;NOUN;boya
1;NOUN;buni
1;NOUN;buyu
1;NOUN;buzi
1;NOUN;chai
1;NOUN;cheo
1;NOUN;choo
1;NOUN;chui
1;NOUN;chuo
1;NOUN;dada
1;NOUN;dadu
1;NOUN;dafu
1;NOUN;daha
1;NOUN;dai
1;NOUN;daka
1;NOUN;dama
1;NOUN;damu
1;NOUN;dawa
1;NOUN;debe
1;NOUN;dege
1;NOUN;deki
1;NOUN;dele
1;NOUN;deni
1;NOUN;dhau
1;NOUN;dila
1;NOUN;dimu
1;NOUN;dini
1;NOUN;dira
1;NOUN;doa
1;NOUN;dodo
1;NOUN;dola
1;NOUN;domo
1;NOUN;dubu
1;NOUN;dudu
1;NOUN;duka
1;NOUN;duma
1;NOUN;dura
1;NOUN;embe
1;NOUN;eneo
1;NOUN;fala
1;NOUN;feri
1;NOUN;figo
1;NOUN;fisi
1;NOUN;fora
1;NOUN;fuko
1;NOUN;fusi
1;NOUN;gari
1;NOUN;gawo
1;NOUN;gego
1;NOUN;geji
1;NOUN;gezo
1;NOUN;giza
1;NOUN;goli
1;NOUN;gome
1;NOUN;goti
1;NOUN;govi
1;NOUN;gugu
1;NOUN;guu
1;NOUN;haja
1;NOUN;haki
1;NOUN;hali
1;NOUN;hamu
1;NOUN;hati
1;NOUN;hawa
1;NOUN;hema
1;NOUN;heri
1;NOUN;hewa
1;NOUN;hoja
1;NOUN;homa
1;NOUN;huba
1;NOUN;huru
1;NOUN;ini
1;NOUN;inzi
1;NOUN;jadi
1;NOUN;jagi
1;NOUN;jaja
1;NOUN;jaji
1;NOUN;jana
1;NOUN;jani
1;NOUN;jeki
1;NOUN;jemu
1;NOUN;jeti
1;NOUN;jezi
1;NOUN;jibu
1;NOUN;jifu
1;NOUN;jiji
1;NOUN;jiko
1;NOUN;jina
1;NOUN;jini
1;NOUN;jino
1;NOUN;jipu
1;NOUN;jitu
1;NOUN;jiwe
1;NOUN;jizi
1;NOUN;joho
1;NOUN;joka
1;NOUN;jozi
1;NOUN;jua
1;NOUN;juha
1;NOUN;jum
1;NOUN;juma
1;NOUN;juto
1;NOUN;kaa
1;NOUN;kadi
1;NOUN;kaka
1;NOUN;kale
1;NOUN;kani
1;NOUN;kapu
1;NOUN;karo
1;NOUN;kasa
1;NOUN;kasi
1;NOUN;kati
1;NOUN;kazi
1;NOUN;keki
1;NOUN;kesi
1;NOUN;kifo
1;NOUN;kiko
1;NOUN;kilo
1;NOUN;kimo
1;NOUN;kina
1;NOUN;kinu
1;NOUN;kioo
1;NOUN;kisa
1;NOUN;kisu
1;NOUN;kiti
1;NOUN;kito
1;NOUN;kitu
1;NOUN;kiza
1;NOUN;kobe
1;NOUN;kodi
1;NOUN;kona
1;NOUN;koo
1;NOUN;kopa
1;NOUN;kope
1;NOUN;kopi
1;NOUN;mba
1;NOUN;mbu
1;NOUN;mda
1;NOUN;mfu
1;NOUN;mji
1;NOUN;mke
1;NOUN;mti
1;NOUN;mto
1;NOUN;mtu
1;NOUN;mua
1;NOUN;mvi
1;NOUN;nge
1;NOUN;nia
1;NOUN;nta
1;NOUN;nzi
1;NOUN;oda
1;NOUN;oni
1;NOUN;ono
1;NOUN;paa
1;NOUN;pao
1;NOUN;pua
1;NOUN;saa
1;NOUN;taa
1;NOUN;tai
1;NOUN;tii
1;NOUN;ua
1;NOUN;ufa
1;NOUN;uji
1;NOUN;uki
1;NOUN;uma
1;NOUN;uru
1;NOUN;uso
1;NOUN;utu
1;NOUN;uzi
1;NOUN;yai
1;NOUN;zaa
1;NOUN;zao
1;PRON;amba
1;PRON;ambacho
1;PRON;ambao
1;PRON;mimi
1;PRON;nani
1;PRON;nini
1;PRON;ninyi
1;PRON;sisi
1;PRON;wao
1;PRON;wewe
1;PRON;yeye
1;VERB;acha
1;VERB;amba
1;VERB;anza
1;VERB;apa
1;VERB;aua
1;VERB;baki
1;VERB;buni
1;VERB;chai
1;VERB;dali
1;VERB;eua
1;VERB;fa
1;VERB;faa
1;VERB;fua
1;VERB;iba
1;VERB;iga
1;VERB;ita
1;VERB;ja
1;VERB;kaa
1;VERB;ki
1;VERB;kio
1;VERB;la
1;VERB;ni
1;VERB;oa
1;VERB;oka
1;VERB;ona
1;VERB;ota
1;VERB;pa
1;VERB;tua
1;VERB;ua
1;VERB;vaa
2;ADJ;geni
2;ADJ;gumu
2;ADJ;haba
2;ADJ;hiyo
2;ADJ;huru
2;ADJ;ingi
2;ADJ;jike
2;ADJ;kale
2;ADJ;kali
2;ADJ;kavu
2;ADJ;kike
2;ADJ;nani
2;ADJ;nene
2;ADJ;nono
2;ADJ;pana
2;ADJ;pipi
2;ADJ;pole
2;ADJ;refu
2;ADJ;safi
2;ADJ;sare
2;ADJ;sawa
2;ADJ;siri
2;ADJ;tama
2;ADJ;tamu
2;ADJ;tele
2;ADJ;tuli
2;ADJ;tupu
2;ADJ;uchi
2;ADJ;vivu
2;ADJ;wivu
2;ADP;awali
2;ADP;awali
2;ADP;awali
2;ADP;bila
2;ADP;bila
2;ADP;bila
2;ADP;hadi
2;ADP;hadi
2;ADP;hadi
2;ADP;kati
2;ADP;kati
2;ADP;kati
2;ADP;katika
2;ADP;katika
2;ADP;katika
2;ADP;katikati
2;ADP;katikati
2;ADP;katikati
2;ADP;kuliko
2;ADP;kuliko
2;ADP;kuliko
2;ADP;kwa
2;ADP;kwa
2;ADP;kwa
2;ADP;peke
2;ADP;peke
2;ADP;peke
2;ADP;tangu
2;ADP;tangu
2;ADP;tangu
2;ADV;halafu
2;ADV;haraka
2;ADV;hivyo
2;ADV;jinsi
2;ADV;kabisa
2;ADV;kabla
2;ADV;kamwe
2;ADV;karibu
2;ADV;kesho
2;ADV;kidogo
2;ADV;kwani
2;ADV;kweli
2;ADV;kwenye
2;ADV;labda
2;ADV;lazima
2;ADV;maalum
2;ADV;majuzi
2;ADV;mapema
2;ADV;mbali
2;ADV;mbele
2;ADV;mbona
2;ADV;milele
2;ADV;namna
2;ADV;ndani
2;ADV;ndiyo
2;ADV;nyuma
2;ADV;pamoja
2;ADV;upesi
2;ADV;vyema
2;ADV;zaidi
2;CONJ;ama
2;CONJ;ama
2;CONJ;au
2;CONJ;au
2;CONJ;bali
2;CONJ;bali
2;CONJ;basi
2;CONJ;basi
2;CONJ;ikiwa
2;CONJ;ikiwa
2;CONJ;ila
2;CONJ;ila
2;CONJ;ili
2;CONJ;ili
2;CONJ;kama
2;CONJ;kama
2;CONJ;kwani
2;CONJ;kwani
2;CONJ;lakini
2;CONJ;lakini
2;CONJ;na
2;CONJ;na
2;CONJ;wala
2;CONJ;wala
2;CONJ;walakini
2;CONJ;walakini
2;INT;asante
2;INT;hujambo
2;INT;jambo
2;INT;karibu
2;INT;kwaheri
2;INT;majira
2;INT;salaam
2;INT;salamu
2;INT;shikamu
2;INT;sijambo
2;NOUN;adabu
2;NOUN;afisa
2;NOUN;afisi
2;NOUN;agano
2;NOUN;agizo
2;NOUN;ahadi
2;NOUN;ajabu
2;NOUN;ajali
2;NOUN;ajira
2;NOUN;akiba
2;NOUN;akili
2;NOUN;alama
2;NOUN;amani
2;NOUN;ardhi
2;NOUN;arusi
2;NOUN;asali
2;NOUN;asili
2;NOUN;atomi
2;NOUN;aviya
2;NOUN;barua
2;NOUN;basha
2;NOUN;bendi
2;NOUN;benki
2;NOUN;betri
2;NOUN;binti
2;NOUN;bomba
2;NOUN;bonde
2;NOUN;bongo
2;NOUN;bunge
2;NOUN;bwana
2;NOUN;bwawa
2;NOUN;bweha
2;NOUN;bweni
2;NOUN;chaki
2;NOUN;chama
2;NOUN;chapa
2;NOUN;chatu
2;NOUN;kopo
2;NOUN;kosa
2;NOUN;koti
2;NOUN;kuku
2;NOUN;kuma
2;NOUN;kupe
2;NOUN;kura
2;NOUN;kuro
2;NOUN;kuyu
2;NOUN;kwao
2;NOUN;lami
2;NOUN;leja
2;NOUN;leso
2;NOUN;ligi
2;NOUN;lita
2;NOUN;lofa
2;NOUN;lori
2;NOUN;lozi
2;NOUN;mada
2;NOUN;maji
2;NOUN;mali
2;NOUN;mama
2;NOUN;mara
2;NOUN;mate
2;NOUN;mavi
2;NOUN;maya
2;NOUN;mbio
2;NOUN;mboo
2;NOUN;mbwa
2;NOUN;mdai
2;NOUN;meja
2;NOUN;meli
2;NOUN;meza
2;NOUN;mguu
2;NOUN;mita
2;NOUN;mkeo
2;NOUN;mkia
2;NOUN;mkoa
2;NOUN;mkwe
2;NOUN;mlia
2;NOUN;mlio
2;NOUN;mmea
2;NOUN;moto
2;NOUN;moyo
2;NOUN;mpwa
2;NOUN;mtaa
2;NOUN;muda
2;NOUN;muji
2;NOUN;muke
2;NOUN;mume
2;NOUN;muwa
2;NOUN;mvua
2;NOUN;mzee
2;NOUN;nasa
2;NOUN;nazi
2;NOUN;ncha
2;NOUN;nchi
2;NOUN;ndoa
2;NOUN;ndoo
2;NOUN;neno
2;NOUN;ngao
2;NOUN;nguo
2;NOUN;njaa
2;NOUN;njia
2;NOUN;noti
2;NOUN;nuru
2;NOUN;nusu
2;NOUN;nzio
2;NOUN;ombi
2;NOUN;pafu
2;NOUN;paja
2;NOUN;paka
2;NOUN;papa
2;NOUN;pasi
2;NOUN;pata
2;NOUN;pato
2;NOUN;peni
2;NOUN;pepo
2;NOUN;pera
2;NOUN;pesa
2;NOUN;pete
2;NOUN;pipa
2;NOUN;pofu
2;NOUN;popo
2;NOUN;pori
2;NOUN;povu
2;NOUN;radi
2;NOUN;raga
2;NOUN;raia
2;NOUN;rais
2;NOUN;reli
2;NOUN;resi
2;NOUN;robo
2;NOUN;roda
2;NOUN;roho
2;NOUN;safa
2;NOUN;safu
2;NOUN;sala
2;NOUN;seli
2;NOUN;sera
2;NOUN;sifa
2;NOUN;siki
2;NOUN;siku
2;NOUN;sili
2;NOUN;simu
2;NOUN;soda
2;NOUN;soga
2;NOUN;soka
2;NOUN;soko
2;NOUN;somo
2;NOUN;somu
2;NOUN;soni
2;NOUN;sufu
2;NOUN;sumu
2;NOUN;sura
2;NOUN;taji
2;NOUN;taka
2;NOUN;tako
2;NOUN;tani
2;NOUN;tego
2;NOUN;tepe
2;NOUN;timu
2;NOUN;tini
2;NOUN;titi
2;NOUN;tone
2;NOUN;tope
2;NOUN;toto
2;NOUN;tupa
2;NOUN;tusi
2;NOUN;ubao
2;NOUN;uchi
2;NOUN;uhai
2;NOUN;ujia
2;NOUN;umbo
2;NOUN;umri
2;NOUN;umwa
2;NOUN;unga
2;NOUN;ungo
2;NOUN;upya
2;NOUN;uteo
2;NOUN;uzee
2;NOUN;veli
2;NOUN;vita
2;NOUN;wadi
2;NOUN;wali
2;NOUN;wari
2;NOUN;wavu
2;NOUN;waya
2;NOUN;wayo
2;NOUN;wazo
2;NOUN;wema
2;NOUN;wiki
2;NOUN;wino
2;NOUN;wito
2;NOUN;wizi
2;NOUN;wizu
2;NOUN;woga
2;NOUN;yadi
2;NOUN;yaya
2;NOUN;yowe
2;NOUN;zaka
2;NOUN;zamu
2;NOUN;ziwa
2;PRON;amba
2;PRON;ambacho
2;PRON;ambao
2;PRON;mimi
2;PRON;nani
2;PRON;nini
2;PRON;ninyi
2;PRON;sisi
2;PRON;wao
2;PRON;wewe
2;PRON;yeye
2;VERB;dhii
2;VERB;enda
2;VERB;enea
2;VERB;fuga
2;VERB;fura
2;VERB;fuzu
2;VERB;gawa
2;VERB;gura
2;VERB;hara
2;VERB;heko
2;VERB;imba
2;VERB;ishi
2;VERB;jibu
2;VERB;juta
2;VERB;kama
2;VERB;kana
2;VERB;kata
2;VERB;kiri
2;VERB;kita
2;VERB;koma
2;VERB;kosa
2;VERB;kuna
2;VERB;kuwa
2;VERB;laki
2;VERB;lala
2;VERB;leta
2;VERB;lima
2;VERB;lipa
2;VERB;meza
2;VERB;mudu
3;ADJ;ake
3;ADJ;ako
3;ADJ;angu
3;ADJ;ao
3;ADJ;aste
3;ADJ;baki
3;ADJ;baya
3;ADJ;bivu
3;ADJ;bluu
3;ADJ;bora
3;ADJ;bovu
3;ADJ;bure
3;ADJ;dogo
3;ADJ;duni
3;ADJ;ema
3;ADJ;enu
3;ADJ;etu
3;ADJ;eupe
3;ADJ;eusi
3;ADJ;fani
3;ADJ;fu
3;ADJ;fupi
3;ADJ;gali
3;ADJ;gani
3;ADJ;hii
3;ADJ;kuu
3;ADJ;le
3;ADJ;ote
3;ADJ;pya
3;ADJ;zee
3;ADP;awali
3;ADP;awali
3;ADP;awali
3;ADP;bila
3;ADP;bila
3;ADP;bila
3;ADP;hadi
3;ADP;hadi
3;ADP;hadi
3;ADP;kati
3;ADP;kati
3;ADP;kati
3;ADP;katika
3;ADP;katika
3;ADP;katika
3;ADP;katikati
3;ADP;katikati
3;ADP;katikati
3;ADP;kuliko
3;ADP;kuliko
3;ADP;kuliko
3;ADP;kwa
3;ADP;kwa
3;ADP;kwa
3;ADP;peke
3;ADP;peke
3;ADP;peke
3;ADP;tangu
3;ADP;tangu
3;ADP;tangu
3;ADV;baadaye
3;ADV;ghafula
3;ADV;haraka
3;ADV;juzijuzi
3;ADV;kabisa
3;ADV;karibu
3;ADV;karibuni
3;ADV;katikati
3;ADV;kidogo
3;ADV;kimataifa
3;ADV;kitaifa
3;ADV;kwenye
3;ADV;lazima
3;ADV;maalum
3;ADV;majuzi
3;ADV;mapema
3;ADV;mbalimbali
3;ADV;milele
3;ADV;miongoni
3;ADV;ovyoovyo
3;ADV;pamoja
3;ADV;pengine
3;ADV;polepole
3;ADV;sawasawa
3;ADV;sharti
3;ADV;sikuzote
3;ADV;taratibu
3;ADV;vibaya
3;ADV;vizuri
3;ADV;zamani
3;CONJ;ama
3;CONJ;au
3;CONJ;bali
3;CONJ;basi
3;CONJ;ikiwa
3;CONJ;ila
3;CONJ;ili
3;CONJ;kama
3;CONJ;kwani
3;CONJ;lakini
3;CONJ;na
3;CONJ;wala
3;CONJ;walakini
3;INT;hamjambo
3;INT;hatujambo
3;INT;majaliwea
3;INT;marahaba
3;INT;masalkheri
3;INT;samahani
3;INT;shikamoo
3;INT;shikamuu
3;INT;shukrani
3;INT;subulkheri
3;INT;tafadhali
3;NOUN;chawa
3;NOUN;cheki
3;NOUN;chesi
3;NOUN;cheti
3;NOUN;chifu
3;NOUN;chizi
3;NOUN;choma
3;NOUN;chopi
3;NOUN;chuki
3;NOUN;chuma
3;NOUN;chupa
3;NOUN;chupi
3;NOUN;chura
3;NOUN;dagla
3;NOUN;dansi
3;NOUN;dasta
3;NOUN;densi
3;NOUN;devai
3;NOUN;dhana
3;NOUN;divai
3;NOUN;dunia
3;NOUN;ekari
3;NOUN;elimu
3;NOUN;faida
3;NOUN;fajaa
3;NOUN;faksi
3;NOUN;fedha
3;NOUN;fidia
3;NOUN;fimbo
3;NOUN;friji
3;NOUN;fumbo
3;NOUN;fundi
3;NOUN;fundo
3;NOUN;fungu
3;NOUN;funza
3;NOUN;funzo
3;NOUN;fursa
3;NOUN;gamba
3;NOUN;ganda
3;NOUN;gauni
3;NOUN;ghala
3;NOUN;ghuba
3;NOUN;gitaa
3;NOUN;glasi
3;NOUN;glopu
3;NOUN;gombo
3;NOUN;gundi
3;NOUN;gunia
3;NOUN;hatua
3;NOUN;hedhi
3;NOUN;hekta
3;NOUN;heroe
3;NOUN;hindi
3;NOUN;hongo
3;NOUN;ibada
3;NOUN;idadi
3;NOUN;ilani
3;NOUN;imamu
3;NOUN;imani
3;NOUN;inchi
3;NOUN;insha
3;NOUN;isimu
3;NOUN;jamaa
3;NOUN;jamba
3;NOUN;jambo
3;NOUN;jamii
3;NOUN;janga
3;NOUN;jembe
3;NOUN;jengo
3;NOUN;jeshi
3;NOUN;jicho
3;NOUN;jimbi
3;NOUN;jimbo
3;NOUN;jinsi
3;NOUN;jioni
3;NOUN;jogoo
3;NOUN;jongo
3;NOUN;josho
3;NOUN;jumba
3;NOUN;jumbe
3;NOUN;jumla
3;NOUN;kamba
3;NOUN;kambi
3;NOUN;kanda
3;NOUN;kanga
3;NOUN;kansa
3;NOUN;kanzu
3;NOUN;karai
3;NOUN;karne
3;NOUN;kasha
3;NOUN;kasri
3;NOUN;kemia
3;NOUN;kenge
3;NOUN;Kiamu
3;NOUN;kiapo
3;NOUN;kiatu
3;NOUN;kiazi
3;NOUN;kibao
3;NOUN;kibla
3;NOUN;kifaa
3;NOUN;kifua
3;NOUN;kiini
3;NOUN;kikao
3;NOUN;kikia
3;NOUN;kikoi
3;NOUN;kimya
3;NOUN;kinga
3;NOUN;kiota
3;NOUN;kituo
3;NOUN;kiuno
3;NOUN;klabu
3;NOUN;kocha
3;NOUN;kofia
3;NOUN;kombe
3;NOUN;korti
3;NOUN;kucha
3;NOUN;kundi
3;NOUN;kwapa
3;NOUN;kwata
3;NOUN;kwaya
3;NOUN;kweli
3;NOUN;laana
3;NOUN;limau
3;NOUN;lindi
3;NOUN;ljuma
3;NOUN;lugha
3;NOUN;maafa
3;NOUN;maana
3;NOUN;machi
3;NOUN;madai
3;NOUN;maili
3;NOUN;maiti
3;NOUN;makaa
3;NOUN;malka
3;NOUN;mamba
3;NOUN;mamna
3;NOUN;mapwa
3;NOUN;mbano
3;NOUN;mbata
3;NOUN;mbegu
3;NOUN;mbele
3;NOUN;mbinu
3;NOUN;mboga
3;NOUN;mbogo
3;NOUN;mboni
3;NOUN;mbuga
3;NOUN;mbuni
3;NOUN;mbuyu
3;NOUN;mbuzi
3;NOUN;mchai
3;NOUN;mchwa
3;NOUN;mdimu
3;NOUN;mdogo
3;NOUN;mdomo
3;NOUN;mdudu
3;NOUN;mechi
3;NOUN;mende
3;NOUN;mfano
3;NOUN;mfuko
3;NOUN;mfumo
3;NOUN;mfupa
3;NOUN;mgeni
3;NOUN;Mhaya
3;NOUN;mhuni
3;NOUN;mjane
3;NOUN;mjusi
3;NOUN;mkale
3;NOUN;mkasa
3;NOUN;mkate
3;NOUN;mkebe
3;NOUN;mkeka
3;NOUN;mkewe
3;NOUN;mkojo
3;NOUN;mkoma
3;NOUN;mkono
3;NOUN;mkopo
3;NOUN;mkufu
3;NOUN;mkuki
3;NOUN;mkuyu
3;NOUN;mlafi
3;NOUN;mlevi
3;NOUN;mlezi
3;NOUN;mlima
3;NOUN;mlozi
3;NOUN;Mmeru
3;NOUN;mnada
3;NOUN;mnazi
3;NOUN;mondo
3;NOUN;moshi
3;NOUN;mpaka
3;NOUN;Mpate
3;NOUN;mpera
3;NOUN;mpini
3;NOUN;mpira
3;NOUN;mraba
3;NOUN;mradi
3;NOUN;Mreno
3;NOUN;mrija
3;NOUN;mruba
3;PRON;amba
3;PRON;ambacho
3;PRON;ambao
3;PRON;mimi
3;PRON;nani
3;PRON;nini
3;PRON;ninyi
3;PRON;sisi
3;PRON;wao
3;PRON;wewe
3;PRON;yeye
3;VERB;abiri
3;VERB;abudu
3;VERB;afiki
3;VERB;ajabu
3;VERB;ambia
3;VERB;amini
3;VERB;nama
3;VERB;nata
3;VERB;nuka
3;VERB;nywa
3;VERB;pasa
3;VERB;pata
3;VERB;piga
3;VERB;pika
3;VERB;pita
3;VERB;sali
3;VERB;shoo
3;VERB;soma
3;VERB;suka
3;VERB;taga
3;VERB;tapa
3;VERB;tata
3;VERB;tega
3;VERB;tema
3;VERB;toka
3;VERB;umba
3;VERB;unda
3;VERB;wahi
3;VERB;weza
3;VERB;zuia
4;ADJ;geni
4;ADJ;gumu
4;ADJ;haba
4;ADJ;hiyo
4;ADJ;huru
4;ADJ;ingi
4;ADJ;jike
4;ADJ;kale
4;ADJ;kali
4;ADJ;kavu
4;ADJ;kike
4;ADJ;nani
4;ADJ;nene
4;ADJ;nono
4;ADJ;pana
4;ADJ;pipi
4;ADJ;pole
4;ADJ;refu
4;ADJ;safi
4;ADJ;sare
4;ADJ;sawa
4;ADJ;siri
4;ADJ;tama
4;ADJ;tamu
4;ADJ;tele
4;ADJ;tuli
4;ADJ;tupu
4;ADJ;uchi
4;ADJ;vivu
4;ADJ;wivu
4;ADP;awali
4;ADP;awali
4;ADP;awali
4;ADP;bila
4;ADP;bila
4;ADP;bila
4;ADP;hadi
4;ADP;hadi
4;ADP;hadi
4;ADP;kati
4;ADP;kati
4;ADP;kati
4;ADP;katika
4;ADP;katika
4;ADP;katika
4;ADP;katikati
4;ADP;katikati
4;ADP;katikati
4;ADP;kuliko
4;ADP;kuliko
4;ADP;kuliko
4;ADP;kwa
4;ADP;kwa
4;ADP;kwa
4;ADP;peke
4;ADP;peke
4;ADP;peke
4;ADP;tangu
4;ADP;tangu
4;ADP;tangu
4;ADV;aidha
4;ADV;amina
4;ADV;baada
4;ADV;bado
4;ADV;baina
4;ADV;bali
4;ADV;bure
4;ADV;chini
4;ADV;hivi
4;ADV;huko
4;ADV;jana
4;ADV;juu
4;ADV;juzi
4;ADV;kati
4;ADV;leo
4;ADV;lini
4;ADV;mno
4;ADV;nje
4;ADV;ovyo
4;ADV;pia
4;ADV;pole
4;ADV;pote
4;ADV;sana
4;ADV;sasa
4;ADV;si
4;ADV;tena
4;ADV;tu
4;ADV;upya
4;ADV;vile
4;ADV;wapi
4;CONJ;ama
4;CONJ;au
4;CONJ;bali
4;CONJ;basi
4;CONJ;ikiwa
4;CONJ;ila
4;CONJ;ili
4;CONJ;kama
4;CONJ;kwani
4;CONJ;lakini
4;CONJ;na
4;CONJ;wala
4;CONJ;walakini
4;INT;ebu
4;INT;ee
4;INT;eti
4;INT;hebu
4;INT;hodi
4;INT;la
4;INT;lo
4;INT;naam
4;INT;sawa
4;INT;usu
4;NOUN;Mrumi
4;NOUN;Mrusi
4;NOUN;msasa
4;NOUN;msasi
4;NOUN;msemi
4;NOUN;msemo
4;NOUN;msimu
4;NOUN;msitu
4;NOUN;msoma
4;NOUN;msuli
4;NOUN;mtaka
4;NOUN;mtama
4;NOUN;mtaro
4;NOUN;mtego
4;NOUN;mteja
4;NOUN;mtini
4;NOUN;mtoro
4;NOUN;mtoto
4;NOUN;mtume
4;NOUN;mumeo
4;NOUN;mundu
4;NOUN;mungu
4;NOUN;mvuvi
4;NOUN;mwaka
4;NOUN;mwali
4;NOUN;Mwamu
4;NOUN;mwana
4;NOUN;mwera
4;NOUN;mwezi
4;NOUN;mwiba
4;NOUN;mwiko
4;NOUN;mwili
4;NOUN;mwitu
4;NOUN;mwivi
4;NOUN;mwizi
4;NOUN;mzani
4;NOUN;mzazi
4;NOUN;mzigo
4;NOUN;mzizi
4;NOUN;mzoga
4;NOUN;Mzulu
4;NOUN;nabii
4;NOUN;naibu
4;NOUN;namba
4;NOUN;nanga
4;NOUN;ndama
4;NOUN;ndani
4;NOUN;ndege
4;NOUN;ndere
4;NOUN;ndimu
4;NOUN;ndizi
4;NOUN;ndofu
4;NOUN;ndoto
4;NOUN;ndovu
4;NOUN;ndugu
4;NOUN;nduma
4;NOUN;ndumi
4;NOUN;nduru
4;NOUN;neema
4;NOUN;ngagi
4;NOUN;ngano
4;NOUN;ngazi
4;NOUN;ngeli
4;NOUN;ngiri
4;NOUN;ngoma
4;NOUN;ngono
4;NOUN;ngozi
4;NOUN;ngumi
4;NOUN;nguvu
4;NOUN;nguzo
4;NOUN;njiwa
4;NOUN;njugu
4;NOUN;nunda
4;NOUN;nundu
4;NOUN;nyama
4;NOUN;nyani
4;NOUN;nyasi
4;NOUN;nyati
4;NOUN;nyoka
4;NOUN;nyota
4;NOUN;nyuki
4;NOUN;nyuma
4;NOUN;nyusi
4;NOUN;nzige
4;NOUN;ofisa
4;NOUN;ofisi
4;NOUN;pacha
4;NOUN;padre
4;NOUN;padri
4;NOUN;pambo
4;NOUN;pande
4;NOUN;panga
4;NOUN;panya
4;NOUN;panzi
4;NOUN;papai
4;NOUN;pauni
4;NOUN;pazia
4;NOUN;pembe
4;NOUN;pendo
4;NOUN;pingu
4;NOUN;pishi
4;NOUN;plagi
4;NOUN;pombe
4;NOUN;popoo
4;NOUN;posho
4;NOUN;posta
4;NOUN;pumba
4;NOUN;punda
4;NOUN;punje
4;NOUN;pwani
4;NOUN;pweza
4;NOUN;raguu
4;NOUN;ramli
4;NOUN;randi
4;NOUN;rangi
4;NOUN;ratli
4;NOUN;redio
4;NOUN;rinda
4;NOUN;rungu
4;NOUN;rupia
4;NOUN;saini
4;NOUN;saisi
4;NOUN;sanaa
4;NOUN;sauti
4;NOUN;sekta
4;NOUN;sensa
4;NOUN;senti
4;NOUN;shaba
4;NOUN;shaka
4;NOUN;shati
4;NOUN;shehe
4;NOUN;shida
4;NOUN;shimo
4;NOUN;shina
4;NOUN;shira
4;NOUN;shoga
4;NOUN;shoka
4;NOUN;shuka
4;NOUN;shule
4;NOUN;siafu
4;NOUN;siagi
4;NOUN;siasa
4;NOUN;sikio
4;NOUN;simba
4;NOUN;skati
4;NOUN;skule
4;NOUN;skuli
4;NOUN;soksi
4;NOUN;sokwe
4;NOUN;spana
4;NOUN;spika
4;NOUN;stima
4;NOUN;suala
4;NOUN;subra
4;NOUN;suria
4;NOUN;surua
4;NOUN;susia
4;NOUN;swala
4;NOUN;swali
4;NOUN;sweta
4;NOUN;tabia
4;NOUN;taifa
4;NOUN;tamaa
4;NOUN;tandu
4;NOUN;tangi
4;NOUN;tango
4;NOUN;tanzu
4;NOUN;taulo
4;NOUN;tausi
4;NOUN;teksi
4;NOUN;tembe
4;NOUN;tembo
4;NOUN;tende
4;NOUN;tendo
4;NOUN;thumu
4;NOUN;tisho
4;NOUN;tofaa
4;NOUN;toleo
4;NOUN;trela
4;NOUN;treni
4;NOUN;tufaa
4;NOUN;tukio
4;NOUN;tumbo
4;NOUN;tunda
4;NOUN;tundu
4;NOUN;twiga
4;NOUN;uadui
4;NOUN;ubani
4;NOUN;ubavu
4;NOUN;ubawa
4;NOUN;ubaya
4;NOUN;uboga
4;NOUN;ubuyu
4;NOUN;udago
4;NOUN;udevu
4;NOUN;udogo
4;NOUN;ufizi
4;NOUN;ufuko
4;NOUN;ufuta
4;NOUN;ugali
4;PRON;amba
4;PRON;ambacho
4;PRON;ambao
4;PRON;mimi
4;PRON;nani
4;PRON;nini
4;PRON;ninyi
4;PRON;sisi
4;PRON;wao
4;PRON;wewe
4;PRON;yeye
4;VERB;andaa
4;VERB;azima
4;VERB;chuma
4;VERB;dinda
4;VERB;doria
4;VERB;elewa
4;VERB;fanya
4;VERB;fremu
4;VERB;funga
4;VERB;gairi
4;VERB;ganda
4;VERB;gomba
4;VERB;jamba
4;VERB;jasho
4;VERB;kataa
4;VERB;kinga
4;VERB;kohoa
4;VERB;komaa
4;VERB;kuiga
4;VERB;kunja
4;VERB;kwepa
4;VERB;laani
4;VERB;linda
4;VERB;lipia
4;VERB;mgomo
4;VERB;mwaga
4;VERB;mzaha
4;VERB;nunua
4;VERB;ongea
4;VERB;penda
5;ADJ;adili
5;ADJ;anika
5;ADJ;bichi
5;ADJ;buluu
5;ADJ;chafu
5;ADJ;epesi
5;ADJ;erevu
5;ADJ;faini
5;ADJ;ghali
5;ADJ;imara
5;ADJ;jeuri
5;ADJ;jinga
5;ADJ;kando
5;ADJ;kiume
5;ADJ;kubwa
5;ADJ;kufaa
5;ADJ;kweli
5;ADJ;laini
5;ADJ;mraba
5;ADJ;mseto
5;ADJ;msoto
5;ADJ;ngapi
5;ADJ;njano
5;ADJ;nyege
5;ADJ;randa
5;ADJ;rasmi
5;ADJ;zima
5;ADJ;ziro
5;ADJ;zito
5;ADJ;zuri
5;ADP;awali
5;ADP;awali
5;ADP;awali
5;ADP;bila
5;ADP;bila
5;ADP;bila
5;ADP;hadi
5;ADP;hadi
5;ADP;hadi
5;ADP;kati
5;ADP;kati
5;ADP;kati
5;ADP;katika
5;ADP;katika
5;ADP;katika
5;ADP;katikati
5;ADP;katikati
5;ADP;katikati
5;ADP;kuliko
5;ADP;kuliko
5;ADP;kuliko
5;ADP;kwa
5;ADP;kwa
5;ADP;kwa
5;ADP;peke
5;ADP;peke
5;ADP;peke
5;ADP;tangu
5;ADP;tangu
5;ADP;tangu
5;ADV;halafu
5;ADV;haraka
5;ADV;hivyo
5;ADV;jinsi
5;ADV;kabisa
5;ADV;kabla
5;ADV;kamwe
5;ADV;karibu
5;ADV;kesho
5;ADV;kidogo
5;ADV;kwani
5;ADV;kweli
5;ADV;kwenye
5;ADV;labda
5;ADV;lazima
5;ADV;maalum
5;ADV;majuzi
5;ADV;mapema
5;ADV;mbali
5;ADV;mbele
5;ADV;mbona
5;ADV;milele
5;ADV;namna
5;ADV;ndani
5;ADV;ndiyo
5;ADV;nyuma
5;ADV;pamoja
5;ADV;upesi
5;ADV;vyema
5;ADV;zaidi
5;CONJ;ama
5;CONJ;au
5;CONJ;bali
5;CONJ;basi
5;CONJ;ikiwa
5;CONJ;ila
5;CONJ;ili
5;CONJ;kama
5;CONJ;kwani
5;CONJ;lakini
5;CONJ;na
5;CONJ;wala
5;CONJ;walakini
5;INT;asante
5;INT;hujambo
5;INT;jambo
5;INT;karibu
5;INT;kwaheri
5;INT;majira
5;INT;salaam
5;INT;salamu
5;INT;shikamu
5;INT;sijambo
5;NOUN;abiria
5;NOUN;achali
5;NOUN;achari
5;NOUN;adhabu
5;NOUN;afyuni
5;NOUN;almasi
5;NOUN;andazi
5;NOUN;andiko
5;NOUN;anuani
5;NOUN;anwani
5;NOUN;aproni
5;NOUN;askari
5;NOUN;askofu
5;NOUN;athari
5;NOUN;baadhi
5;NOUN;babake
5;NOUN;babako
5;NOUN;babaye
5;NOUN;badala
5;NOUN;badili
5;NOUN;bahari
5;NOUN;bahati
5;NOUN;baibai
5;NOUN;bakuli
5;NOUN;balozi
5;NOUN;barafu
5;NOUN;baraka
5;NOUN;baraza
5;NOUN;baridi
5;NOUN;behewa
5;NOUN;beseni
5;NOUN;Biblia
5;NOUN;bidhaa
5;NOUN;bikari
5;NOUN;bikira
5;NOUN;binamu
5;NOUN;bingwa
5;NOUN;bondia
5;NOUN;boriti
5;NOUN;buibui
5;NOUN;chambo
5;NOUN;chanjo
5;NOUN;cheche
5;NOUN;chembe
5;NOUN;chenza
5;NOUN;chepeo
5;NOUN;chombo
5;NOUN;chonjo
5;NOUN;choroa
5;NOUN;chumba
5;NOUN;chumvi
5;NOUN;chungu
5;NOUN;dahili
5;NOUN;dakika
5;NOUN;dalali
5;NOUN;daraja
5;NOUN;daraka
5;NOUN;darana
5;NOUN;darasa
5;NOUN;dawati
5;NOUN;dazani
5;NOUN;dereva
5;NOUN;dhambi
5;NOUN;dibaji
5;NOUN;digali
5;NOUN;digrii
5;NOUN;dimbwa
5;NOUN;dinari
5;NOUN;diseli
5;NOUN;diwani
5;NOUN;dizeli
5;NOUN;dosari
5;NOUN;drafti
5;NOUN;falahi
5;NOUN;falaki
5;NOUN;falisi
5;NOUN;faraja
5;NOUN;farasi
5;NOUN;fariji
5;NOUN;fasihi
5;NOUN;fenesi
5;NOUN;fikira
5;NOUN;filamu
5;NOUN;fitina
5;NOUN;fulusi
5;NOUN;funguo
5;NOUN;furaha
5;NOUN;galawa
5;NOUN;galoni
5;NOUN;gavana
5;NOUN;gazeti
5;NOUN;gereza
5;NOUN;ghashi
5;NOUN;ghasia
5;NOUN;girisi
5;NOUN;godoro
5;NOUN;gulabi
5;NOUN;habari
5;NOUN;hakimu
5;NOUN;hamali
5;NOUN;hamamu
5;NOUN;haramu
5;NOUN;hariri
5;NOUN;harufu
5;NOUN;harusi
5;NOUN;hasara
5;NOUN;hatari
5;NOUN;hazina
5;NOUN;hekalu
5;NOUN;hekima
5;NOUN;hereni
5;NOUN;herufi
5;NOUN;hesabu
5;NOUN;hijabu
5;NOUN;hoteli
5;NOUN;huduma
5;NOUN;hukumu
5;NOUN;huzuni
5;NOUN;idhini
5;NOUN;ikweta
5;NOUN;injili
5;NOUN;injini
5;NOUN;jabari
5;NOUN;jahazi
5;NOUN;jaketi
5;NOUN;jalada
5;NOUN;jangwa
5;NOUN;jarari
5;NOUN;jarida
5;NOUN;jawabu
5;NOUN;jenasi
5;NOUN;jeneza
5;NOUN;jeraha
5;NOUN;jibini
5;NOUN;jikoni
5;NOUN;jirani
5;NOUN;jiriwa
5;NOUN;johari
5;NOUN;jokofu
5;NOUN;jongoo
5;NOUN;juhudi
5;NOUN;jukumu
5;NOUN;kaakaa
5;NOUN;kabare
5;NOUN;kabati
5;NOUN;kabila
5;NOUN;kaboni
5;NOUN;kaburi
5;NOUN;Kaburu
5;NOUN;ugavi
5;NOUN;ugozi
5;NOUN;uhaba
5;NOUN;uhuni
5;NOUN;uhuru
5;NOUN;ujari
5;NOUN;ukame
5;NOUN;uketo
5;NOUN;ukoma
5;NOUN;ukope
5;NOUN;ukuta
5;NOUN;ulimi
5;NOUN;umeme
5;NOUN;umoja
5;NOUN;upana
5;NOUN;upele
5;NOUN;upepo
5;NOUN;uraia
5;NOUN;urais
5;NOUN;uraya
5;NOUN;urefu
5;NOUN;urogi
5;NOUN;usafi
5;NOUN;usawa
5;NOUN;usiku
5;NOUN;utamu
5;NOUN;utatu
5;NOUN;utoto
5;NOUN;utupu
5;NOUN;uvuli
5;NOUN;uwazi
5;NOUN;uwezo
5;NOUN;uwivu
5;NOUN;uzito
5;NOUN;uzuri
5;NOUN;vimbe
5;NOUN;vumbi
5;NOUN;wakaa
5;NOUN;wakia
5;NOUN;wasia
5;NOUN;wembe
5;NOUN;wengu
5;NOUN;weupe
5;NOUN;wimbi
5;NOUN;wimbo
5;NOUN;windo
5;NOUN;wingi
5;NOUN;wingu
5;NOUN;wosia
5;NOUN;zaidi
5;NOUN;zoevu
5;NOUN;zulia
5;PRON;amba
5;PRON;ambacho
5;PRON;ambao
5;PRON;mimi
5;PRON;nani
5;PRON;nini
5;PRON;ninyi
5;PRON;sisi
5;PRON;wao
5;PRON;wewe
5;PRON;yeye
5;VERB;adhibu
5;VERB;andika
5;VERB;badili
5;VERB;bariki
5;VERB;chanua
5;VERB;dharau
5;VERB;dhulma
5;VERB;fasiri
5;VERB;fuliwa
5;VERB;fungua
5;VERB;ghairi
5;VERB;hakiki
5;VERB;hariri
5;VERB;hukumu
5;VERB;ifadhi
5;VERB;kifuli
5;VERB;kijiti
5;VERB;pinda
5;VERB;pinga
5;VERB;pokea
5;VERB;puani
5;VERB;puuza
5;VERB;somea
5;VERB;tanda
5;VERB;tatua
5;VERB;tenda
5;VERB;tokeo
5;VERB;tosha
5;VERB;usoro
5;VERB;wania
6;ADJ;badala
6;ADJ;bandia
6;ADJ;baridi
6;ADJ;bepari
6;ADJ;chache
6;ADJ;changa
6;ADJ;chonjo
6;ADJ;chungu
6;ADJ;damisi
6;ADJ;ekundu
6;ADJ;enyewe
6;ADJ;fasihi
6;ADJ;fasiki
6;ADJ;ghafla
6;ADJ;gonjwa
6;ADJ;hafifu
6;ADJ;halali
6;ADJ;halisi
6;ADJ;haraka
6;ADJ;haramu
6;ADJ;hodari
6;ADJ;ingine
6;ADJ;kamili
6;ADJ;kijani
6;ADJ;kijivu
6;ADJ;kipara
6;ADJ;kisasa
6;ADJ;ukale
6;ADJ;uungu
6;ADJ;ziada
6;ADP;awali
6;ADP;awali
6;ADP;awali
6;ADP;bila
6;ADP;bila
6;ADP;bila
6;ADP;hadi
6;ADP;hadi
6;ADP;hadi
6;ADP;kati
6;ADP;kati
6;ADP;kati
6;ADP;katika
6;ADP;katika
6;ADP;katika
6;ADP;katikati
6;ADP;katikati
6;ADP;katikati
6;ADP;kuliko
6;ADP;kuliko
6;ADP;kuliko
6;ADP;kwa
6;ADP;kwa
6;ADP;kwa
6;ADP;peke
6;ADP;peke
6;ADP;peke
6;ADP;tangu
6;ADP;tangu
6;ADP;tangu
6;ADV;baadaye
6;ADV;ghafula
6;ADV;haraka
6;ADV;juzijuzi
6;ADV;kabisa
6;ADV;karibu
6;ADV;karibuni
6;ADV;katikati
6;ADV;kidogo
6;ADV;kimataifa
6;ADV;kitaifa
6;ADV;kwenye
6;ADV;lazima
6;ADV;maalum
6;ADV;majuzi
6;ADV;mapema
6;ADV;mbalimbali
6;ADV;milele
6;ADV;miongoni
6;ADV;ovyoovyo
6;ADV;pamoja
6;ADV;pengine
6;ADV;polepole
6;ADV;sawasawa
6;ADV;sharti
6;ADV;sikuzote
6;ADV;taratibu
6;ADV;vibaya
6;ADV;vizuri
6;ADV;zamani
6;CONJ;ama
6;CONJ;au
6;CONJ;bali
6;CONJ;basi
6;CONJ;ikiwa
6;CONJ;ila
6;CONJ;ili
6;CONJ;kama
6;CONJ;kwani
6;CONJ;lakini
6;CONJ;na
6;CONJ;wala
6;CONJ;walakini
6;INT;hamjambo
6;INT;hatujambo
6;INT;majaliwea
6;INT;marahaba
6;INT;masalkheri
6;INT;samahani
6;INT;shikamoo
6;INT;shikamuu
6;INT;shukrani
6;INT;subulkheri
6;INT;tafadhali
6;NOUN;kabuti
6;NOUN;kafiri
6;NOUN;kahaba
6;NOUN;kahawa
6;NOUN;kalamu
6;NOUN;kamati
6;NOUN;kamera
6;NOUN;kamusi
6;NOUN;kanisa
6;NOUN;kanoni
6;NOUN;kanuni
6;NOUN;karamu
6;NOUN;karani
6;NOUN;karata
6;NOUN;karoti
6;NOUN;kaseti
6;NOUN;kashfa
6;NOUN;kasino
6;NOUN;kasisi
6;NOUN;kasoro
6;NOUN;kasuku
6;NOUN;katiba
6;NOUN;katuni
6;NOUN;kelele
6;NOUN;kianga
6;NOUN;kibaba
6;NOUN;kibali
6;NOUN;kibare
6;NOUN;kiboko
6;NOUN;kibuyu
6;NOUN;kibuzi
6;NOUN;kichwa
6;NOUN;kidato
6;NOUN;kidege
6;NOUN;kidevu
6;NOUN;kidole
6;NOUN;kifaru
6;NOUN;kifuko
6;NOUN;kiguzo
6;NOUN;Kiigbo
6;NOUN;kijana
6;NOUN;kijani
6;NOUN;kijiji
6;NOUN;kijiko
6;NOUN;kijino
6;NOUN;kijito
6;NOUN;kikapu
6;NOUN;kikofi
6;NOUN;kikosi
6;NOUN;kikumi
6;NOUN;kilele
6;NOUN;kilema
6;NOUN;kilima
6;NOUN;kilimo
6;NOUN;Kimeru
6;NOUN;kimeza
6;NOUN;kinofu
6;NOUN;kinywa
6;NOUN;kionjo
6;NOUN;kipaji
6;NOUN;Kipate
6;NOUN;kipimo
6;NOUN;kipofu
6;NOUN;kiraka
6;NOUN;Kireno
6;NOUN;kiroto
6;NOUN;Kirusi
6;NOUN;kisawe
6;NOUN;kisiki
6;NOUN;kisima
6;NOUN;kisiwa
6;NOUN;kitabu
6;NOUN;kitano
6;NOUN;kitara
6;NOUN;kitone
6;NOUN;kitoto
6;NOUN;kitovu
6;NOUN;kitufe
6;NOUN;kiumbe
6;NOUN;kiungo
6;NOUN;kiwete
6;NOUN;kiwiko
6;NOUN;kizazi
6;NOUN;kizibo
6;NOUN;kiziwi
6;NOUN;kizuka
6;NOUN;Kizulu
6;NOUN;kokoto
6;NOUN;kolabo
6;NOUN;kondoo
6;NOUN;kufira
6;NOUN;kufuli
6;NOUN;kufuru
6;NOUN;kusini
6;NOUN;kwanga
6;NOUN;kwekwe
6;NOUN;lawama
6;NOUN;likizo
6;NOUN;liwali
6;NOUN;luteni
6;NOUN;mabavu
6;NOUN;mabusu
6;NOUN;madini
6;NOUN;mafuta
6;NOUN;magizo
6;NOUN;mahala
6;NOUN;mahali
6;NOUN;mahari
6;NOUN;maisha
6;NOUN;majani
6;NOUN;majivu
6;NOUN;makala
6;NOUN;makasi
6;NOUN;malipo
6;NOUN;malkia
6;NOUN;mamake
6;NOUN;mamako
6;NOUN;mamaye
6;NOUN;masafa
6;NOUN;mashua
6;NOUN;matata
6;NOUN;matatu
6;NOUN;matusi
6;NOUN;mauaji
6;NOUN;maziwa
6;NOUN;mbolea
6;NOUN;Mbudha
6;NOUN;mbunge
6;NOUN;mbungu
6;NOUN;mbweha
6;NOUN;mchana
6;NOUN;mchawi
6;NOUN;mchele
6;NOUN;mchezo
6;NOUN;Mchile
6;NOUN;Mchina
6;NOUN;mchoro
6;NOUN;mchuzi
6;NOUN;Mdachi
6;NOUN;meneja
6;NOUN;metali
6;NOUN;mfalme
6;NOUN;mfaume
6;NOUN;mfumbi
6;NOUN;Mganda
6;NOUN;mganga
6;NOUN;Mghana
6;NOUN;mgomba
6;NOUN;mgongo
6;NOUN;Mhausa
6;NOUN;mhenga
6;NOUN;Mhindi
6;NOUN;mhunzi
6;NOUN;miwani
6;NOUN;mizani
6;NOUN;Mjaluo
6;NOUN;mjengo
6;NOUN;mjinga
6;NOUN;mjomba
6;NOUN;mjukuu
6;NOUN;Mkamba
6;NOUN;Mkenya
6;NOUN;mkinga
6;NOUN;mkondo
6;NOUN;Mkongo
6;NOUN;Mkorea
6;NOUN;mkubwa
6;NOUN;mkulia
6;NOUN;mkundu
6;NOUN;mkunga
6;NOUN;mkungu
6;NOUN;mkunjo
6;NOUN;mkwaju
6;NOUN;mlango
6;NOUN;Mlibya
6;NOUN;mlimau
6;NOUN;mlinzi
6;NOUN;Mluhya
6;NOUN;Mluyia
6;NOUN;Mmasai
6;NOUN;Mmisri
6;NOUN;Mnandi
6;NOUN;mnyama
6;NOUN;mpango
6;NOUN;mpapai
6;NOUN;mpenzi
6;NOUN;mpepea
6;NOUN;mpingo
6;NOUN;mpishi
6;NOUN;mpopoo
6;NOUN;mpunga
6;NOUN;mrithi
6;NOUN;Mrundi
6;NOUN;msaada
6;NOUN;msamba
6;NOUN;msanii
6;NOUN;msenge
6;NOUN;mshale
6;NOUN;Mshamu
6;NOUN;mshipa
6;PRON;amba
6;PRON;ambacho
6;PRON;ambao
6;PRON;mimi
6;PRON;nani
6;PRON;nini
6;PRON;ninyi
6;PRON;sisi
6;PRON;wao
6;PRON;wewe
6;PRON;yeye
6;VERB;angalia
6;VERB;ashiria
6;VERB;kiliyo
6;VERB;kisasi
6;VERB;kukuza
6;VERB;kutupa
6;VERB;mahail
6;VERB;mateso
6;VERB;mdundo
6;VERB;miliki
6;VERB;nyonga
6;VERB;ogofia
6;VERB;ondoka
6;VERB;ongoza
6;VERB;panchi
6;VERB;peleka
6;VERB;pumbaa
6;VERB;refari
6;VERB;safiri
6;VERB;sanifu
6;VERB;sikiza
6;VERB;sitawi
6;VERB;subiri
6;VERB;sumbua
6;VERB;takasa
6;VERB;teseka
6;VERB;tukiyo
6;VERB;uteuzi
6;VERB;wekeza
6;VERB;wishwa
7;ADJ;akthari
7;ADJ;balagha
7;ADJ;dhalimu
7;ADJ;dhamana
7;ADJ;embamba
7;ADJ;kaptula
7;ADJ;kipenzi
7;ADJ;kitaifa
7;ADJ;kushoto
7;ADJ;kusini
7;ADJ;lingana
7;ADJ;maalum
7;ADJ;maarufu
7;ADJ;makini
7;ADJ;mamluki
7;ADJ;maskini
7;ADJ;mchoyo
7;ADJ;mkaidi
7;ADJ;muhimu
7;ADJ;rahisi
7;ADJ;razini
7;ADJ;sahihi
7;ADJ;sanifu
7;ADJ;tajiri
7;ADJ;tayari
7;ADJ;timamu
7;ADJ;waridi
7;ADJ;wepesi
7;ADJ;wororo
7;ADJ;zembea
7;ADP;awali
7;ADP;awali
7;ADP;awali
7;ADP;bila
7;ADP;bila
7;ADP;bila
7;ADP;hadi
7;ADP;hadi
7;ADP;hadi
7;ADP;kati
7;ADP;kati
7;ADP;kati
7;ADP;katika
7;ADP;katika
7;ADP;katika
7;ADP;katikati
7;ADP;katikati
7;ADP;katikati
7;ADP;kuliko
7;ADP;kuliko
7;ADP;kuliko
7;ADP;kwa
7;ADP;kwa
7;ADP;kwa
7;ADP;peke
7;ADP;peke
7;ADP;peke
7;ADP;tangu
7;ADP;tangu
7;ADP;tangu
7;ADV;aidha
7;ADV;amina
7;ADV;baada
7;ADV;bado
7;ADV;baina
7;ADV;bali
7;ADV;bure
7;ADV;chini
7;ADV;hivi
7;ADV;huko
7;ADV;jana
7;ADV;juu
7;ADV;juzi
7;ADV;kati
7;ADV;leo
7;ADV;lini
7;ADV;mno
7;ADV;nje
7;ADV;ovyo
7;ADV;pia
7;ADV;pole
7;ADV;pote
7;ADV;sana
7;ADV;sasa
7;ADV;si
7;ADV;tena
7;ADV;tu
7;ADV;upya
7;ADV;vile
7;ADV;wapi
7;CONJ;ama
7;CONJ;au
7;CONJ;bali
7;CONJ;basi
7;CONJ;ikiwa
7;CONJ;ila
7;CONJ;ili
7;CONJ;kama
7;CONJ;kwani
7;CONJ;lakini
7;CONJ;na
7;CONJ;wala
7;CONJ;walakini
7;INT;ebu
7;INT;ee
7;INT;eti
7;INT;hebu
7;INT;hodi
7;INT;la
7;INT;lo
7;INT;naam
7;INT;sawa
7;INT;usu
7;NOUN;msimbo
7;NOUN;msingi
7;NOUN;Msiria
7;NOUN;mstari
7;NOUN;mswada
7;NOUN;mswaki
7;NOUN;Mswazi
7;NOUN;Mswidi
7;NOUN;Mswisi
7;NOUN;mtalii
7;NOUN;mtende
7;NOUN;mtindo
7;NOUN;mtofaa
7;NOUN;mtufaa
7;NOUN;mtumwa
7;NOUN;mtungi
7;NOUN;muhogo
7;NOUN;mumewe
7;NOUN;muungo
7;NOUN;muungu
7;NOUN;muziki
7;NOUN;mvinyo
7;NOUN;mvungu
7;NOUN;mwanga
7;NOUN;mwanya
7;NOUN;mwanzi
7;NOUN;mwanzo
7;NOUN;mwembe
7;NOUN;mwendo
7;NOUN;mwenye
7;NOUN;mwenzi
7;NOUN;mwisho
7;NOUN;mwongo
7;NOUN;mzinga
7;NOUN;mzungu
7;NOUN;mzushi
7;NOUN;nafaka
7;NOUN;nafasi
7;NOUN;nakala
7;NOUN;nanasi
7;NOUN;nasaba
7;NOUN;ndondi
7;NOUN;ndumba
7;NOUN;ngamia
7;NOUN;ngwena
7;NOUN;njemba
7;NOUN;nomino
7;NOUN;notisi
7;NOUN;nusura
7;NOUN;nyanya
7;NOUN;nyonga
7;NOUN;nyumba
7;NOUN;nyumbu
7;NOUN;nyundo
7;NOUN;nywila
7;NOUN;orodha
7;NOUN;padiri
7;NOUN;pahala
7;NOUN;pahali
7;NOUN;painti
7;NOUN;pakiti
7;NOUN;Pasaka
7;NOUN;peponi
7;NOUN;petali
7;NOUN;pigano
7;NOUN;pointi
7;NOUN;polisi
7;NOUN;porini
7;NOUN;rafiki
7;NOUN;rakuni
7;NOUN;ramani
7;NOUN;ratiba
7;NOUN;ratili
7;NOUN;rekodi
7;NOUN;repoti
7;NOUN;resiti
7;NOUN;riadha
7;NOUN;riksho
7;NOUN;ripoti
7;NOUN;risasi
7;NOUN;riwaya
7;NOUN;riziki
7;NOUN;roketi
7;NOUN;rubani
7;NOUN;ruhusa
7;NOUN;rununu
7;NOUN;sababu
7;NOUN;sabibu
7;NOUN;sabuni
7;NOUN;sadaka
7;NOUN;safari
7;NOUN;sahani
7;NOUN;sajili
7;NOUN;sakafu
7;NOUN;sakata
7;NOUN;saliyo
7;NOUN;samaki
7;NOUN;sambaa
7;NOUN;sarufi
7;NOUN;saruji
7;NOUN;sayari
7;NOUN;sebule
7;NOUN;sehemu
7;NOUN;seneti
7;NOUN;shairi
7;NOUN;shamba
7;NOUN;sharti
7;NOUN;shauri
7;NOUN;sheria
7;NOUN;shibli
7;NOUN;shingo
7;NOUN;shtaka
7;NOUN;shujaa
7;NOUN;shumbi
7;NOUN;sifuri
7;NOUN;silabi
7;NOUN;simiti
7;NOUN;sinema
7;NOUN;soketi
7;NOUN;sonara
7;NOUN;spishi
7;NOUN;stempu
7;NOUN;sukari
7;NOUN;suluhu
7;NOUN;swichi
7;NOUN;talaka
7;NOUN;tamati
7;NOUN;tarehe
7;NOUN;tatizo
7;NOUN;tetesi
7;NOUN;tiketi
7;NOUN;tikiti
7;NOUN;tofali
7;NOUN;tohara
7;NOUN;trekta
7;NOUN;tufaha
7;NOUN;turufu
7;NOUN;uamsho
7;NOUN;ubichi
7;NOUN;ubongo
7;NOUN;uchafu
7;NOUN;uchawi
7;NOUN;uchumi
7;NOUN;udongo
7;NOUN;ufagio
7;NOUN;ufalme
7;NOUN;ufaume
7;NOUN;ufunuo
7;NOUN;uganga
7;NOUN;ugomvi
7;NOUN;ujamaa
7;NOUN;ujinga
7;NOUN;ukimwi
7;NOUN;Ukimwi
7;NOUN;UKIMWI
7;NOUN;ukuaji
7;NOUN;ukubwa
7;NOUN;ukucha
7;NOUN;ukumbi
7;NOUN;ukungu
7;NOUN;ukwaju
7;NOUN;ukweli
7;NOUN;ulinzi
7;NOUN;umbali
7;NOUN;unenge
7;NOUN;unyasi
7;NOUN;unyoya
7;NOUN;upande
7;NOUN;upanga
7;NOUN;upendi
7;NOUN;upendo
7;NOUN;upuuzi
7;NOUN;urithi
7;NOUN;ushidi
7;NOUN;ushoga
7;NOUN;ushuru
7;NOUN;ustawi
7;NOUN;utaifa
7;NOUN;utambi
7;NOUN;utingo
7;NOUN;utomvu
7;NOUN;utumbo
7;NOUN;utumwa
7;NOUN;utwana
7;NOUN;uvimbe
7;NOUN;uvumba
7;NOUN;uwingu
7;NOUN;uzembe
7;NOUN;uzoefu
7;NOUN;vijana
7;NOUN;viombo
7;NOUN;virusi
7;NOUN;vyamba
7;NOUN;wakala
7;NOUN;wakati
7;NOUN;wakili
7;NOUN;waraka
7;NOUN;waridi
7;NOUN;warsha
7;NOUN;waziri
7;PRON;amba
7;PRON;ambacho
7;PRON;ambao
7;PRON;mimi
7;PRON;nani
7;PRON;nini
7;PRON;ninyi
7;PRON;sisi
7;PRON;wao
7;PRON;wewe
7;PRON;yeye
7;VERB;andikiza
7;VERB;badilia
7;VERB;bashiri
7;VERB;benbera
7;VERB;boresha
7;VERB;charaza
7;VERB;chebuka
7;VERB;chochea
7;VERB;chunguza
7;VERB;dukuduku
7;VERB;dumisha
7;VERB;endelea
7;VERB;endesha
7;VERB;fakachi
7;VERB;fanikiwa
7;VERB;gharimu
7;VERB;imarisha
7;VERB;jamiiana
7;VERB;jedwali
7;VERB;kanusha
7;VERB;kayamba
7;VERB;pumbaza
7;VERB;shiriki
7;VERB;tafsiri
7;VERB;tegemea
7;VERB;thamini
7;VERB;tumaini
7;VERB;ufujaji
7;VERB;usalamu
7;VERB;utatuzi
8;ADJ;chepechepe
8;ADJ;ektroniki
8;ADJ;heshimiwa
8;ADJ;ingereza
8;ADJ;kadinoli
8;ADJ;kaskazini
8;ADJ;kemikali
8;ADJ;kienyeji
8;ADJ;kimataifa
8;ADJ;kiyahudi
8;ADJ;magharibi
8;ADJ;majeruhi
8;ADJ;makusudi
8;ADJ;marehemu
8;ADJ;mashariki
8;ADJ;masikini
8;ADJ;mkongwe
8;ADJ;mlegevu
8;ADJ;mojawapo
8;ADJ;mtendaji
8;ADJ;mwafaka
8;ADJ;paramidi
8;ADJ;peremende
8;ADJ;pumbavu
8;ADJ;shabaha
8;ADJ;simikwa
8;ADJ;sononeka
8;ADJ;surupwenye
8;ADJ;tahadhari
8;ADJ;takatifu
8;ADJ;tashbihi
8;ADJ;uadhilifu
8;ADJ;udhurungi
8;ADJ;ukarimu
8;ADJ;wajamzito
8;ADJ;zambarau
8;ADJ;zeruzeru
8;ADP;awali
8;ADP;awali
8;ADP;awali
8;ADP;bila
8;ADP;bila
8;ADP;bila
8;ADP;hadi
8;ADP;hadi
8;ADP;hadi
8;ADP;kati
8;ADP;kati
8;ADP;kati
8;ADP;katika
8;ADP;katika
8;ADP;katika
8;ADP;katikati
8;ADP;katikati
8;ADP;katikati
8;ADP;kuliko
8;ADP;kuliko
8;ADP;kuliko
8;ADP;kwa
8;ADP;kwa
8;ADP;kwa
8;ADP;peke
8;ADP;peke
8;ADP;peke
8;ADP;tangu
8;ADP;tangu
8;ADP;tangu
8;ADV;halafu
8;ADV;haraka
8;ADV;hivyo
8;ADV;jinsi
8;ADV;kabisa
8;ADV;kabla
8;ADV;kamwe
8;ADV;karibu
8;ADV;kesho
8;ADV;kidogo
8;ADV;kwani
8;ADV;kweli
8;ADV;kwenye
8;ADV;labda
8;ADV;lazima
8;ADV;maalum
8;ADV;majuzi
8;ADV;mapema
8;ADV;mbali
8;ADV;mbele
8;ADV;mbona
8;ADV;milele
8;ADV;namna
8;ADV;ndani
8;ADV;ndiyo
8;ADV;nyuma
8;ADV;pamoja
8;ADV;upesi
8;ADV;vyema
8;ADV;zaidi
8;CONJ;ama
8;CONJ;au
8;CONJ;bali
8;CONJ;basi
8;CONJ;ikiwa
8;CONJ;ila
8;CONJ;ili
8;CONJ;kama
8;CONJ;kwani
8;CONJ;lakini
8;CONJ;na
8;CONJ;wala
8;CONJ;walakini
8;INT;asante
8;INT;hujambo
8;INT;jambo
8;INT;karibu
8;INT;kwaheri
8;INT;majira
8;INT;salaam
8;INT;salamu
8;INT;shikamu
8;INT;sijambo
8;NOUN;ajinabi
8;NOUN;akaunti
8;NOUN;alasiri
8;NOUN;alizeti
8;NOUN;aljebra
8;NOUN;asubuhi
8;NOUN;babaenu
8;NOUN;babaetu
8;NOUN;babangu
8;NOUN;baharia
8;NOUN;bahasha
8;NOUN;bambika
8;NOUN;bandari
8;NOUN;bangili
8;NOUN;bastola
8;NOUN;bandegi
8;NOUN;bendera
8;NOUN;biarusi
8;NOUN;bilioni
8;NOUN;biskuti
8;NOUN;bonyeza
8;NOUN;botania
8;NOUN;bunduki
8;NOUN;bustani
8;NOUN;chakula
8;NOUN;chapati
8;NOUN;chiriku
8;NOUN;chubuko
8;NOUN;chungwa
8;NOUN;dadangu
8;NOUN;daktari
8;NOUN;desturi
8;NOUN;dhahabu
8;NOUN;dhakari
8;NOUN;dhehebu
8;NOUN;dhoruba
8;NOUN;dhuluma
8;NOUN;dikteta
8;NOUN;dirhamu
8;NOUN;dirisha
8;NOUN;duriani
8;NOUN;falsafa
8;NOUN;familia
8;NOUN;fanicha
8;NOUN;fedheha
8;NOUN;filimbi
8;NOUN;firauni
8;NOUN;firimbi
8;NOUN;fizikia
8;NOUN;forodha
8;NOUN;foronya
8;NOUN;frasila
8;NOUN;furushi
8;NOUN;galaksi
8;NOUN;gharama
8;NOUN;gharika
8;NOUN;ghulamu
8;NOUN;grifoni
8;NOUN;hadithi
8;NOUN;handaki
8;NOUN;hanithi
8;NOUN;hanjamu
8;NOUN;haragwe
8;NOUN;haramia
8;NOUN;heshima
8;NOUN;hongera
8;NOUN;husiano
8;NOUN;ikisiri
8;NOUN;itikadi
8;NOUN;jamhuri
8;NOUN;jamiana
8;NOUN;jangili
8;NOUN;januari
8;NOUN;jaribio
8;NOUN;jazanda
8;NOUN;kabwela
8;NOUN;kachero
8;NOUN;kahawia
8;NOUN;kamanda
8;NOUN;kampeni
8;NOUN;kampuni
8;NOUN;kanusho
8;NOUN;kapteni
8;NOUN;karanga
8;NOUN;kawaida
8;NOUN;kengele
8;NOUN;Kiarabu
8;NOUN;kibanda
8;NOUN;kibarua
8;NOUN;kichaka
8;NOUN;Kidachi
8;NOUN;kidonda
8;NOUN;kielezi
8;NOUN;kifungo
8;NOUN;kifungu
8;NOUN;kifutio
8;NOUN;Kiganda
8;NOUN;kiganja
8;NOUN;Kihausa
8;NOUN;Kiiraqw
8;NOUN;Kijaluo
8;NOUN;Kikamba
8;NOUN;kikingi
8;NOUN;kikombe
8;NOUN;Kikongo
8;NOUN;Kikorea
8;NOUN;kikundi
8;NOUN;kilango
8;NOUN;kilemba
8;NOUN;Kimaore
8;NOUN;Kimasai
8;NOUN;Kimvita
8;NOUN;kinembe
8;NOUN;kingora
8;NOUN;kinyagu
8;NOUN;kinyezi
8;NOUN;kinyozi
8;NOUN;kiowevu
8;NOUN;kipande
8;NOUN;kipanya
8;NOUN;kipenga
8;NOUN;kipenyo
8;NOUN;kipepeo
8;NOUN;kipochi
8;NOUN;kipungu
8;NOUN;kirauni
8;NOUN;Kirundi
8;NOUN;Kishona
8;NOUN;kishugu
8;NOUN;Kisuthu
8;NOUN;kitamba
8;NOUN;kitanda
8;NOUN;kitendo
8;NOUN;kitenzi
8;NOUN;kitoweo
8;NOUN;kitubio
8;NOUN;kiwanda
8;NOUN;kiwanja
8;NOUN;Kixhosa
8;NOUN;kizuizi
8;NOUN;kliniki
8;NOUN;komunyo
8;NOUN;kondomu
8;NOUN;kongoni
8;NOUN;koroboi
8;NOUN;korongo
8;NOUN;korosho
8;NOUN;kunguni
8;NOUN;kunguru
8;NOUN;kusudio
8;NOUN;maabara
8;NOUN;maadili
8;NOUN;maarifa
8;NOUN;madrasa
8;NOUN;maelezo
8;NOUN;mageuzi
8;NOUN;mahamri
8;NOUN;makaazi
8;NOUN;maktaba
8;NOUN;malaika
8;NOUN;malaria
8;NOUN;malenga
8;NOUN;malenge
8;NOUN;mamaenu
8;NOUN;mamaetu
8;NOUN;mamangu
8;NOUN;mamlaka
8;NOUN;manjano
8;NOUN;mantiki
8;NOUN;manufaa
8;NOUN;mapishi
8;NOUN;mapwaji
8;NOUN;maradhi
8;NOUN;marimba
8;NOUN;masaibu
8;NOUN;mashine
8;NOUN;maskani
8;NOUN;maumivi
8;NOUN;mboleya
8;NOUN;Mbuddha
8;NOUN;Mchagga
8;NOUN;mchanga
8;NOUN;mchango
8;NOUN;mcheshi
8;NOUN;mchumba
8;NOUN;mdadisi
8;NOUN;mdahalo
8;NOUN;methali
8;NOUN;mfasiri
8;NOUN;wilaya
8;NOUN;wizara
8;NOUN;yakuti
8;NOUN;yamini
8;NOUN;zabibu
8;NOUN;zaburi
8;NOUN;zakati
8;NOUN;zaliwa
8;NOUN;zamani
8;NOUN;zawadi
8;NOUN;zebaki
8;PRON;amba
8;PRON;ambacho
8;PRON;ambao
8;PRON;mimi
8;PRON;nani
8;PRON;nini
8;PRON;ninyi
8;PRON;sisi
8;PRON;wao
8;PRON;wewe
8;PRON;yeye
8;VERB;angalia
8;VERB;ashiria
8;VERB;kiliyo
8;VERB;kisasi
8;VERB;kukuza
8;VERB;kutupa
8;VERB;mahail
8;VERB;mateso
8;VERB;mdundo
8;VERB;miliki
8;VERB;nyonga
8;VERB;ogofia
8;VERB;ondoka
8;VERB;ongoza
8;VERB;panchi
8;VERB;peleka
8;VERB;pumbaa
8;VERB;refari
8;VERB;safiri
8;VERB;sanifu
8;VERB;sikiza
8;VERB;sitawi
8;VERB;subiri
8;VERB;sumbua
8;VERB;takasa
8;VERB;teseka
8;VERB;tukiyo
8;VERB;uteuzi
8;VERB;wekeza
8;VERB;wishwa
9;ADJ;akthari
9;ADJ;balagha
9;ADJ;dhalimu
9;ADJ;dhamana
9;ADJ;embamba
9;ADJ;kaptula
9;ADJ;kipenzi
9;ADJ;kitaifa
9;ADJ;kushoto
9;ADJ;kusini
9;ADJ;lingana
9;ADJ;maalum
9;ADJ;maarufu
9;ADJ;makini
9;ADJ;mamluki
9;ADJ;maskini
9;ADJ;mchoyo
9;ADJ;mkaidi
9;ADJ;muhimu
9;ADJ;rahisi
9;ADJ;razini
9;ADJ;sahihi
9;ADJ;sanifu
9;ADJ;tajiri
9;ADJ;tayari
9;ADJ;timamu
9;ADJ;waridi
9;ADJ;wepesi
9;ADJ;wororo
9;ADJ;zembea
9;ADP;awali
9;ADP;awali
9;ADP;awali
9;ADP;bila
9;ADP;bila
9;ADP;bila
9;ADP;hadi
9;ADP;hadi
9;ADP;hadi
9;ADP;kati
9;ADP;kati
9;ADP;kati
9;ADP;katika
9;ADP;katika
9;ADP;katika
9;ADP;katikati
9;ADP;katikati
9;ADP;katikati
9;ADP;kuliko
9;ADP;kuliko
9;ADP;kuliko
9;ADP;kwa
9;ADP;kwa
9;ADP;kwa
9;ADP;peke
9;ADP;peke
9;ADP;peke
9;ADP;tangu
9;ADP;tangu
9;ADP;tangu
9;ADV;baadaye
9;ADV;ghafula
9;ADV;haraka
9;ADV;juzijuzi
9;ADV;kabisa
9;ADV;karibu
9;ADV;karibuni
9;ADV;katikati
9;ADV;kidogo
9;ADV;kimataifa
9;ADV;kitaifa
9;ADV;kwenye
9;ADV;lazima
9;ADV;maalum
9;ADV;majuzi
9;ADV;mapema
9;ADV;mbalimbali
9;ADV;milele
9;ADV;miongoni
9;ADV;ovyoovyo
9;ADV;pamoja
9;ADV;pengine
9;ADV;polepole
9;ADV;sawasawa
9;ADV;sharti
9;ADV;sikuzote
9;ADV;taratibu
9;ADV;vibaya
9;ADV;vizuri
9;ADV;zamani
9;CONJ;ama
9;CONJ;au
9;CONJ;bali
9;CONJ;basi
9;CONJ;ikiwa
9;CONJ;ila
9;CONJ;ili
9;CONJ;kama
9;CONJ;kwani
9;CONJ;lakini
9;CONJ;na
9;CONJ;wala
9;CONJ;walakini
9;INT;hamjambo
9;INT;hatujambo
9;INT;majaliwea
9;INT;marahaba
9;INT;masalkheri
9;INT;samahani
9;INT;shikamoo
9;INT;shikamuu
9;INT;shukrani
9;INT;subulkheri
9;INT;tafadhali
9;NOUN;adhuhuri
9;NOUN;alfabeti
9;NOUN;alfajiri
9;NOUN;asilimia
9;NOUN;badiliko
9;NOUN;bainisha
9;NOUN;baiskeli
9;NOUN;barabara
9;NOUN;biashara
9;NOUN;biharusi
9;NOUN;binadamu
9;NOUN;biolojia
9;NOUN;blanketi
9;NOUN;burudani
9;NOUN;daladala
9;NOUN;mfenesi
9;NOUN;mfereji
9;NOUN;Mfunguo
9;NOUN;Mgikuyu
9;NOUN;Mgiriki
9;NOUN;mgonjwa
9;NOUN;mgulabi
9;NOUN;mhalifu
9;NOUN;mhariri
9;NOUN;mhubiri
9;NOUN;mhudumu
9;NOUN;milioni
9;NOUN;mirathi
9;NOUN;misheni
9;NOUN;Mjapani
9;NOUN;mjeledi
9;NOUN;mkahawa
9;NOUN;mkakati
9;NOUN;Mkanada
9;NOUN;mkataba
9;NOUN;Mkikuyu
9;NOUN;mkoloni
9;NOUN;mkorogo
9;NOUN;mkoromo
9;NOUN;Mkristo
9;NOUN;mkulima
9;NOUN;mkutano
9;NOUN;mkuyati
9;NOUN;mlipuko
9;NOUN;Mluhyia
9;NOUN;Mmaasai
9;NOUN;Mmalawi
9;NOUN;mnanasi
9;NOUN;mnyanya
9;NOUN;mochari
9;NOUN;motokaa
9;NOUN;mpagani
9;NOUN;mpagazi
9;NOUN;Mpangwa
9;NOUN;Mrwanda
9;NOUN;msafiri
9;NOUN;msahafu
9;NOUN;msalaba
9;NOUN;msemaji
9;NOUN;mshairi
9;NOUN;mshauri
9;NOUN;mshenzi
9;NOUN;mshindi
9;NOUN;mshtaki
9;NOUN;mshumaa
9;NOUN;msikiti
9;NOUN;msimamo
9;NOUN;msomaji
9;NOUN;Msomali
9;NOUN;Msukuma
9;NOUN;msumeno
9;NOUN;msururu
9;NOUN;mtaalam
9;NOUN;mtajiri
9;NOUN;mtandao
9;NOUN;Mtaturu
9;NOUN;mtazamo
9;NOUN;mtetezi
9;NOUN;mtikiti
9;NOUN;mtohara
9;NOUN;mtufaha
9;NOUN;mtumbwi
9;NOUN;Mturuki
9;NOUN;muamana
9;NOUN;muhindi
9;NOUN;mumiani
9;NOUN;mumunye
9;NOUN;muuguzi
9;NOUN;muumini
9;NOUN;mvulana
9;NOUN;Mwajemi
9;NOUN;mwajiri
9;NOUN;mwalimu
9;NOUN;Mwarabu
9;NOUN;mwaridi
9;NOUN;mwavuli
9;NOUN;mwenzio
9;NOUN;Mwiraqw
9;NOUN;mwuguzi
9;NOUN;mwuzaji
9;NOUN;Myahudi
9;NOUN;Myoruba
9;NOUN;Myunani
9;NOUN;mzabibu
9;NOUN;Mzambia
9;NOUN;nahodha
9;NOUN;nambari
9;NOUN;ndogoro
9;NOUN;ndowani
9;NOUN;nduguye
9;NOUN;nduguyo
9;NOUN;nguruwe
9;NOUN;nikotin
9;NOUN;nyambuo
9;NOUN;nyegere
9;NOUN;oksaidi
9;NOUN;paspoti
9;NOUN;petroli
9;NOUN;profesa
9;NOUN;protini
9;NOUN;rukwama
9;NOUN;runinga
9;NOUN;sanduku
9;NOUN;sayansi
9;NOUN;sekunde
9;NOUN;shabiki
9;NOUN;shahada
9;NOUN;shahidi
9;NOUN;shajara
9;NOUN;shehena
9;NOUN;sherehe
9;NOUN;shirika
9;NOUN;shomoro
9;NOUN;shupaza
9;NOUN;sikukuu
9;NOUN;sindano
9;NOUN;sodiamu
9;NOUN;stafeli
9;NOUN;sufuria
9;NOUN;sultani
9;NOUN;sungura
9;NOUN;taarifa
9;NOUN;taasisi
9;NOUN;tafsiri
9;NOUN;tajriba
9;NOUN;talanta
9;NOUN;tamasha
9;NOUN;tambiko
9;NOUN;tangazo
9;NOUN;tarajio
9;NOUN;taswira
9;NOUN;thamana
9;NOUN;thamani
9;NOUN;theluji
9;NOUN;thumuni
9;NOUN;tumbako
9;NOUN;tumbili
9;NOUN;tunikwa
9;NOUN;ubalozi
9;NOUN;ufukara
9;NOUN;ufunguo
9;NOUN;ugonjwa
9;NOUN;uhitaji
9;NOUN;uhodari
9;NOUN;Uislamu
9;NOUN;ukabila
9;NOUN;ukoloni
9;NOUN;Ukristo
9;NOUN;ukurasa
9;NOUN;umuhimu
9;NOUN;unwyele
9;NOUN;unyonga
9;NOUN;unywele
9;NOUN;uongozi
9;NOUN;upimaji
9;NOUN;urafiki
9;NOUN;usafiri
9;NOUN;usalama
9;NOUN;ushairi
9;NOUN;ushanga
9;NOUN;ushauri
9;NOUN;ushinde
9;NOUN;usukani
9;NOUN;utabiri
9;NOUN;utafiti
9;NOUN;utitiri
9;NOUN;uvamizi
9;NOUN;Uyahudi
9;NOUN;vibonzo
9;NOUN;vimbiwa
9;NOUN;vimbizi
9;NOUN;vinyuzi
9;NOUN;volkano
9;NOUN;wikendi
9;NOUN;wimbaji
9;NOUN;zaituni
9;NOUN;zeituni
9;PRON;amba
9;PRON;ambacho
9;PRON;ambao
9;PRON;mimi
9;PRON;nani
9;PRON;nini
9;PRON;ninyi
9;PRON;sisi
9;PRON;wao
9;PRON;wewe
9;PRON;yeye
9;VERB;andikiza
9;VERB;badilia
9;VERB;bashiri
9;VERB;benbera
9;VERB;boresha
9;VERB;charaza
9;VERB;chebuka
9;VERB;chochea
9;VERB;chunguza
9;VERB;dukuduku
9;VERB;dumisha
9;VERB;endelea
9;VERB;endesha
9;VERB;fakachi
9;VERB;fanikiwa
9;VERB;gharimu
9;VERB;imarisha
9;VERB;jamiiana
9;VERB;jedwali
9;VERB;kanusha
9;VERB;kayamba
9;VERB;pumbaza
9;VERB;shiriki
9;VERB;tafsiri
9;VERB;tegemea
9;VERB;thamini
9;VERB;tumaini
9;VERB;ufujaji
9;VERB;usalamu
9;VERB;utatuzi
10;ADJ;chepechepe
10;ADJ;ektroniki
10;ADJ;heshimiwa
10;ADJ;ingereza
10;ADJ;kadinoli
10;ADJ;kaskazini
10;ADJ;kemikali
10;ADJ;kienyeji
10;ADJ;kimataifa
10;ADJ;kiyahudi
10;ADJ;magharibi
10;ADJ;majeruhi
10;ADJ;makusudi
10;ADJ;marehemu
10;ADJ;mashariki
10;ADJ;masikini
10;ADJ;mkongwe
10;ADJ;mlegevu
10;ADJ;mojawapo
10;ADJ;mtendaji
10;ADJ;mwafaka
10;ADJ;paramidi
10;ADJ;peremende
10;ADJ;pumbavu
10;ADJ;shabaha
10;ADJ;simikwa
10;ADJ;sononeka
10;ADJ;surupwenye
10;ADJ;tahadhari
10;ADJ;takatifu
10;ADJ;tashbihi
10;ADJ;uadhilifu
10;ADJ;udhurungi
10;ADJ;ukarimu
10;ADJ;wajamzito
10;ADJ;zambarau
10;ADJ;zeruzeru
10;ADP;awali
10;ADP;awali
10;ADP;awali
10;ADP;bila
10;ADP;bila
10;ADP;bila
10;ADP;hadi
10;ADP;hadi
10;ADP;hadi
10;ADP;kati
10;ADP;kati
10;ADP;kati
10;ADP;katika
10;ADP;katika
10;ADP;katika
10;ADP;katikati
10;ADP;katikati
10;ADP;katikati
10;ADP;kuliko
10;ADP;kuliko
10;ADP;kuliko
10;ADP;kwa
10;ADP;kwa
10;ADP;kwa
10;ADP;peke
10;ADP;peke
10;ADP;peke
10;ADP;tangu
10;ADP;tangu
10;ADP;tangu
10;ADV;halafu
10;ADV;haraka
10;ADV;hivyo
10;ADV;jinsi
10;ADV;kabisa
10;ADV;kabla
10;ADV;kamwe
10;ADV;karibu
10;ADV;kesho
10;ADV;kidogo
10;ADV;kwani
10;ADV;kweli
10;ADV;kwenye
10;ADV;labda
10;ADV;lazima
10;ADV;maalum
10;ADV;majuzi
10;ADV;mapema
10;ADV;mbali
10;ADV;mbele
10;ADV;mbona
10;ADV;milele
10;ADV;namna
10;ADV;ndani
10;ADV;ndiyo
10;ADV;nyuma
10;ADV;pamoja
10;ADV;upesi
10;ADV;vyema
10;ADV;zaidi
10;CONJ;ama
10;CONJ;au
10;CONJ;bali
10;CONJ;basi
10;CONJ;ikiwa
10;CONJ;ila
10;CONJ;ili
10;CONJ;kama
10;CONJ;kwani
10;CONJ;lakini
10;CONJ;na
10;CONJ;wala
10;CONJ;walakini
10;INT;asante
10;INT;hujambo
10;INT;jambo
10;INT;karibu
10;INT;kwaheri
10;INT;majira
10;INT;salaam
10;INT;salamu
10;INT;shikamu
10;INT;sijambo
10;NOUN;akiolojia
10;NOUN;badilisha
10;NOUN;baiolojia
10;NOUN;baisikeli
10;NOUN;balaghamu
10;NOUN;barakinya
10;NOUN;batamzinga
10;NOUN;bilingani
10;NOUN;changudoa
10;NOUN;chokoleti
10;NOUN;darubini
10;NOUN;dayosisi
10;NOUN;demokrasia
10;NOUN;diplomasia
10;NOUN;elementi
10;NOUN;eropleni
10;NOUN;fantasia
10;NOUN;farakano
10;NOUN;fonetiki
10;NOUN;fonolojia
10;NOUN;fosforasi
10;NOUN;garimoshi
10;NOUN;gharadhi
10;NOUN;gurudumu
10;NOUN;haidrojeni
10;NOUN;halijoto
10;NOUN;harimuni
10;NOUN;helikopta
10;NOUN;hemoglobini
10;NOUN;hidrojeni
10;NOUN;hisabati
10;NOUN;historia
10;NOUN;hospitali
10;NOUN;inspekta
10;NOUN;intaneti
10;NOUN;istilahi
10;NOUN;jenerali
10;NOUN;jinamizi
10;NOUN;jiografia
10;NOUN;jiolojia
10;NOUN;jiometri
10;NOUN;jiometria
10;NOUN;jumuisho
10;NOUN;kalisiamu
10;NOUN;kamishna
10;NOUN;kandanda
10;NOUN;kandarasi
10;NOUN;karatasi
10;NOUN;kasheshe
10;NOUN;kaskazini
10;NOUN;katalogi
10;NOUN;katekisimu
10;NOUN;katikati
10;NOUN;Kiacholi
10;NOUN;kiambaza
10;NOUN;kiambishi
10;NOUN;kiandarua
10;NOUN;kiangazi
10;NOUN;kibadala
10;NOUN;kiberenge
10;NOUN;kiberiti
10;NOUN;kibiriti
10;NOUN;Kibulgaria
10;NOUN;kicheche
10;NOUN;kichujio
10;NOUN;kichungi
10;NOUN;kichwamaji
10;NOUN;kielelezo
10;NOUN;kifaurongo
10;NOUN;Kifinishi
10;NOUN;Kifinlandi
10;NOUN;Kifinlandia
10;NOUN;kifuniko
10;NOUN;Kigiriki
10;NOUN;Kigujarati
10;NOUN;kihisishi
10;NOUN;Kihispania
10;NOUN;Kiholanzi
10;NOUN;kihusishi
10;NOUN;Kiingereza
10;NOUN;kiingizi
10;NOUN;Kiitalia
10;NOUN;Kiitaliano
10;NOUN;Kijapani
10;NOUN;Kijerumani
10;NOUN;kijitabu
10;NOUN;Kikalenjin
10;NOUN;kikaramba
10;NOUN;Kikuyu
10;NOUN;kikohozi
10;NOUN;kikoromeo
10;NOUN;Kilatini
10;NOUN;kilometa
10;NOUN;kilomita
10;NOUN;kimbunga
10;NOUN;Kimongolia
10;NOUN;Kingazija
10;NOUN;Kingereza
10;NOUN;kingugwa
10;NOUN;Kinyanja
10;NOUN;Kinyarwanda
10;NOUN;kinywaji
10;NOUN;kiongozi
10;NOUN;kipikipiki
10;NOUN;Kipolandi
10;NOUN;kisanduku
10;NOUN;kisigino
10;NOUN;Kisomali
10;NOUN;Kiswahili
10;NOUN;kitambaa
10;NOUN;Kitswana
10;NOUN;kitunguu
10;NOUN;Kiturkana
10;NOUN;kiunganishi
10;NOUN;Kiunguja
10;NOUN;kivumishi
10;NOUN;kiwiliwili
10;NOUN;Kiyoruba
10;NOUN;komamanga
10;NOUN;kombamwiko
10;NOUN;kompyuta
10;NOUN;kondakta
10;NOUN;Krismasi
10;NOUN;kumbukumbu
10;NOUN;maandishi
10;NOUN;mabadiliko
10;NOUN;mabaliko
10;NOUN;madalali
10;NOUN;madaraka
10;NOUN;maendeleo
10;NOUN;mafuriko
10;NOUN;magharibi
10;NOUN;magiribi
10;NOUN;majadiliano
10;NOUN;majaliwa
10;NOUN;majimaji
10;NOUN;majimakuu
10;NOUN;makumbusho
10;NOUN;mandhari
10;NOUN;mapigano
10;NOUN;mapikipiki
10;NOUN;mapinduzi
10;NOUN;marekebisho
10;NOUN;marekiana
10;NOUN;mashariki
10;NOUN;mashindano
10;NOUN;matamshi
10;NOUN;matibabu
10;NOUN;matumaini
10;NOUN;matumizi
10;NOUN;mawasiliano
10;NOUN;mawasiyano
10;NOUN;mazungumzo
10;NOUN;mbayuwayu
10;NOUN;Mbelgiji
10;NOUN;mbilingani
10;NOUN;Mbrazili
10;NOUN;mchakato
10;NOUN;mchezaji
10;NOUN;mchochezi
10;NOUN;mchukuzi
10;NOUN;mchumbururu
10;NOUN;mchungaji
10;NOUN;mchunguzi
10;NOUN;mchungwa
10;NOUN;mduriani
10;NOUN;metafizikia
10;NOUN;mfadhili
10;NOUN;mfanyikazi
10;NOUN;Mfaransa
10;NOUN;mfinyanzi
10;NOUN;Mhabeshi
10;NOUN;mheshimiwa
10;NOUN;Mhispania
10;NOUN;Mholanzi
10;NOUN;migawanyiko
10;NOUN;mililita
10;NOUN;milimita
10;NOUN;Mjerumani
10;NOUN;Mkalenjin
10;NOUN;Mkapuchini
10;NOUN;Mkatoliki
10;NOUN;mkimbizi
10;NOUN;mkokoteni
10;NOUN;mkomamanga
10;NOUN;mkomunisti
10;NOUN;mkongojo
10;NOUN;mkorosho
10;NOUN;mkufunzi
10;NOUN;mkurugenzi
10;NOUN;mlalamishi
10;NOUN;mlanguzi
10;NOUN;mlingoti
10;NOUN;mlolongo
10;NOUN;Mmarekani
10;NOUN;mmishionari
10;NOUN;mmisionari
10;NOUN;mmumunye
10;NOUN;Mnyakyusa
10;NOUN;Mnyamwezi
10;NOUN;Mnyarwanda
10;NOUN;mofolojia
10;NOUN;molekuli
10;NOUN;mpatanishi
10;NOUN;mpigapicha
10;NOUN;mpilipili
10;NOUN;mpinduzi
10;NOUN;mpumbavu
10;NOUN;msaidizi
10;NOUN;msambamba
10;NOUN;msambazaji
10;NOUN;Msamburu
10;NOUN;msamiati
10;NOUN;mshabiki
10;NOUN;mshahara
10;NOUN;Mshelisheli
10;NOUN;mshikadau
10;NOUN;mshikaji
10;NOUN;mshikaki
10;NOUN;mshikamano
10;NOUN;mshikano
10;NOUN;mshindani
10;NOUN;mshindwa
10;NOUN;Mshirazi
10;NOUN;mshirika
10;NOUN;mshiriki
10;NOUN;mshirikina
10;NOUN;mshokishoki
10;NOUN;mshonaji
10;NOUN;mshtakiwa
10;NOUN;msichana
10;NOUN;msikilizaji
10;NOUN;msimamizi
10;NOUN;msisimuko
10;NOUN;msongamano
10;NOUN;mstafeli
10;NOUN;mstatili
10;NOUN;Mswahili
10;NOUN;mtaalamu
10;NOUN;mtafsiri
10;NOUN;mtakatifu
10;NOUN;mtangawizi
10;NOUN;Mtanzania
10;NOUN;mtazamaji
10;NOUN;mteremko
10;NOUN;mtumiaji
10;NOUN;mtumishi
10;NOUN;Mturkana
10;NOUN;Muethiopia
10;NOUN;mviringo
10;NOUN;Mwafrika
10;NOUN;mwajiriwa
10;NOUN;mwanaanga
10;NOUN;mwanachama
10;NOUN;mwanachuoni
10;NOUN;mwanadamu
10;NOUN;mwanafunzi
10;NOUN;mwanagenzi
10;NOUN;mwanahabari
10;NOUN;mwanaisimu
10;NOUN;mwanajeshi
10;NOUN;mwanakemia
10;NOUN;mwanakijiji
10;NOUN;mwanamke
10;NOUN;mwanamume
10;NOUN;mwanamuziki
10;NOUN;mwananchi
10;NOUN;mwanangu
10;NOUN;mwanariadha
10;NOUN;mwanasarufi
10;NOUN;mwanasiasa
10;NOUN;mwanaume
10;NOUN;mwandamizi
10;NOUN;mwandishi
10;NOUN;mwekezaji
10;NOUN;mwelekeo
10;NOUN;mwelekezi
10;NOUN;mwendeshaji
10;NOUN;mwenyeji
10;NOUN;mwenyekiti
10;NOUN;mwenyewe
10;NOUN;mwenzake
10;NOUN;mwenzako
10;NOUN;mwenzangu
10;NOUN;mwenzenu
10;NOUN;mwenzetu
10;NOUN;mwenziwe
10;NOUN;Mwethiopia
10;NOUN;mwimbaji
10;NOUN;mwindaji
10;NOUN;Mwingereza
10;NOUN;Mwislamu
10;NOUN;Mwitalia
10;NOUN;mwombaji
10;NOUN;mzaituni
10;NOUN;mzalendo
10;NOUN;mzambarau
10;NOUN;mzeituni
10;NOUN;mzimamoto
10;NOUN;Mzimbabwe
10;NOUN;naitrojeni
10;NOUN;nitrojeni
10;NOUN;njugumawe
10;NOUN;njugunyasa
10;NOUN;nyambizi
10;NOUN;nyangumi
10;NOUN;oksijeni
10;NOUN;operesheni
10;NOUN;pendekezo
10;NOUN;pikipiki
10;NOUN;pilipili
10;NOUN;plastiki
10;NOUN;ponografia
10;NOUN;postkadi
10;NOUN;potasiamu
10;NOUN;programu
10;NOUN;punda-milia
10;NOUN;rafikiye
10;NOUN;rafikiyo
10;NOUN;rekebisha
10;NOUN;sabmarini
10;NOUN;saikolojia
10;NOUN;sarakasi
10;NOUN;saratani
10;NOUN;sataranji
10;NOUN;sekondari
10;NOUN;semantiki
10;NOUN;sentensi
10;NOUN;sentimita
10;NOUN;seremala
10;NOUN;serikali
10;NOUN;shangazi
10;NOUN;shilingi
10;NOUN;shindano
10;NOUN;shirikisho
10;NOUN;shokishoki
10;NOUN;shughuli
10;NOUN;shukrani
10;NOUN;shumbulele
10;NOUN;shumburere
10;NOUN;sikitiko
10;NOUN;sindiria
10;NOUN;sinonimu
10;NOUN;sintaksia
10;NOUN;sisimisi
10;NOUN;sisimizi
10;NOUN;sokwemtu
10;NOUN;soroveya
10;NOUN;stesheni
10;NOUN;tajiriba
10;NOUN;takataka
10;NOUN;tamthilia
10;NOUN;tangawizi
10;NOUN;tarakilishi
10;NOUN;tarumbeta
10;NOUN;tekeleza
10;NOUN;tekinolojia
10;NOUN;teknolojia
10;NOUN;televisheni
10;NOUN;teolojia
10;NOUN;theluthi
10;NOUN;transfoma
10;NOUN;tridenti
10;NOUN;trilioni
10;NOUN;uadilifu
10;NOUN;uandishi
10;NOUN;uchaguzi
10;NOUN;udikteta
10;NOUN;uhamisho
10;NOUN;uharamia
10;NOUN;ukamilifu
10;NOUN;ukarabati
10;NOUN;Ukatoliki
10;NOUN;ukomunisti
10;NOUN;ulimwengu
10;NOUN;umaarufu
10;NOUN;umaskini
10;NOUN;unyonyaji
10;NOUN;upumbavu
10;NOUN;upungufu
10;NOUN;usingizi
10;NOUN;utamaduni
10;NOUN;utayarishi
10;NOUN;uvumilivu
10;NOUN;uwekezaji
10;NOUN;vitamini
10;NOUN;voliboli
10;NOUN;wafauasi
10;NOUN;yaliyomo
10;NOUN;yunifomu
10;NOUN;zafarani
10;NOUN;zambarau
10;NOUN;zumaridi
10;PRON;amba
10;PRON;ambacho
10;PRON;ambao
10;PRON;mimi
10;PRON;nani
10;PRON;nini
10;PRON;ninyi
10;PRON;sisi
10;PRON;wao
10;PRON;wewe
10;PRON;yeye
10;VERB;andikisha
10;VERB;chichimua
10;VERB;chokochoko
10;VERB;dhihirisha
10;VERB;idhinisha
10;VERB;jamiiana
10;VERB;jipumbaza
10;VERB;kipodozi
10;VERB;kujivinjari
10;VERB;kukimbia
10;VERB;kusaidia
10;VERB;kusisimua
10;VERB;kutembea
10;VERB;lalamika
10;VERB;linganisha
10;VERB;mshukiwa
10;VERB;muchanga
10;VERB;mwenendo
10;VERB;panchari
10;VERB;pendekeza
10;VERB;safirisha
10;VERB;shangilia
10;VERB;shinikizo
10;VERB;simamisha
10;VERB;tabasamu
10;VERB;tembelea
10;VERB;tumbuiza
10;VERB;wakilisha
10;VERB;zungumza