id,name,type,image,sound,phonemeSound
A,A,7,assets/dict/A.png,assets/dict/a.ogg,assets/dict/a.ogg
B,B,7,assets/dict/B.png,assets/dict/b.ogg,assets/dict/b.ogg
C,C,7,assets/dict/C.png,assets/dict/c.ogg,assets/dict/c.ogg
D,D,7,assets/dict/D.png,assets/dict/d.ogg,assets/dict/d.ogg
E,E,7,assets/dict/E.png,assets/dict/e.ogg,assets/dict/e.ogg
F,F,7,assets/dict/F.png,assets/dict/f.ogg,assets/dict/f.ogg
G,G,7,assets/dict/G.png,assets/dict/g.ogg,assets/dict/g.ogg
H,H,7,assets/dict/H.png,assets/dict/h.ogg,assets/dict/h.ogg
I,I,7,assets/dict/I.png,assets/dict/i.ogg,assets/dict/i.ogg
J,J,7,assets/dict/J.png,assets/dict/j.ogg,assets/dict/j.ogg
K,K,7,assets/dict/K.png,assets/dict/k.ogg,assets/dict/k.ogg
L,L,7,assets/dict/L.png,assets/dict/l.ogg,assets/dict/l.ogg
M,M,7,assets/dict/M.png,assets/dict/m.ogg,assets/dict/m.ogg
N,N,7,assets/dict/N.png,assets/dict/n.ogg,assets/dict/n.ogg
O,O,7,assets/dict/O.png,assets/dict/o.ogg,assets/dict/o.ogg
P,P,7,assets/dict/P.png,assets/dict/p.ogg,assets/dict/p.ogg
R,R,7,assets/dict/R.png,assets/dict/r.ogg,assets/dict/r.ogg
S,S,7,assets/dict/S.png,assets/dict/s.ogg,assets/dict/s.ogg
T,T,7,assets/dict/T.png,assets/dict/t.ogg,assets/dict/t.ogg
U,U,7,assets/dict/U.png,assets/dict/u.ogg,assets/dict/u.ogg
V,V,7,assets/dict/V.png,assets/dict/v.ogg,assets/dict/v.ogg
W,W,7,assets/dict/W.png,assets/dict/w.ogg,assets/dict/w.ogg
Y,Y,7,assets/dict/Y.png,assets/dict/y.ogg,assets/dict/y.ogg
Z,Z,7,assets/dict/Z.png,assets/dict/z.ogg,assets/dict/z.ogg
a,a,6,assets/dict/lowercase_a.png,assets/dict/a.ogg,assets/dict/a.ogg
b,b,6,assets/dict/lowercase_b.png,assets/dict/b.ogg,assets/dict/b.ogg
c,c,6,assets/dict/lowercase_c.png,assets/dict/c.ogg,assets/dict/c.ogg
d,d,6,assets/dict/lowercase_d.png,assets/dict/d.ogg,assets/dict/d.ogg
e,e,6,assets/dict/lowercase_e.png,assets/dict/e.ogg,assets/dict/e.ogg
f,f,6,assets/dict/lowercase_f.png,assets/dict/f.ogg,assets/dict/f.ogg
g,g,6,assets/dict/lowercase_g.png,assets/dict/g.ogg,assets/dict/g.ogg
h,h,6,assets/dict/lowercase_h.png,assets/dict/h.ogg,assets/dict/h.ogg
i,i,6,assets/dict/lowercase_i.png,assets/dict/i.ogg,assets/dict/i.ogg
j,j,6,assets/dict/lowercase_j.png,assets/dict/j.ogg,assets/dict/j.ogg
k,k,6,assets/dict/lowercase_k.png,assets/dict/k.ogg,assets/dict/k.ogg
l,l,6,assets/dict/lowercase_l.png,assets/dict/l.ogg,assets/dict/l.ogg
m,m,6,assets/dict/lowercase_m.png,assets/dict/m.ogg,assets/dict/m.ogg
n,n,6,assets/dict/lowercase_n.png,assets/dict/n.ogg,assets/dict/n.ogg
o,o,6,assets/dict/lowercase_o.png,assets/dict/o.ogg,assets/dict/o.ogg
p,p,6,assets/dict/lowercase_p.png,assets/dict/p.ogg,assets/dict/p.ogg
r,r,6,assets/dict/lowercase_r.png,assets/dict/r.ogg,assets/dict/r.ogg
s,s,6,assets/dict/lowercase_s.png,assets/dict/s.ogg,assets/dict/s.ogg
t,t,6,assets/dict/lowercase_t.png,assets/dict/t.ogg,assets/dict/t.ogg
u,u,6,assets/dict/lowercase_u.png,assets/dict/u.ogg,assets/dict/u.ogg
v,v,6,assets/dict/lowercase_v.png,assets/dict/v.ogg,assets/dict/v.ogg
w,w,6,assets/dict/lowercase_w.png,assets/dict/w.ogg,assets/dict/w.ogg
y,y,6,assets/dict/lowercase_y.png,assets/dict/y.ogg,assets/dict/y.ogg
z,z,6,assets/dict/lowercase_z.png,assets/dict/z.ogg,assets/dict/z.ogg
limau,limau,4,assets/dict/lemon.png,assets/dict/limau.ogg,assets/dict/limau.ogg
ndala,ndala,4,assets/dict/slippers.png,assets/dict/ndala.ogg,assets/dict/ndala.ogg
tawi,tawi,4,assets/dict/tawi.png,assets/dict/tawi.ogg,assets/dict/tawi.ogg
wafu,wafu,4,assets/dict/wafu.png,assets/dict/wafu.ogg,assets/dict/wafu.ogg
ukwaju,ukwaju,4,assets/dict/tamarind.png,assets/dict/ukwaju.ogg,assets/dict/ukwaju.ogg
kabichi,kabichi,4,assets/dict/cabbage.png,assets/dict/kabichi.ogg,assets/dict/kabichi.ogg
behewa,behewa,4,assets/dict/carriage.png,assets/dict/behewa.ogg,assets/dict/behewa.ogg
upawa,upawa,4,assets/dict/ladle.png,assets/dict/upawa.ogg,assets/dict/upawa.ogg
visiwa,visiwa,4,assets/dict/visiwa.png,assets/dict/visiwa.ogg,assets/dict/visiwa.ogg
papa,papa,4,assets/dict/shark.png,assets/dict/papa.ogg,assets/dict/papa.ogg
magamba,magamba,4,assets/dict/magamba.png,assets/dict/magamba.ogg,assets/dict/magamba.ogg
ini,ini,4,assets/dict/liver.png,assets/dict/ini.ogg,assets/dict/ini.ogg
mimina,mimina,4,assets/dict/pour.png,assets/dict/mimina.ogg,assets/dict/mimina.ogg
viatu,viatu,4,assets/dict/shoes.png,assets/dict/viatu.ogg,assets/dict/viatu.ogg
chapa,chapa,4,assets/dict/chapa.png,assets/dict/chapa.ogg,assets/dict/chapa.ogg
figili,figili,4,assets/dict/radish.png,assets/dict/figili.ogg,assets/dict/figili.ogg
shoka,shoka,4,assets/dict/axe.png,assets/dict/shoka.ogg,assets/dict/shoka.ogg
leso,leso,4,assets/dict/handkerchief.png,assets/dict/leso.ogg,assets/dict/leso.ogg
paja,paja,4,assets/dict/thigh.png,assets/dict/paja.ogg,assets/dict/paja.ogg
jambo,jambo,4,assets/dict/jambo.png,assets/dict/jambo.ogg,assets/dict/jambo.ogg
nyama,nyama,4,assets/dict/meat.png,assets/dict/nyama.ogg,assets/dict/nyama.ogg
ndoano,ndoano,4,assets/dict/hook.png,assets/dict/ndoano.ogg,assets/dict/ndoano.ogg
nta,nta,4,assets/dict/wax.png,assets/dict/nta.ogg,assets/dict/nta.ogg
goti,goti,4,assets/dict/knee.png,assets/dict/goti.ogg,assets/dict/goti.ogg
sayansi,sayansi,4,assets/dict/sayansi.png,assets/dict/sayansi.ogg,assets/dict/sayansi.ogg
hoteli,hoteli,4,assets/dict/hotel.png,assets/dict/hoteli.ogg,assets/dict/hoteli.ogg
mnara,mnara,4,assets/dict/tower.png,assets/dict/mnara.ogg,assets/dict/mnara.ogg
elfu,elfu,4,assets/dict/elfu.png,assets/dict/elfu.ogg,assets/dict/elfu.ogg
farasi,farasi,4,assets/dict/horse.png,assets/dict/farasi.ogg,assets/dict/farasi.ogg
bana,bana,4,assets/dict/bana.png,assets/dict/bana.ogg,assets/dict/bana.ogg
mbuni,mbuni,4,assets/dict/ostrich.png,assets/dict/mbuni.ogg,assets/dict/mbuni.ogg
kope,kope,4,assets/dict/eyelid.png,assets/dict/kope.ogg,assets/dict/kope.ogg
embe,embe,4,assets/dict/mango.png,assets/dict/embe.ogg,assets/dict/embe.ogg
misuli,misuli,4,assets/dict/muscle.png,assets/dict/misuli.ogg,assets/dict/misuli.ogg
ajali,ajali,4,assets/dict/ajali.png,assets/dict/ajali.ogg,assets/dict/ajali.ogg
nanga,nanga,4,assets/dict/nanga.png,assets/dict/nanga.ogg,assets/dict/nanga.ogg
dumu,dumu,4,assets/dict/can.png,assets/dict/dumu.ogg,assets/dict/dumu.ogg
rubani,rubani,4,assets/dict/rubani.png,assets/dict/rubani.ogg,assets/dict/rubani.ogg
chuchunge,chuchunge,4,assets/dict/swordfish.png,assets/dict/chuchunge.ogg,assets/dict/chuchunge.ogg
nguo,nguo,4,assets/dict/nguo.png,assets/dict/nguo.ogg,assets/dict/nguo.ogg
fidia,fidia,4,assets/dict/fidia.png,assets/dict/fidia.ogg,assets/dict/fidia.ogg
tausi,tausi,4,assets/dict/peacock.png,assets/dict/tausi.ogg,assets/dict/tausi.ogg
jagi,jagi,4,assets/dict/jagi.png,assets/dict/jagi.ogg,assets/dict/jagi.ogg
kipenyo,kipenyo,4,assets/dict/socket.png,assets/dict/kipenyo.ogg,assets/dict/kipenyo.ogg
mkeka,mkeka,4,assets/dict/mat.png,assets/dict/mkeka.ogg,assets/dict/mkeka.ogg
uzito,uzito,4,assets/dict/weight.png,assets/dict/uzito.ogg,assets/dict/uzito.ogg
ujana,ujana,4,assets/dict/ujana.png,assets/dict/ujana.ogg,assets/dict/ujana.ogg
oktoba,oktoba,4,assets/dict/oktoba.png,assets/dict/oktoba.ogg,assets/dict/oktoba.ogg
nyangumi,nyangumi,4,assets/dict/whale.png,assets/dict/nyangumi.ogg,assets/dict/nyangumi.ogg
zahanati,zahanati,4,assets/dict/zahanati.png,assets/dict/zahanati.ogg,assets/dict/zahanati.ogg
sarafu,sarafu,4,assets/dict/sarafu.png,assets/dict/sarafu.ogg,assets/dict/sarafu.ogg
oti,oti,4,assets/dict/oats.png,assets/dict/oti.ogg,assets/dict/oti.ogg
piramidi,piramidi,4,assets/dict/pyramid.png,assets/dict/piramidi.ogg,assets/dict/piramidi.ogg
bangili,bangili,4,assets/dict/bracelet.png,assets/dict/bangili.ogg,assets/dict/bangili.ogg
mchele,mchele,4,assets/dict/rice.png,assets/dict/mchele.ogg,assets/dict/mchele.ogg
haragwe,haragwe,4,assets/dict/haragwe.png,assets/dict/haragwe.ogg,assets/dict/haragwe.ogg
bafu,bafu,4,assets/dict/bathtub.png,assets/dict/bafu.ogg,assets/dict/bafu.ogg
wamechoka,wamechoka,4,assets/dict/exhausted.png,assets/dict/wamechoka.ogg,assets/dict/wamechoka.ogg
lazima,lazima,4,assets/dict/lazima.png,assets/dict/lazima.ogg,assets/dict/lazima.ogg
hatua,hatua,4,assets/dict/hatua.png,assets/dict/hatua.ogg,assets/dict/hatua.ogg
injili,injili,4,assets/dict/injili.png,assets/dict/injili.ogg,assets/dict/injili.ogg
mche,mche,4,assets/dict/prism.png,assets/dict/mche.ogg,assets/dict/mche.ogg
mkanda,mkanda,4,assets/dict/tape.png,assets/dict/mkanda.ogg,assets/dict/mkanda.ogg
nyuki,nyuki,4,assets/dict/bee.png,assets/dict/nyuki.ogg,assets/dict/nyuki.ogg
kabwela,kabwela,4,assets/dict/kabwela.png,assets/dict/kabwela.ogg,assets/dict/kabwela.ogg
ukaguzi,ukaguzi,4,assets/dict/ukaguzi.png,assets/dict/ukaguzi.ogg,assets/dict/ukaguzi.ogg
buibui,buibui,4,assets/dict/spider.png,assets/dict/buibui.ogg,assets/dict/buibui.ogg
ushanga,ushanga,4,assets/dict/bead.png,assets/dict/ushanga.ogg,assets/dict/ushanga.ogg
mlima,mlima,4,assets/dict/mountain.png,assets/dict/mlima.ogg,assets/dict/mlima.ogg
masika,masika,4,assets/dict/spring.png,assets/dict/masika.ogg,assets/dict/masika.ogg
jicho,jicho,4,assets/dict/eye.png,assets/dict/jicho.ogg,assets/dict/jicho.ogg
rekodi,rekodi,4,assets/dict/rekodi.png,assets/dict/rekodi.ogg,assets/dict/rekodi.ogg
kiwiko,kiwiko,4,assets/dict/wrist.png,assets/dict/kiwiko.ogg,assets/dict/kiwiko.ogg
dakika,dakika,4,assets/dict/dakika.png,assets/dict/dakika.ogg,assets/dict/dakika.ogg
zana,zana,4,assets/dict/zana.png,assets/dict/zana.ogg,assets/dict/zana.ogg
ongeza,ongeza,4,assets/dict/add.png,assets/dict/ongeza.ogg,assets/dict/ongeza.ogg
sukari,sukari,4,assets/dict/sugar.png,assets/dict/sukari.ogg,assets/dict/sukari.ogg
nguruwe,nguruwe,4,assets/dict/pig.png,assets/dict/nguruwe.ogg,assets/dict/nguruwe.ogg
laana,laana,4,assets/dict/laana.png,assets/dict/laana.ogg,assets/dict/laana.ogg
hakimu,hakimu,4,assets/dict/hakimu.png,assets/dict/hakimu.ogg,assets/dict/hakimu.ogg
kaanga,kaanga,4,assets/dict/fry.png,assets/dict/kaanga.ogg,assets/dict/kaanga.ogg
kilio,kilio,4,assets/dict/crying.png,assets/dict/kilio.ogg,assets/dict/kilio.ogg
kona,kona,4,assets/dict/angle.png,assets/dict/kona.ogg,assets/dict/kona.ogg
mwezi,mwezi,4,assets/dict/moon.png,assets/dict/mwezi.ogg,assets/dict/mwezi.ogg
shamba,shamba,4,assets/dict/farm.png,assets/dict/shamba.ogg,assets/dict/shamba.ogg
skrubu,skrubu,4,assets/dict/screw.png,assets/dict/skrubu.ogg,assets/dict/skrubu.ogg
nje,nje,4,assets/dict/nje.png,assets/dict/nje.ogg,assets/dict/nje.ogg
fasiri,fasiri,4,assets/dict/fasiri.png,assets/dict/fasiri.ogg,assets/dict/fasiri.ogg
robo,robo,4,assets/dict/robo.png,assets/dict/robo.ogg,assets/dict/robo.ogg
rai,rai,4,assets/dict/rai.png,assets/dict/rai.ogg,assets/dict/rai.ogg
cheki,cheki,4,assets/dict/cheki.png,assets/dict/cheki.ogg,assets/dict/cheki.ogg
hata,hata,4,assets/dict/hata.png,assets/dict/hata.ogg,assets/dict/hata.ogg
kikokotoa,kikokotoa,4,assets/dict/calculator.png,assets/dict/kikokotoa.ogg,assets/dict/kikokotoa.ogg
chuma,chuma,4,assets/dict/iron.png,assets/dict/chuma.ogg,assets/dict/chuma.ogg
dereva,dereva,4,assets/dict/dereva.png,assets/dict/dereva.ogg,assets/dict/dereva.ogg
benki,benki,4,assets/dict/bank.png,assets/dict/benki.ogg,assets/dict/benki.ogg
kivukisha,kivukisha,4,assets/dict/steamer.png,assets/dict/kivukisha.ogg,assets/dict/kivukisha.ogg
bomba,bomba,4,assets/dict/pipe.png,assets/dict/bomba.ogg,assets/dict/bomba.ogg
chombo,chombo,4,assets/dict/tub.png,assets/dict/chombo.ogg,assets/dict/chombo.ogg
mchwa,mchwa,4,assets/dict/termite.png,assets/dict/mchwa.ogg,assets/dict/mchwa.ogg
tatu,tatu,4,assets/dict/tatu.png,assets/dict/tatu.ogg,assets/dict/tatu.ogg
geji,geji,4,assets/dict/geji.png,assets/dict/geji.ogg,assets/dict/geji.ogg
chanzo,chanzo,4,assets/dict/chanzo.png,assets/dict/chanzo.ogg,assets/dict/chanzo.ogg
misumari,misumari,4,assets/dict/nails.png,assets/dict/misumari.ogg,assets/dict/misumari.ogg
jana,jana,4,assets/dict/jana.png,assets/dict/jana.ogg,assets/dict/jana.ogg
kupika,kupika,4,assets/dict/cook.png,assets/dict/kupika.ogg,assets/dict/kupika.ogg
hamu,hamu,4,assets/dict/hamu.png,assets/dict/hamu.ogg,assets/dict/hamu.ogg
isimu,isimu,4,assets/dict/isimu.png,assets/dict/isimu.ogg,assets/dict/isimu.ogg
akaunti,akaunti,4,assets/dict/akaunti.png,assets/dict/akaunti.ogg,assets/dict/akaunti.ogg
bamia,bamia,4,assets/dict/ladyfinger.png,assets/dict/bamia.ogg,assets/dict/bamia.ogg
taratibu,taratibu,4,assets/dict/taratibu.png,assets/dict/taratibu.ogg,assets/dict/taratibu.ogg
bahasha,bahasha,4,assets/dict/envelope.png,assets/dict/bahasha.ogg,assets/dict/bahasha.ogg
kekeo,kekeo,4,assets/dict/cuckoo.png,assets/dict/kekeo.ogg,assets/dict/kekeo.ogg
wachezaji,wachezaji,4,assets/dict/wachezaji.png,assets/dict/wachezaji.ogg,assets/dict/wachezaji.ogg
vikwazo,vikwazo,4,assets/dict/vikwazo.png,assets/dict/vikwazo.ogg,assets/dict/vikwazo.ogg
ujeuri,ujeuri,4,assets/dict/naughty.png,assets/dict/ujeuri.ogg,assets/dict/ujeuri.ogg
magoti,magoti,4,assets/dict/magoti.png,assets/dict/magoti.ogg,assets/dict/magoti.ogg
chonga,chonga,4,assets/dict/chop.png,assets/dict/chonga.ogg,assets/dict/chonga.ogg
redio,redio,4,assets/dict/radio.png,assets/dict/redio.ogg,assets/dict/redio.ogg
fizikia,fizikia,4,assets/dict/fizikia.png,assets/dict/fizikia.ogg,assets/dict/fizikia.ogg
vitabu,vitabu,4,assets/dict/books.png,assets/dict/vitabu.ogg,assets/dict/vitabu.ogg
kinubi,kinubi,4,assets/dict/harp.png,assets/dict/kinubi.ogg,assets/dict/kinubi.ogg
kichwa,kichwa,4,assets/dict/head.png,assets/dict/kichwa.ogg,assets/dict/kichwa.ogg
bendera,bendera,4,assets/dict/flag.png,assets/dict/bendera.ogg,assets/dict/bendera.ogg
darana,darana,4,assets/dict/darana.png,assets/dict/darana.ogg,assets/dict/darana.ogg
jaja,jaja,4,assets/dict/jaja.png,assets/dict/jaja.ogg,assets/dict/jaja.ogg
nguchiro,nguchiro,4,assets/dict/mongoose.png,assets/dict/nguchiro.ogg,assets/dict/nguchiro.ogg
theluji,theluji,4,assets/dict/snowy.png,assets/dict/theluji.ogg,assets/dict/theluji.ogg
jembe,jembe,4,assets/dict/hoe.png,assets/dict/jembe.ogg,assets/dict/jembe.ogg
nywele,nywele,4,assets/dict/hair.png,assets/dict/nywele.ogg,assets/dict/nywele.ogg
mapazia,mapazia,4,assets/dict/drapes.png,assets/dict/mapazia.ogg,assets/dict/mapazia.ogg
ndimu,ndimu,4,assets/dict/lime.png,assets/dict/ndimu.ogg,assets/dict/ndimu.ogg
mwari,mwari,4,assets/dict/pelican.png,assets/dict/mwari.ogg,assets/dict/mwari.ogg
taaluma,taaluma,4,assets/dict/taaluma.png,assets/dict/taaluma.ogg,assets/dict/taaluma.ogg
ufa,ufa,4,assets/dict/ufa.png,assets/dict/ufa.ogg,assets/dict/ufa.ogg
wakili,wakili,4,assets/dict/wakili.png,assets/dict/wakili.ogg,assets/dict/wakili.ogg
vikombe,vikombe,4,assets/dict/vikombe.png,assets/dict/vikombe.ogg,assets/dict/vikombe.ogg
bolt,bolt,4,assets/dict/bolt.png,assets/dict/bolt.ogg,assets/dict/bolt.ogg
baridi,baridi,4,assets/dict/winter.png,assets/dict/baridi.ogg,assets/dict/baridi.ogg
handaki,handaki,4,assets/dict/handaki.png,assets/dict/handaki.ogg,assets/dict/handaki.ogg
butu,butu,4,assets/dict/bun.png,assets/dict/butu.ogg,assets/dict/butu.ogg
kichapishi,kichapishi,4,assets/dict/printer.png,assets/dict/kichapishi.ogg,assets/dict/kichapishi.ogg
muuguzi,muuguzi,4,assets/dict/nurse.png,assets/dict/muuguzi.ogg,assets/dict/muuguzi.ogg
hereni,hereni,4,assets/dict/earring.png,assets/dict/hereni.ogg,assets/dict/hereni.ogg
bao,bao,4,assets/dict/squash.png,assets/dict/bao.ogg,assets/dict/bao.ogg
televisheni,televisheni,4,assets/dict/television.png,assets/dict/televisheni.ogg,assets/dict/televisheni.ogg
duara,duara,4,assets/dict/circle.png,assets/dict/duara.ogg,assets/dict/duara.ogg
kali,kali,4,assets/dict/kali.png,assets/dict/kali.ogg,assets/dict/kali.ogg
hasara,hasara,4,assets/dict/hasara.png,assets/dict/hasara.ogg,assets/dict/hasara.ogg
uchoraji,uchoraji,4,assets/dict/painting.png,assets/dict/uchoraji.ogg,assets/dict/uchoraji.ogg
mawingu,mawingu,4,assets/dict/cloudy.png,assets/dict/mawingu.ogg,assets/dict/mawingu.ogg
lori,lori,4,assets/dict/truck.png,assets/dict/lori.ogg,assets/dict/lori.ogg
kitambazo,kitambazo,4,assets/dict/scanner.png,assets/dict/kitambazo.ogg,assets/dict/kitambazo.ogg
sabini,sabini,4,assets/dict/sabini.png,assets/dict/sabini.ogg,assets/dict/sabini.ogg
taya,taya,4,assets/dict/jaw.png,assets/dict/taya.ogg,assets/dict/taya.ogg
ngoma,ngoma,4,assets/dict/drum.png,assets/dict/ngoma.ogg,assets/dict/ngoma.ogg
samaki,samaki,4,assets/dict/fish.png,assets/dict/samaki.ogg,assets/dict/samaki.ogg
muhindi,muhindi,4,assets/dict/corn.png,assets/dict/muhindi.ogg,assets/dict/muhindi.ogg
chache,chache,4,assets/dict/chache.png,assets/dict/chache.ogg,assets/dict/chache.ogg
jamii,jamii,4,assets/dict/jamii.png,assets/dict/jamii.ogg,assets/dict/jamii.ogg
jaji,jaji,4,assets/dict/jaji.png,assets/dict/jaji.ogg,assets/dict/jaji.ogg
kindi,kindi,4,assets/dict/squirrel.png,assets/dict/kindi.ogg,assets/dict/kindi.ogg
tulivu,tulivu,4,assets/dict/cool.png,assets/dict/tulivu.ogg,assets/dict/tulivu.ogg
dira,dira,4,assets/dict/compass.png,assets/dict/dira.ogg,assets/dict/dira.ogg
mstatili,mstatili,4,assets/dict/rectangle.png,assets/dict/mstatili.ogg,assets/dict/mstatili.ogg
kiwi,kiwi,4,assets/dict/kiwi.png,assets/dict/kiwi.ogg,assets/dict/kiwi.ogg
roboti,roboti,4,assets/dict/robot.png,assets/dict/roboti.ogg,assets/dict/roboti.ogg
ndevu,ndevu,4,assets/dict/beard.png,assets/dict/ndevu.ogg,assets/dict/ndevu.ogg
mhudumu,mhudumu,4,assets/dict/waiter.png,assets/dict/mhudumu.ogg,assets/dict/mhudumu.ogg
madarasa,madarasa,4,assets/dict/madarasa.png,assets/dict/madarasa.ogg,assets/dict/madarasa.ogg
kivuli,kivuli,4,assets/dict/shadow.png,assets/dict/kivuli.ogg,assets/dict/kivuli.ogg
ngamia,ngamia,4,assets/dict/camel.png,assets/dict/ngamia.ogg,assets/dict/ngamia.ogg
harimuni,harimuni,4,assets/dict/saxophone.png,assets/dict/harimuni.ogg,assets/dict/harimuni.ogg
ndizi,ndizi,4,assets/dict/banana.png,assets/dict/ndizi.ogg,assets/dict/ndizi.ogg
wanasheria,wanasheria,4,assets/dict/wanasheria.png,assets/dict/wanasheria.ogg,assets/dict/wanasheria.ogg
kalenda,kalenda,4,assets/dict/calender.png,assets/dict/kalenda.ogg,assets/dict/kalenda.ogg
paa,paa,4,assets/dict/paa.png,assets/dict/paa.ogg,assets/dict/paa.ogg
hadhi,hadhi,4,assets/dict/hadhi.png,assets/dict/hadhi.ogg,assets/dict/hadhi.ogg
jalada,jalada,4,assets/dict/jalada.png,assets/dict/jalada.ogg,assets/dict/jalada.ogg
tumbo,tumbo,4,assets/dict/stomach.png,assets/dict/tumbo.ogg,assets/dict/tumbo.ogg
chanjo,chanjo,4,assets/dict/chanjo.png,assets/dict/chanjo.ogg,assets/dict/chanjo.ogg
msumeno,msumeno,4,assets/dict/saw.png,assets/dict/msumeno.ogg,assets/dict/msumeno.ogg
kikombe,kikombe,4,assets/dict/cup.png,assets/dict/kikombe.ogg,assets/dict/kikombe.ogg
achari,achari,4,assets/dict/achari.png,assets/dict/achari.ogg,assets/dict/achari.ogg
gavana,gavana,4,assets/dict/gavana.png,assets/dict/gavana.ogg,assets/dict/gavana.ogg
chupi,chupi,4,assets/dict/boxers.png,assets/dict/chupi.ogg,assets/dict/chupi.ogg
zabibu,zabibu,4,assets/dict/grapefruit.png,assets/dict/zabibu.ogg,assets/dict/zabibu.ogg
gharika,gharika,4,assets/dict/gharika.png,assets/dict/gharika.ogg,assets/dict/gharika.ogg
kadha,kadha,4,assets/dict/kadha.png,assets/dict/kadha.ogg,assets/dict/kadha.ogg
kipanya,kipanya,4,assets/dict/mouse.png,assets/dict/kipanya.ogg,assets/dict/kipanya.ogg
vipimo,vipimo,4,assets/dict/vipimo.png,assets/dict/vipimo.ogg,assets/dict/vipimo.ogg
baba,baba,4,assets/dict/father.png,assets/dict/baba.ogg,assets/dict/baba.ogg
soda,soda,4,assets/dict/soda.png,assets/dict/soda.ogg,assets/dict/soda.ogg
jangwa,jangwa,4,assets/dict/desert.png,assets/dict/jangwa.ogg,assets/dict/jangwa.ogg
jioni,jioni,4,assets/dict/evening.png,assets/dict/jioni.ogg,assets/dict/jioni.ogg
kaptura,kaptura,4,assets/dict/shorts.png,assets/dict/kaptura.ogg,assets/dict/kaptura.ogg
uhai,uhai,4,assets/dict/uhai.png,assets/dict/uhai.ogg,assets/dict/uhai.ogg
fungu,fungu,4,assets/dict/bunch.png,assets/dict/fungu.ogg,assets/dict/fungu.ogg
vilema,vilema,4,assets/dict/vilema.png,assets/dict/vilema.ogg,assets/dict/vilema.ogg
maharagwe,maharagwe,4,assets/dict/beans.png,assets/dict/maharagwe.ogg,assets/dict/maharagwe.ogg
hasira,hasira,4,assets/dict/angry.png,assets/dict/hasira.ogg,assets/dict/hasira.ogg
mbwa,mbwa,4,assets/dict/dog.png,assets/dict/mbwa.ogg,assets/dict/mbwa.ogg
madaktari,madaktari,4,assets/dict/madaktari.png,assets/dict/madaktari.ogg,assets/dict/madaktari.ogg
madini,madini,4,assets/dict/madini.png,assets/dict/madini.ogg,assets/dict/madini.ogg
hanjamu,hanjamu,4,assets/dict/hanjamu.png,assets/dict/hanjamu.ogg,assets/dict/hanjamu.ogg
chawa,chawa,4,assets/dict/chawa.png,assets/dict/chawa.ogg,assets/dict/chawa.ogg
mgongo,mgongo,4,assets/dict/back.png,assets/dict/mgongo.ogg,assets/dict/mgongo.ogg
korongo,korongo,4,assets/dict/crane.png,assets/dict/korongo.ogg,assets/dict/korongo.ogg
siagi,siagi,4,assets/dict/butter.png,assets/dict/siagi.ogg,assets/dict/siagi.ogg
safu,safu,4,assets/dict/safu.png,assets/dict/safu.ogg,assets/dict/safu.ogg
koroga,koroga,4,assets/dict/stir.png,assets/dict/koroga.ogg,assets/dict/koroga.ogg
wakuu,wakuu,4,assets/dict/wakuu.png,assets/dict/wakuu.ogg,assets/dict/wakuu.ogg
maembe,maembe,4,assets/dict/maembe.png,assets/dict/maembe.ogg,assets/dict/maembe.ogg
biscuit,biscuit,4,assets/dict/cookie.png,assets/dict/biscuit.ogg,assets/dict/biscuit.ogg
mrija,mrija,4,assets/dict/tube.png,assets/dict/mrija.ogg,assets/dict/mrija.ogg
changanya,changanya,4,assets/dict/mix.png,assets/dict/changanya.ogg,assets/dict/changanya.ogg
hatia,hatia,4,assets/dict/hatia.png,assets/dict/hatia.ogg,assets/dict/hatia.ogg
mkono,mkono,4,assets/dict/hand.png,assets/dict/mkono.ogg,assets/dict/mkono.ogg
kata,kata,4,assets/dict/cut.png,assets/dict/kata.ogg,assets/dict/kata.ogg
balagha,balagha,4,assets/dict/balagha.png,assets/dict/balagha.ogg,assets/dict/balagha.ogg
uvuvi,uvuvi,4,assets/dict/fishing.png,assets/dict/uvuvi.ogg,assets/dict/uvuvi.ogg
kiberiti,kiberiti,4,assets/dict/matchbox.png,assets/dict/kiberiti.ogg,assets/dict/kiberiti.ogg
pete,pete,4,assets/dict/ring.png,assets/dict/pete.ogg,assets/dict/pete.ogg
kaktas,kaktas,4,assets/dict/cactus.png,assets/dict/kaktas.ogg,assets/dict/kaktas.ogg
pana,pana,4,assets/dict/pana.png,assets/dict/pana.ogg,assets/dict/pana.ogg
kupima,kupima,4,assets/dict/measure.png,assets/dict/kupima.ogg,assets/dict/kupima.ogg
ganda,ganda,4,assets/dict/ganda.png,assets/dict/ganda.ogg,assets/dict/ganda.ogg
jino,jino,4,assets/dict/tooth.png,assets/dict/jino.ogg,assets/dict/jino.ogg
pua,pua,4,assets/dict/nose.png,assets/dict/pua.ogg,assets/dict/pua.ogg
funza,funza,4,assets/dict/worm.png,assets/dict/funza.ogg,assets/dict/funza.ogg
kidole,kidole,4,assets/dict/finger.png,assets/dict/kidole.ogg,assets/dict/kidole.ogg
bata,bata,4,assets/dict/duck.png,assets/dict/bata.ogg,assets/dict/bata.ogg
hospitali,hospitali,4,assets/dict/hospital.png,assets/dict/hospitali.ogg,assets/dict/hospitali.ogg
kupigana,kupigana,4,assets/dict/fight.png,assets/dict/kupigana.ogg,assets/dict/kupigana.ogg
sweta,sweta,4,assets/dict/sweater.png,assets/dict/sweta.ogg,assets/dict/sweta.ogg
simba,simba,4,assets/dict/lion.png,assets/dict/simba.ogg,assets/dict/simba.ogg
machozi,machozi,4,assets/dict/machozi.png,assets/dict/machozi.ogg,assets/dict/machozi.ogg
fagio,fagio,4,assets/dict/broom.png,assets/dict/fagio.ogg,assets/dict/fagio.ogg
vifo,vifo,4,assets/dict/vifo.png,assets/dict/vifo.ogg,assets/dict/vifo.ogg
kiti,kiti,4,assets/dict/chair.png,assets/dict/kiti.ogg,assets/dict/kiti.ogg
hema,hema,4,assets/dict/tent.png,assets/dict/hema.ogg,assets/dict/hema.ogg
sketi,sketi,4,assets/dict/skirt.png,assets/dict/sketi.ogg,assets/dict/sketi.ogg
nyungunyungu,nyungunyungu,4,assets/dict/earthworm.png,assets/dict/nyungunyungu.ogg,assets/dict/nyungunyungu.ogg
gofu,gofu,4,assets/dict/gofu.png,assets/dict/gofu.ogg,assets/dict/gofu.ogg
kuganda,kuganda,4,assets/dict/freezing.png,assets/dict/kuganda.ogg,assets/dict/kuganda.ogg
mpishi,mpishi,4,assets/dict/chef.png,assets/dict/mpishi.ogg,assets/dict/mpishi.ogg
dunia,dunia,4,assets/dict/globe.png,assets/dict/dunia.ogg,assets/dict/dunia.ogg
nyasi,nyasi,4,assets/dict/grass.png,assets/dict/nyasi.ogg,assets/dict/nyasi.ogg
abiria,abiria,4,assets/dict/abiria.png,assets/dict/abiria.ogg,assets/dict/abiria.ogg
kunguru,kunguru,4,assets/dict/crow.png,assets/dict/kunguru.ogg,assets/dict/kunguru.ogg
kombe,kombe,4,assets/dict/trophy.png,assets/dict/kombe.ogg,assets/dict/kombe.ogg
nako,nako,4,assets/dict/knuckle.png,assets/dict/nako.ogg,assets/dict/nako.ogg
kadi,kadi,4,assets/dict/kadi.png,assets/dict/kadi.ogg,assets/dict/kadi.ogg
punda,punda,4,assets/dict/donkey.png,assets/dict/punda.ogg,assets/dict/punda.ogg
kiuno,kiuno,4,assets/dict/waist.png,assets/dict/kiuno.ogg,assets/dict/kiuno.ogg
asubuhi,asubuhi,4,assets/dict/morning.png,assets/dict/asubuhi.ogg,assets/dict/asubuhi.ogg
kaka,kaka,4,assets/dict/brother.png,assets/dict/kaka.ogg,assets/dict/kaka.ogg
jikoni,jikoni,4,assets/dict/kitchen.png,assets/dict/jikoni.ogg,assets/dict/jikoni.ogg
ngano,ngano,4,assets/dict/wheat.png,assets/dict/ngano.ogg,assets/dict/ngano.ogg
mama,mama,4,assets/dict/mother.png,assets/dict/mama.ogg,assets/dict/mama.ogg
njia,njia,4,assets/dict/way.png,assets/dict/njia.ogg,assets/dict/njia.ogg
tende,tende,4,assets/dict/dates.png,assets/dict/tende.ogg,assets/dict/tende.ogg
bingirisha,bingirisha,4,assets/dict/roll.png,assets/dict/bingirisha.ogg,assets/dict/bingirisha.ogg
mtego,mtego,4,assets/dict/trap.png,assets/dict/mtego.ogg,assets/dict/mtego.ogg
ajira,ajira,4,assets/dict/ajira.png,assets/dict/ajira.ogg,assets/dict/ajira.ogg
furushi,furushi,4,assets/dict/package.png,assets/dict/furushi.ogg,assets/dict/furushi.ogg
eropleni,eropleni,4,assets/dict/eropleni.png,assets/dict/eropleni.ogg,assets/dict/eropleni.ogg
nyekundu,nyekundu,4,assets/dict/red.png,assets/dict/nyekundu.ogg,assets/dict/nyekundu.ogg
nguvu,nguvu,4,assets/dict/nguvu.png,assets/dict/nguvu.ogg,assets/dict/nguvu.ogg
kimbia,kimbia,4,assets/dict/running.png,assets/dict/kimbia.ogg,assets/dict/kimbia.ogg
waajiri,waajiri,4,assets/dict/waajiri.png,assets/dict/waajiri.ogg,assets/dict/waajiri.ogg
tajiri,tajiri,4,assets/dict/tajiri.png,assets/dict/tajiri.ogg,assets/dict/tajiri.ogg
fidla,fidla,4,assets/dict/violin.png,assets/dict/fidla.ogg,assets/dict/fidla.ogg
sekta,sekta,4,assets/dict/sekta.png,assets/dict/sekta.ogg,assets/dict/sekta.ogg
wajibu,wajibu,4,assets/dict/wajibu.png,assets/dict/wajibu.ogg,assets/dict/wajibu.ogg
gharama,gharama,4,assets/dict/gharama.png,assets/dict/gharama.ogg,assets/dict/gharama.ogg
ukuta,ukuta,4,assets/dict/wall.png,assets/dict/ukuta.ogg,assets/dict/ukuta.ogg
chura,chura,4,assets/dict/frog.png,assets/dict/chura.ogg,assets/dict/chura.ogg
pamba,pamba,4,assets/dict/pamba.png,assets/dict/pamba.ogg,assets/dict/pamba.ogg
mkokoteni,mkokoteni,4,assets/dict/chariot.png,assets/dict/mkokoteni.ogg,assets/dict/mkokoteni.ogg
bandari,bandari,4,assets/dict/bandari.png,assets/dict/bandari.ogg,assets/dict/bandari.ogg
figo,figo,4,assets/dict/kidney.png,assets/dict/figo.ogg,assets/dict/figo.ogg
ndoo,ndoo,4,assets/dict/bucket.png,assets/dict/ndoo.ogg,assets/dict/ndoo.ogg
magari,magari,4,assets/dict/magari.png,assets/dict/magari.ogg,assets/dict/magari.ogg
idhini,idhini,4,assets/dict/idhini.png,assets/dict/idhini.ogg,assets/dict/idhini.ogg
jani,jani,4,assets/dict/jani.png,assets/dict/jani.ogg,assets/dict/jani.ogg
kengele,kengele,4,assets/dict/bell.png,assets/dict/kengele.ogg,assets/dict/kengele.ogg
chui,chui,4,assets/dict/leopard.png,assets/dict/chui.ogg,assets/dict/chui.ogg
mende,mende,4,assets/dict/cockroach.png,assets/dict/mende.ogg,assets/dict/mende.ogg
mviringo,mviringo,4,assets/dict/oval.png,assets/dict/mviringo.ogg,assets/dict/mviringo.ogg
umeme,umeme,4,assets/dict/lightning.png,assets/dict/umeme.ogg,assets/dict/umeme.ogg
reli,reli,4,assets/dict/rail.png,assets/dict/reli.ogg,assets/dict/reli.ogg
chujio,chujio,4,assets/dict/strainer.png,assets/dict/chujio.ogg,assets/dict/chujio.ogg
vita,vita,4,assets/dict/vita.png,assets/dict/vita.ogg,assets/dict/vita.ogg
baiskeli,baiskeli,4,assets/dict/bicycle.png,assets/dict/baiskeli.ogg,assets/dict/baiskeli.ogg
pakiti,pakiti,4,assets/dict/pakiti.png,assets/dict/pakiti.ogg,assets/dict/pakiti.ogg
uchaguzi,uchaguzi,4,assets/dict/uchaguzi.png,assets/dict/uchaguzi.ogg,assets/dict/uchaguzi.ogg
haki,haki,4,assets/dict/haki.png,assets/dict/haki.ogg,assets/dict/haki.ogg
pundamilia,pundamilia,4,assets/dict/zebra.png,assets/dict/pundamilia.ogg,assets/dict/pundamilia.ogg
kuogelea,kuogelea,4,assets/dict/swimming.png,assets/dict/kuogelea.ogg,assets/dict/kuogelea.ogg
kichongeo,kichongeo,4,assets/dict/sharpener.png,assets/dict/kichongeo.ogg,assets/dict/kichongeo.ogg
bandeji,bandeji,4,assets/dict/bandage.png,assets/dict/bandeji.ogg,assets/dict/bandeji.ogg
kufoka,kufoka,4,assets/dict/yell.png,assets/dict/kufoka.ogg,assets/dict/kufoka.ogg
injini,injini,4,assets/dict/injini.png,assets/dict/injini.ogg,assets/dict/injini.ogg
dondola,dondola,4,assets/dict/wasp.png,assets/dict/dondola.ogg,assets/dict/dondola.ogg
kifua,kifua,4,assets/dict/chest.png,assets/dict/kifua.ogg,assets/dict/kifua.ogg
chati,chati,4,assets/dict/chati.png,assets/dict/chati.ogg,assets/dict/chati.ogg
ghairi,ghairi,4,assets/dict/ghairi.png,assets/dict/ghairi.ogg,assets/dict/ghairi.ogg
mjukuu,mjukuu,4,assets/dict/grandson.png,assets/dict/mjukuu.ogg,assets/dict/mjukuu.ogg
kriketi,kriketi,4,assets/dict/cricket.png,assets/dict/kriketi.ogg,assets/dict/kriketi.ogg
jangili,jangili,4,assets/dict/jangili.png,assets/dict/jangili.ogg,assets/dict/jangili.ogg
safi,safi,4,assets/dict/safi.png,assets/dict/safi.ogg,assets/dict/safi.ogg
wazi,wazi,4,assets/dict/clear.png,assets/dict/wazi.ogg,assets/dict/wazi.ogg
riwaya,riwaya,4,assets/dict/riwaya.png,assets/dict/riwaya.ogg,assets/dict/riwaya.ogg
maziwa,maziwa,4,assets/dict/milk.png,assets/dict/maziwa.ogg,assets/dict/maziwa.ogg
birika,birika,4,assets/dict/teapot.png,assets/dict/birika.ogg,assets/dict/birika.ogg
fataki,fataki,4,assets/dict/firework.png,assets/dict/fataki.ogg,assets/dict/fataki.ogg
pedi,pedi,4,assets/dict/pedi.png,assets/dict/pedi.ogg,assets/dict/pedi.ogg
huzuni,huzuni,4,assets/dict/sad.png,assets/dict/huzuni.ogg,assets/dict/huzuni.ogg
upinde,upinde,4,assets/dict/bow.png,assets/dict/upinde.ogg,assets/dict/upinde.ogg
ubongo,ubongo,4,assets/dict/brain.png,assets/dict/ubongo.ogg,assets/dict/ubongo.ogg
mifupa,mifupa,4,assets/dict/skeleton.png,assets/dict/mifupa.ogg,assets/dict/mifupa.ogg
zaidi,zaidi,4,assets/dict/zaidi.png,assets/dict/zaidi.ogg,assets/dict/zaidi.ogg
ulinzi,ulinzi,4,assets/dict/ulinzi.png,assets/dict/ulinzi.ogg,assets/dict/ulinzi.ogg
afiki,afiki,4,assets/dict/afiki.png,assets/dict/afiki.ogg,assets/dict/afiki.ogg
changanyikiwa,changanyikiwa,4,assets/dict/confused.png,assets/dict/changanyikiwa.ogg,assets/dict/changanyikiwa.ogg
daktari,daktari,4,assets/dict/doctor.png,assets/dict/daktari.ogg,assets/dict/daktari.ogg
damisi,damisi,4,assets/dict/damisi.png,assets/dict/damisi.ogg,assets/dict/damisi.ogg
ngome,ngome,4,assets/dict/cage.png,assets/dict/ngome.ogg,assets/dict/ngome.ogg
msumari,msumari,4,assets/dict/nail.png,assets/dict/msumari.ogg,assets/dict/msumari.ogg
mbweha,mbweha,4,assets/dict/fox.png,assets/dict/mbweha.ogg,assets/dict/mbweha.ogg
mtoto,mtoto,4,assets/dict/baby.png,assets/dict/mtoto.ogg,assets/dict/mtoto.ogg
mchanga,mchanga,4,assets/dict/sand.png,assets/dict/mchanga.ogg,assets/dict/mchanga.ogg
sofa,sofa,4,assets/dict/sofa.png,assets/dict/sofa.ogg,assets/dict/sofa.ogg
dhahabu,dhahabu,4,assets/dict/gold.png,assets/dict/dhahabu.ogg,assets/dict/dhahabu.ogg
penseli,penseli,4,assets/dict/pencil.png,assets/dict/penseli.ogg,assets/dict/penseli.ogg
septemba,septemba,4,assets/dict/septemba.png,assets/dict/septemba.ogg,assets/dict/septemba.ogg
kuoka,kuoka,4,assets/dict/bake.png,assets/dict/kuoka.ogg,assets/dict/kuoka.ogg
damu,damu,4,assets/dict/blood.png,assets/dict/damu.ogg,assets/dict/damu.ogg
vyakula,vyakula,4,assets/dict/vyakula.png,assets/dict/vyakula.ogg,assets/dict/vyakula.ogg
pembe,pembe,4,assets/dict/pembe.png,assets/dict/pembe.ogg,assets/dict/pembe.ogg
silinda,silinda,4,assets/dict/cylinder.png,assets/dict/silinda.ogg,assets/dict/silinda.ogg
tumbili,tumbili,4,assets/dict/monkey.png,assets/dict/tumbili.ogg,assets/dict/tumbili.ogg
babu,babu,4,assets/dict/grandfather.png,assets/dict/babu.ogg,assets/dict/babu.ogg
fungasha,fungasha,4,assets/dict/pack.png,assets/dict/fungasha.ogg,assets/dict/fungasha.ogg
akili,akili,4,assets/dict/akili.png,assets/dict/akili.ogg,assets/dict/akili.ogg
uchafu,uchafu,4,assets/dict/uchafu.png,assets/dict/uchafu.ogg,assets/dict/uchafu.ogg
mundu,mundu,4,assets/dict/sickle.png,assets/dict/mundu.ogg,assets/dict/mundu.ogg
mwanasesere,mwanasesere,4,assets/dict/doll.png,assets/dict/mwanasesere.ogg,assets/dict/mwanasesere.ogg
mtama,mtama,4,assets/dict/jowar.png,assets/dict/mtama.ogg,assets/dict/mtama.ogg
brashi,brashi,4,assets/dict/brush.png,assets/dict/brashi.ogg,assets/dict/brashi.ogg
nyanja,nyanja,4,assets/dict/sphere.png,assets/dict/nyanja.ogg,assets/dict/nyanja.ogg
ahali,ahali,4,assets/dict/ahali.png,assets/dict/ahali.ogg,assets/dict/ahali.ogg
zulia,zulia,4,assets/dict/carpet.png,assets/dict/zulia.ogg,assets/dict/zulia.ogg
wembe,wembe,4,assets/dict/razor.png,assets/dict/wembe.ogg,assets/dict/wembe.ogg
vipuli,vipuli,4,assets/dict/vipuli.png,assets/dict/vipuli.ogg,assets/dict/vipuli.ogg
panya,panya,4,assets/dict/rat.png,assets/dict/panya.ogg,assets/dict/panya.ogg
yai,yai,4,assets/dict/egg.png,assets/dict/yai.ogg,assets/dict/yai.ogg
biringani,biringani,4,assets/dict/eggplant.png,assets/dict/biringani.ogg,assets/dict/biringani.ogg
kukimbia,kukimbia,4,assets/dict/jogging.png,assets/dict/kukimbia.ogg,assets/dict/kukimbia.ogg
mishipa,mishipa,4,assets/dict/veins.png,assets/dict/mishipa.ogg,assets/dict/mishipa.ogg
rafu,rafu,4,assets/dict/shelves.png,assets/dict/rafu.ogg,assets/dict/rafu.ogg
kaboni,kaboni,4,assets/dict/kaboni.png,assets/dict/kaboni.ogg,assets/dict/kaboni.ogg
shangazi,shangazi,4,assets/dict/aunt.png,assets/dict/shangazi.ogg,assets/dict/shangazi.ogg
shati,shati,4,assets/dict/shirt.png,assets/dict/shati.ogg,assets/dict/shati.ogg
karoti,karoti,4,assets/dict/carrot.png,assets/dict/karoti.ogg,assets/dict/karoti.ogg
bundi,bundi,4,assets/dict/owl.png,assets/dict/bundi.ogg,assets/dict/bundi.ogg
kinga,kinga,4,assets/dict/gloves.png,assets/dict/kinga.ogg,assets/dict/kinga.ogg
mguu,mguu,4,assets/dict/leg.png,assets/dict/mguu.ogg,assets/dict/mguu.ogg
myna,myna,4,assets/dict/myna.png,assets/dict/myna.ogg,assets/dict/myna.ogg
jinzi,jinzi,4,assets/dict/jeans.png,assets/dict/jinzi.ogg,assets/dict/jinzi.ogg
ishirini,ishirini,4,assets/dict/ishirini.png,assets/dict/ishirini.ogg,assets/dict/ishirini.ogg
kipepeo,kipepeo,4,assets/dict/butterfly.png,assets/dict/kipepeo.ogg,assets/dict/kipepeo.ogg
sehemu,sehemu,4,assets/dict/sehemu.png,assets/dict/sehemu.ogg,assets/dict/sehemu.ogg
kipofu,kipofu,4,assets/dict/blind.png,assets/dict/kipofu.ogg,assets/dict/kipofu.ogg
taa,taa,4,assets/dict/lamp.png,assets/dict/taa.ogg,assets/dict/taa.ogg
nyonga,nyonga,4,assets/dict/hip.png,assets/dict/nyonga.ogg,assets/dict/nyonga.ogg
dirisha,dirisha,4,assets/dict/window.png,assets/dict/dirisha.ogg,assets/dict/dirisha.ogg
kijiko,kijiko,4,assets/dict/spoon.png,assets/dict/kijiko.ogg,assets/dict/kijiko.ogg
fainali,fainali,4,assets/dict/fainali.png,assets/dict/fainali.ogg,assets/dict/fainali.ogg
kijani,kijani,4,assets/dict/green.png,assets/dict/kijani.ogg,assets/dict/kijani.ogg
dawati,dawati,4,assets/dict/desk.png,assets/dict/dawati.ogg,assets/dict/dawati.ogg
tingatinga,tingatinga,4,assets/dict/bulldozer.png,assets/dict/tingatinga.ogg,assets/dict/tingatinga.ogg
itikadi,itikadi,4,assets/dict/itikadi.png,assets/dict/itikadi.ogg,assets/dict/itikadi.ogg
wanyama,wanyama,4,assets/dict/wanyama.png,assets/dict/wanyama.ogg,assets/dict/wanyama.ogg
waya,waya,4,assets/dict/wire.png,assets/dict/waya.ogg,assets/dict/waya.ogg
joto,joto,4,assets/dict/temperature.png,assets/dict/joto.ogg,assets/dict/joto.ogg
abudu,abudu,4,assets/dict/abudu.png,assets/dict/abudu.ogg,assets/dict/abudu.ogg
kipepea,kipepea,4,assets/dict/fan.png,assets/dict/kipepea.ogg,assets/dict/kipepea.ogg
kuziba,kuziba,4,assets/dict/plug.png,assets/dict/kuziba.ogg,assets/dict/kuziba.ogg
mdogo,mdogo,4,assets/dict/young.png,assets/dict/mdogo.ogg,assets/dict/mdogo.ogg
viti,viti,4,assets/dict/viti.png,assets/dict/viti.ogg,assets/dict/viti.ogg
tamasha,tamasha,4,assets/dict/tamasha.png,assets/dict/tamasha.ogg,assets/dict/tamasha.ogg
bibi,bibi,4,assets/dict/grandmother.png,assets/dict/bibi.ogg,assets/dict/bibi.ogg
lengo,lengo,4,assets/dict/lengo.png,assets/dict/lengo.ogg,assets/dict/lengo.ogg
tangawizi,tangawizi,4,assets/dict/ginger.png,assets/dict/tangawizi.ogg,assets/dict/tangawizi.ogg
patasi,patasi,4,assets/dict/chisel.png,assets/dict/patasi.ogg,assets/dict/patasi.ogg
njegere,njegere,4,assets/dict/peas.png,assets/dict/njegere.ogg,assets/dict/njegere.ogg
safisha,safisha,4,assets/dict/wash.png,assets/dict/safisha.ogg,assets/dict/safisha.ogg
daka,daka,4,assets/dict/daka.png,assets/dict/daka.ogg,assets/dict/daka.ogg
koni,koni,4,assets/dict/cone.png,assets/dict/koni.ogg,assets/dict/koni.ogg
soka,soka,4,assets/dict/football.png,assets/dict/soka.ogg,assets/dict/soka.ogg
kabati,kabati,4,assets/dict/cabinet.png,assets/dict/kabati.ogg,assets/dict/kabati.ogg
baraka,baraka,4,assets/dict/baraka.png,assets/dict/baraka.ogg,assets/dict/baraka.ogg
menya,menya,4,assets/dict/peel.png,assets/dict/menya.ogg,assets/dict/menya.ogg
kofia,kofia,4,assets/dict/hat.png,assets/dict/kofia.ogg,assets/dict/kofia.ogg
chiriku,chiriku,4,assets/dict/finch.png,assets/dict/chiriku.ogg,assets/dict/chiriku.ogg
kuku,kuku,4,assets/dict/chicken.png,assets/dict/kuku.ogg,assets/dict/kuku.ogg
dampo,dampo,4,assets/dict/dampo.png,assets/dict/dampo.ogg,assets/dict/dampo.ogg
leja,leja,4,assets/dict/leja.png,assets/dict/leja.ogg,assets/dict/leja.ogg
kutembea,kutembea,4,assets/dict/walking.png,assets/dict/kutembea.ogg,assets/dict/kutembea.ogg
filimbi,filimbi,4,assets/dict/flute.png,assets/dict/filimbi.ogg,assets/dict/filimbi.ogg
lango,lango,4,assets/dict/gate.png,assets/dict/lango.ogg,assets/dict/lango.ogg
fomu,fomu,4,assets/dict/fomu.png,assets/dict/fomu.ogg,assets/dict/fomu.ogg
falaki,falaki,4,assets/dict/falaki.png,assets/dict/falaki.ogg,assets/dict/falaki.ogg
mbao,mbao,4,assets/dict/wood.png,assets/dict/mbao.ogg,assets/dict/mbao.ogg
madereva,madereva,4,assets/dict/madereva.png,assets/dict/madereva.ogg,assets/dict/madereva.ogg
pochi,pochi,4,assets/dict/wallet.png,assets/dict/pochi.ogg,assets/dict/pochi.ogg
kiroboto,kiroboto,4,assets/dict/flea.png,assets/dict/kiroboto.ogg,assets/dict/kiroboto.ogg
virusi,virusi,4,assets/dict/virusi.png,assets/dict/virusi.ogg,assets/dict/virusi.ogg
kipande,kipande,4,assets/dict/slice.png,assets/dict/kipande.ogg,assets/dict/kipande.ogg
manyoya,manyoya,4,assets/dict/feather.png,assets/dict/manyoya.ogg,assets/dict/manyoya.ogg
ombi,ombi,4,assets/dict/ombi.png,assets/dict/ombi.ogg,assets/dict/ombi.ogg
aki,aki,4,assets/dict/arc.png,assets/dict/aki.ogg,assets/dict/aki.ogg
walimu,walimu,4,assets/dict/walimu.png,assets/dict/walimu.ogg,assets/dict/walimu.ogg
ghala,ghala,4,assets/dict/ghala.png,assets/dict/ghala.ogg,assets/dict/ghala.ogg
shika,shika,4,assets/dict/sink.png,assets/dict/shika.ogg,assets/dict/shika.ogg
mjomba,mjomba,4,assets/dict/uncle.png,assets/dict/mjomba.ogg,assets/dict/mjomba.ogg
dawa,dawa,4,assets/dict/dawa.png,assets/dict/dawa.ogg,assets/dict/dawa.ogg
shayiri,shayiri,4,assets/dict/barley.png,assets/dict/shayiri.ogg,assets/dict/shayiri.ogg
kibaniko,kibaniko,4,assets/dict/toaster.png,assets/dict/kibaniko.ogg,assets/dict/kibaniko.ogg
mbu,mbu,4,assets/dict/mosquito.png,assets/dict/mbu.ogg,assets/dict/mbu.ogg
yowe,yowe,4,assets/dict/yowe.png,assets/dict/yowe.ogg,assets/dict/yowe.ogg
koleo,koleo,4,assets/dict/shovel.png,assets/dict/koleo.ogg,assets/dict/koleo.ogg
serikali,serikali,4,assets/dict/serikali.png,assets/dict/serikali.ogg,assets/dict/serikali.ogg
kerengende,kerengende,4,assets/dict/dragonfly.png,assets/dict/kerengende.ogg,assets/dict/kerengende.ogg
ulimi,ulimi,4,assets/dict/tongue.png,assets/dict/ulimi.ogg,assets/dict/ulimi.ogg
kamanda,kamanda,4,assets/dict/kamanda.png,assets/dict/kamanda.ogg,assets/dict/kamanda.ogg
mwani,mwani,4,assets/dict/algae.png,assets/dict/mwani.ogg,assets/dict/mwani.ogg
vyama,vyama,4,assets/dict/vyama.png,assets/dict/vyama.ogg,assets/dict/vyama.ogg
deni,deni,4,assets/dict/deni.png,assets/dict/deni.ogg,assets/dict/deni.ogg
jibini,jibini,4,assets/dict/cheese.png,assets/dict/jibini.ogg,assets/dict/jibini.ogg
jiko,jiko,4,assets/dict/stove.png,assets/dict/jiko.ogg,assets/dict/jiko.ogg
sumaku,sumaku,4,assets/dict/magnet.png,assets/dict/sumaku.ogg,assets/dict/sumaku.ogg
goli,goli,4,assets/dict/goli.png,assets/dict/goli.ogg,assets/dict/goli.ogg
mwanzi,mwanzi,4,assets/dict/bamboo.png,assets/dict/mwanzi.ogg,assets/dict/mwanzi.ogg
koti,koti,4,assets/dict/coat.png,assets/dict/koti.ogg,assets/dict/koti.ogg
mchemraba,mchemraba,4,assets/dict/cuboid.png,assets/dict/mchemraba.ogg,assets/dict/mchemraba.ogg
mchana,mchana,4,assets/dict/afternoon.png,assets/dict/mchana.ogg,assets/dict/mchana.ogg
moyo,moyo,4,assets/dict/heart.png,assets/dict/moyo.ogg,assets/dict/moyo.ogg
ishi,ishi,4,assets/dict/ishi.png,assets/dict/ishi.ogg,assets/dict/ishi.ogg
idhinisha,idhinisha,4,assets/dict/idhinisha.png,assets/dict/idhinisha.ogg,assets/dict/idhinisha.ogg
bezi,bezi,4,assets/dict/bass.png,assets/dict/bezi.ogg,assets/dict/bezi.ogg
shingo,shingo,4,assets/dict/neck.png,assets/dict/shingo.ogg,assets/dict/shingo.ogg
ndondi,ndondi,4,assets/dict/boxing.png,assets/dict/ndondi.ogg,assets/dict/ndondi.ogg
bega,bega,4,assets/dict/shoulder.png,assets/dict/bega.ogg,assets/dict/bega.ogg
kushughulikia,kushughulikia,4,assets/dict/handle.png,assets/dict/kushughulikia.ogg,assets/dict/kushughulikia.ogg
balozi,balozi,4,assets/dict/balozi.png,assets/dict/balozi.ogg,assets/dict/balozi.ogg
walinzi,walinzi,4,assets/dict/walinzi.png,assets/dict/walinzi.ogg,assets/dict/walinzi.ogg
tamko,tamko,4,assets/dict/tamko.png,assets/dict/tamko.ogg,assets/dict/tamko.ogg
nyeusi,nyeusi,4,assets/dict/black.png,assets/dict/nyeusi.ogg,assets/dict/nyeusi.ogg
ruka,ruka,4,assets/dict/bounce.png,assets/dict/ruka.ogg,assets/dict/ruka.ogg
mkufu,mkufu,4,assets/dict/keychain.png,assets/dict/mkufu.ogg,assets/dict/mkufu.ogg
chemsha,chemsha,4,assets/dict/boil.png,assets/dict/chemsha.ogg,assets/dict/chemsha.ogg
mkuki,mkuki,4,assets/dict/spear.png,assets/dict/mkuki.ogg,assets/dict/mkuki.ogg
cheche,cheche,4,assets/dict/cheche.png,assets/dict/cheche.ogg,assets/dict/cheche.ogg
alama,alama,4,assets/dict/alama.png,assets/dict/alama.ogg,assets/dict/alama.ogg
snuka,snuka,4,assets/dict/snooker.png,assets/dict/snuka.ogg,assets/dict/snuka.ogg
mjusi,mjusi,4,assets/dict/lizard.png,assets/dict/mjusi.ogg,assets/dict/mjusi.ogg
taarifa,taarifa,4,assets/dict/taarifa.png,assets/dict/taarifa.ogg,assets/dict/taarifa.ogg
ujasiri,ujasiri,4,assets/dict/ujasiri.png,assets/dict/ujasiri.ogg,assets/dict/ujasiri.ogg
pole,pole,4,assets/dict/pole.png,assets/dict/pole.ogg,assets/dict/pole.ogg
ndogo,ndogo,4,assets/dict/ndogo.png,assets/dict/ndogo.ogg,assets/dict/ndogo.ogg
riadha,riadha,4,assets/dict/riadha.png,assets/dict/riadha.ogg,assets/dict/riadha.ogg
tai,tai,4,assets/dict/tie.png,assets/dict/tai.ogg,assets/dict/tai.ogg
macho,macho,4,assets/dict/eyes.png,assets/dict/macho.ogg,assets/dict/macho.ogg
usiku,usiku,4,assets/dict/night.png,assets/dict/usiku.ogg,assets/dict/usiku.ogg
gauni,gauni,4,assets/dict/dress.png,assets/dict/gauni.ogg,assets/dict/gauni.ogg
fenesi,fenesi,4,assets/dict/jackfruit.png,assets/dict/fenesi.ogg,assets/dict/fenesi.ogg
kipupwe,kipupwe,4,assets/dict/monsoon.png,assets/dict/kipupwe.ogg,assets/dict/kipupwe.ogg
rasharasha,rasharasha,4,assets/dict/drizzle.png,assets/dict/rasharasha.ogg,assets/dict/rasharasha.ogg
kanzu,kanzu,4,assets/dict/gown.png,assets/dict/kanzu.ogg,assets/dict/kanzu.ogg
sungura,sungura,4,assets/dict/rabbit.png,assets/dict/sungura.ogg,assets/dict/sungura.ogg
elimu,elimu,4,assets/dict/elimu.png,assets/dict/elimu.ogg,assets/dict/elimu.ogg
taulo,taulo,4,assets/dict/towel.png,assets/dict/taulo.ogg,assets/dict/taulo.ogg
ufunguo,ufunguo,4,assets/dict/key.png,assets/dict/ufunguo.ogg,assets/dict/ufunguo.ogg
popo,popo,4,assets/dict/bat.png,assets/dict/popo.ogg,assets/dict/popo.ogg
chakula,chakula,4,assets/dict/chakula.png,assets/dict/chakula.ogg,assets/dict/chakula.ogg
sufuria,sufuria,4,assets/dict/pan.png,assets/dict/sufuria.ogg,assets/dict/sufuria.ogg
darasa,darasa,4,assets/dict/darasa.png,assets/dict/darasa.ogg,assets/dict/darasa.ogg
gundi,gundi,4,assets/dict/glue.png,assets/dict/gundi.ogg,assets/dict/gundi.ogg
inzi,inzi,4,assets/dict/fly.png,assets/dict/inzi.ogg,assets/dict/inzi.ogg
sifuri,sifuri,4,assets/dict/zero.png,assets/dict/sifuri.ogg,assets/dict/sifuri.ogg
adhabu,adhabu,4,assets/dict/adhabu.png,assets/dict/adhabu.ogg,assets/dict/adhabu.ogg
imani,imani,4,assets/dict/imani.png,assets/dict/imani.ogg,assets/dict/imani.ogg
deki,deki,4,assets/dict/deki.png,assets/dict/deki.ogg,assets/dict/deki.ogg
mfuko,mfuko,4,assets/dict/bag.png,assets/dict/mfuko.ogg,assets/dict/mfuko.ogg
kamera,kamera,4,assets/dict/camera.png,assets/dict/kamera.ogg,assets/dict/kamera.ogg
hati,hati,4,assets/dict/hati.png,assets/dict/hati.ogg,assets/dict/hati.ogg
nazi,nazi,4,assets/dict/coconut.png,assets/dict/nazi.ogg,assets/dict/nazi.ogg
kobe,kobe,4,assets/dict/turtle.png,assets/dict/kobe.ogg,assets/dict/kobe.ogg
pilipili,pilipili,4,assets/dict/pepper.png,assets/dict/pilipili.ogg,assets/dict/pilipili.ogg
kuchimba,kuchimba,4,assets/dict/dig.png,assets/dict/kuchimba.ogg,assets/dict/kuchimba.ogg
ofisa,ofisa,4,assets/dict/ofisa.png,assets/dict/ofisa.ogg,assets/dict/ofisa.ogg
lawama,lawama,4,assets/dict/lawama.png,assets/dict/lawama.ogg,assets/dict/lawama.ogg
kasuku,kasuku,4,assets/dict/parrot.png,assets/dict/kasuku.ogg,assets/dict/kasuku.ogg
ilani,ilani,4,assets/dict/ilani.png,assets/dict/ilani.ogg,assets/dict/ilani.ogg
adui,adui,4,assets/dict/adui.png,assets/dict/adui.ogg,assets/dict/adui.ogg
takwimu,takwimu,4,assets/dict/takwimu.png,assets/dict/takwimu.ogg,assets/dict/takwimu.ogg
furaha,furaha,4,assets/dict/happy.png,assets/dict/furaha.ogg,assets/dict/furaha.ogg
pipi,pipi,4,assets/dict/candy.png,assets/dict/pipi.ogg,assets/dict/pipi.ogg
jua,jua,4,assets/dict/sun.png,assets/dict/jua.ogg,assets/dict/jua.ogg
bahari,bahari,4,assets/dict/sea.png,assets/dict/bahari.ogg,assets/dict/bahari.ogg
viazi,viazi,4,assets/dict/viazi.png,assets/dict/viazi.ogg,assets/dict/viazi.ogg
lozi,lozi,4,assets/dict/almond.png,assets/dict/lozi.ogg,assets/dict/lozi.ogg
ligi,ligi,4,assets/dict/ligi.png,assets/dict/ligi.ogg,assets/dict/ligi.ogg
wakurugenzi,wakurugenzi,4,assets/dict/wakurugenzi.png,assets/dict/wakurugenzi.ogg,assets/dict/wakurugenzi.ogg
pini,pini,4,assets/dict/pin.png,assets/dict/pini.ogg,assets/dict/pini.ogg
kiwavi,kiwavi,4,assets/dict/pupa.png,assets/dict/kiwavi.ogg,assets/dict/kiwavi.ogg
saba,saba,4,assets/dict/saba.png,assets/dict/saba.ogg,assets/dict/saba.ogg
chemli,chemli,4,assets/dict/lantern.png,assets/dict/chemli.ogg,assets/dict/chemli.ogg
kibolili,kibolili,4,assets/dict/cauliflower.png,assets/dict/kibolili.ogg,assets/dict/kibolili.ogg
kiokeo,kiokeo,4,assets/dict/oven.png,assets/dict/kiokeo.ogg,assets/dict/kiokeo.ogg
pink,pink,4,assets/dict/pink.png,assets/dict/pink.ogg,assets/dict/pink.ogg
kondoo,kondoo,4,assets/dict/sheep.png,assets/dict/kondoo.ogg,assets/dict/kondoo.ogg
gego,gego,4,assets/dict/gego.png,assets/dict/gego.ogg,assets/dict/gego.ogg
kucheza,kucheza,4,assets/dict/playing.png,assets/dict/kucheza.ogg,assets/dict/kucheza.ogg
kunde,kunde,4,assets/dict/pulses.png,assets/dict/kunde.ogg,assets/dict/kunde.ogg
almasi,almasi,4,assets/dict/diamond.png,assets/dict/almasi.ogg,assets/dict/almasi.ogg
leo,leo,4,assets/dict/leo.png,assets/dict/leo.ogg,assets/dict/leo.ogg
nati,nati,4,assets/dict/nut.png,assets/dict/nati.ogg,assets/dict/nati.ogg
sikio,sikio,4,assets/dict/ear.png,assets/dict/sikio.ogg,assets/dict/sikio.ogg
jengo,jengo,4,assets/dict/building.png,assets/dict/jengo.ogg,assets/dict/jengo.ogg
paka,paka,4,assets/dict/cat.png,assets/dict/paka.ogg,assets/dict/paka.ogg
chupa,chupa,4,assets/dict/jar.png,assets/dict/chupa.ogg,assets/dict/chupa.ogg
polisi,polisi,4,assets/dict/polisi.png,assets/dict/polisi.ogg,assets/dict/polisi.ogg
kahawa,kahawa,4,assets/dict/coffee.png,assets/dict/kahawa.ogg,assets/dict/kahawa.ogg
kifaru,kifaru,4,assets/dict/tank.png,assets/dict/kifaru.ogg,assets/dict/kifaru.ogg
ngumi,ngumi,4,assets/dict/ngumi.png,assets/dict/ngumi.ogg,assets/dict/ngumi.ogg
kinyonga,kinyonga,4,assets/dict/chameleon.png,assets/dict/kinyonga.ogg,assets/dict/kinyonga.ogg
madiwani,madiwani,4,assets/dict/madiwani.png,assets/dict/madiwani.ogg,assets/dict/madiwani.ogg
pomboo,pomboo,4,assets/dict/dolphin.png,assets/dict/pomboo.ogg,assets/dict/pomboo.ogg
kichakato,kichakato,4,assets/dict/cpu.png,assets/dict/kichakato.ogg,assets/dict/kichakato.ogg
kaakaa,kaakaa,4,assets/dict/kaakaa.png,assets/dict/kaakaa.ogg,assets/dict/kaakaa.ogg
jamhuri,jamhuri,4,assets/dict/jamhuri.png,assets/dict/jamhuri.ogg,assets/dict/jamhuri.ogg
sindano,sindano,4,assets/dict/needle.png,assets/dict/sindano.ogg,assets/dict/sindano.ogg
tarumbeta,tarumbeta,4,assets/dict/trumpet.png,assets/dict/tarumbeta.ogg,assets/dict/tarumbeta.ogg
fisi,fisi,4,assets/dict/hyena.png,assets/dict/fisi.ogg,assets/dict/fisi.ogg
kamati,kamati,4,assets/dict/kamati.png,assets/dict/kamati.ogg,assets/dict/kamati.ogg
mto,mto,4,assets/dict/river.png,assets/dict/mto.ogg,assets/dict/mto.ogg
kifungo,kifungo,4,assets/dict/button.png,assets/dict/kifungo.ogg,assets/dict/kifungo.ogg
sisiminzi,sisiminzi,4,assets/dict/ant.png,assets/dict/sisiminzi.ogg,assets/dict/sisiminzi.ogg
firauni,firauni,4,assets/dict/firauni.png,assets/dict/firauni.ogg,assets/dict/firauni.ogg
pwani,pwani,4,assets/dict/beach.png,assets/dict/pwani.ogg,assets/dict/pwani.ogg
uji,uji,4,assets/dict/uji.png,assets/dict/uji.ogg,assets/dict/uji.ogg
mafunzo,mafunzo,4,assets/dict/mafunzo.png,assets/dict/mafunzo.ogg,assets/dict/mafunzo.ogg
pipa,pipa,4,assets/dict/barrel.png,assets/dict/pipa.ogg,assets/dict/pipa.ogg
imara,imara,4,assets/dict/imara.png,assets/dict/imara.ogg,assets/dict/imara.ogg
rais,rais,4,assets/dict/rais.png,assets/dict/rais.ogg,assets/dict/rais.ogg
amari,amari,4,assets/dict/cable.png,assets/dict/amari.ogg,assets/dict/amari.ogg
janga,janga,4,assets/dict/janga.png,assets/dict/janga.ogg,assets/dict/janga.ogg
chenza,chenza,4,assets/dict/chenza.png,assets/dict/chenza.ogg,assets/dict/chenza.ogg
idara,idara,4,assets/dict/idara.png,assets/dict/idara.ogg,assets/dict/idara.ogg
mraba,mraba,4,assets/dict/square.png,assets/dict/mraba.ogg,assets/dict/mraba.ogg
nyati,nyati,4,assets/dict/buffalo.png,assets/dict/nyati.ogg,assets/dict/nyati.ogg
kitanda,kitanda,4,assets/dict/couch.png,assets/dict/kitanda.ogg,assets/dict/kitanda.ogg
lenzi,lenzi,4,assets/dict/lenzi.png,assets/dict/lenzi.ogg,assets/dict/lenzi.ogg
mwamvuli,mwamvuli,4,assets/dict/umbrella.png,assets/dict/mwamvuli.ogg,assets/dict/mwamvuli.ogg
moto,moto,4,assets/dict/flame.png,assets/dict/moto.ogg,assets/dict/moto.ogg
chaguo,chaguo,4,assets/dict/chaguo.png,assets/dict/chaguo.ogg,assets/dict/chaguo.ogg
kukaanga,kukaanga,4,assets/dict/roast.png,assets/dict/kukaanga.ogg,assets/dict/kukaanga.ogg
taka,taka,4,assets/dict/taka.png,assets/dict/taka.ogg,assets/dict/taka.ogg
mafuta,mafuta,4,assets/dict/mafuta.png,assets/dict/mafuta.ogg,assets/dict/mafuta.ogg
panzi,panzi,4,assets/dict/grasshopper.png,assets/dict/panzi.ogg,assets/dict/panzi.ogg
chama,chama,4,assets/dict/chama.png,assets/dict/chama.ogg,assets/dict/chama.ogg
jogoo,jogoo,4,assets/dict/rooster.png,assets/dict/jogoo.ogg,assets/dict/jogoo.ogg
picha,picha,4,assets/dict/picture.png,assets/dict/picha.ogg,assets/dict/picha.ogg
duma,duma,4,assets/dict/cheetah.png,assets/dict/duma.ogg,assets/dict/duma.ogg
malaika,malaika,4,assets/dict/angel.png,assets/dict/malaika.ogg,assets/dict/malaika.ogg
kisu,kisu,4,assets/dict/knife.png,assets/dict/kisu.ogg,assets/dict/kisu.ogg
chembe,chembe,4,assets/dict/chembe.png,assets/dict/chembe.ogg,assets/dict/chembe.ogg
fedha,fedha,4,assets/dict/money.png,assets/dict/fedha.ogg,assets/dict/fedha.ogg
tambaa,tambaa,4,assets/dict/tambaa.png,assets/dict/tambaa.ogg,assets/dict/tambaa.ogg
farakano,farakano,4,assets/dict/farakano.png,assets/dict/farakano.ogg,assets/dict/farakano.ogg
mlango,mlango,4,assets/dict/door.png,assets/dict/mlango.ogg,assets/dict/mlango.ogg
zoezi,zoezi,4,assets/dict/zoezi.png,assets/dict/zoezi.ogg,assets/dict/zoezi.ogg
mazoezi,mazoezi,4,assets/dict/gym.png,assets/dict/mazoezi.ogg,assets/dict/mazoezi.ogg
mwiko,mwiko,4,assets/dict/trowel.png,assets/dict/mwiko.ogg,assets/dict/mwiko.ogg
imarisha,imarisha,4,assets/dict/imarisha.png,assets/dict/imarisha.ogg,assets/dict/imarisha.ogg
ngazi,ngazi,4,assets/dict/ngazi.png,assets/dict/ngazi.ogg,assets/dict/ngazi.ogg
demokrasia,demokrasia,4,assets/dict/demokrasia.png,assets/dict/demokrasia.ogg,assets/dict/demokrasia.ogg
mnyororo,mnyororo,4,assets/dict/chain.png,assets/dict/mnyororo.ogg,assets/dict/mnyororo.ogg
baharia,baharia,4,assets/dict/baharia.png,assets/dict/baharia.ogg,assets/dict/baharia.ogg
nyusi,nyusi,4,assets/dict/eyebrow.png,assets/dict/nyusi.ogg,assets/dict/nyusi.ogg
magodoro,magodoro,4,assets/dict/magodoro.png,assets/dict/magodoro.ogg,assets/dict/magodoro.ogg
kahawia,kahawia,4,assets/dict/brown.png,assets/dict/kahawia.ogg,assets/dict/kahawia.ogg
kozi,kozi,4,assets/dict/falcon.png,assets/dict/kozi.ogg,assets/dict/kozi.ogg
usingizi,usingizi,4,assets/dict/sleepy.png,assets/dict/usingizi.ogg,assets/dict/usingizi.ogg
ufutio,ufutio,4,assets/dict/eraser.png,assets/dict/ufutio.ogg,assets/dict/ufutio.ogg
nyeupe,nyeupe,4,assets/dict/white.png,assets/dict/nyeupe.ogg,assets/dict/nyeupe.ogg
dari,dari,4,assets/dict/ceiling.png,assets/dict/dari.ogg,assets/dict/dari.ogg
tembea,tembea,4,assets/dict/walk.png,assets/dict/tembea.ogg,assets/dict/tembea.ogg
yadi,yadi,4,assets/dict/yadi.png,assets/dict/yadi.ogg,assets/dict/yadi.ogg
jamaa,jamaa,4,assets/dict/jamaa.png,assets/dict/jamaa.ogg,assets/dict/jamaa.ogg
mti,mti,4,assets/dict/tree.png,assets/dict/mti.ogg,assets/dict/mti.ogg
albamu,albamu,4,assets/dict/albamu.png,assets/dict/albamu.ogg,assets/dict/albamu.ogg
mkate,mkate,4,assets/dict/bread.png,assets/dict/mkate.ogg,assets/dict/mkate.ogg
amiba,amiba,4,assets/dict/amoeba.png,assets/dict/amiba.ogg,assets/dict/amiba.ogg
mwamba,mwamba,4,assets/dict/rock.png,assets/dict/mwamba.ogg,assets/dict/mwamba.ogg
gitaa,gitaa,4,assets/dict/guitar.png,assets/dict/gitaa.ogg,assets/dict/gitaa.ogg
fahali,fahali,4,assets/dict/fahali.png,assets/dict/fahali.ogg,assets/dict/fahali.ogg
gome,gome,4,assets/dict/gome.png,assets/dict/gome.ogg,assets/dict/gome.ogg
mamba,mamba,4,assets/dict/crocodile.png,assets/dict/mamba.ogg,assets/dict/mamba.ogg
mpira,mpira,4,assets/dict/rubber.png,assets/dict/mpira.ogg,assets/dict/mpira.ogg
kuumia,kuumia,4,assets/dict/injury.png,assets/dict/kuumia.ogg,assets/dict/kuumia.ogg
fremu,fremu,4,assets/dict/fremu.png,assets/dict/fremu.ogg,assets/dict/fremu.ogg
kurunzi,kurunzi,4,assets/dict/torch.png,assets/dict/kurunzi.ogg,assets/dict/kurunzi.ogg
jaketi,jaketi,4,assets/dict/jacket.png,assets/dict/jaketi.ogg,assets/dict/jaketi.ogg
ngisi,ngisi,4,assets/dict/squid.png,assets/dict/ngisi.ogg,assets/dict/ngisi.ogg
friji,friji,4,assets/dict/friji.png,assets/dict/friji.ogg,assets/dict/friji.ogg
wanafunzi,wanafunzi,4,assets/dict/wanafunzi.png,assets/dict/wanafunzi.ogg,assets/dict/wanafunzi.ogg
uma,uma,4,assets/dict/pitchfork.png,assets/dict/uma.ogg,assets/dict/uma.ogg
komamanga,komamanga,4,assets/dict/fig.png,assets/dict/komamanga.ogg,assets/dict/komamanga.ogg
mshumaa,mshumaa,4,assets/dict/candle.png,assets/dict/mshumaa.ogg,assets/dict/mshumaa.ogg
upendo,upendo,4,assets/dict/love.png,assets/dict/upendo.ogg,assets/dict/upendo.ogg
kabidhi,kabidhi,4,assets/dict/kabidhi.png,assets/dict/kabidhi.ogg,assets/dict/kabidhi.ogg
strouberi,strouberi,4,assets/dict/strawberry.png,assets/dict/strouberi.ogg,assets/dict/strouberi.ogg
twiga,twiga,4,assets/dict/giraffe.png,assets/dict/twiga.ogg,assets/dict/twiga.ogg
feri,feri,4,assets/dict/feri.png,assets/dict/feri.ogg,assets/dict/feri.ogg
magonjwa,magonjwa,4,assets/dict/magonjwa.png,assets/dict/magonjwa.ogg,assets/dict/magonjwa.ogg
blanketi,blanketi,4,assets/dict/blanket.png,assets/dict/blanketi.ogg,assets/dict/blanketi.ogg
ua,ua,4,assets/dict/lawn.png,assets/dict/ua.ogg,assets/dict/ua.ogg
tofali,tofali,4,assets/dict/brick.png,assets/dict/tofali.ogg,assets/dict/tofali.ogg
ziada,ziada,4,assets/dict/ziada.png,assets/dict/ziada.ogg,assets/dict/ziada.ogg
uyoga,uyoga,4,assets/dict/mushroom.png,assets/dict/uyoga.ogg,assets/dict/uyoga.ogg
ugonjwa,ugonjwa,4,assets/dict/sick.png,assets/dict/ugonjwa.ogg,assets/dict/ugonjwa.ogg
marimba,marimba,4,assets/dict/xylophone.png,assets/dict/marimba.ogg,assets/dict/marimba.ogg
jamiana,jamiana,4,assets/dict/jamiana.png,assets/dict/jamiana.ogg,assets/dict/jamiana.ogg
basi,basi,4,assets/dict/bus.png,assets/dict/basi.ogg,assets/dict/basi.ogg
kenge,kenge,4,assets/dict/iguana.png,assets/dict/kenge.ogg,assets/dict/kenge.ogg
wimbi,wimbi,4,assets/dict/wave.png,assets/dict/wimbi.ogg,assets/dict/wimbi.ogg
ajabu,ajabu,4,assets/dict/ajabu.png,assets/dict/ajabu.ogg,assets/dict/ajabu.ogg
kichanganyio,kichanganyio,4,assets/dict/mixer.png,assets/dict/kichanganyio.ogg,assets/dict/kichanganyio.ogg
chaki,chaki,4,assets/dict/chalk.png,assets/dict/chaki.ogg,assets/dict/chaki.ogg
mvua,mvua,4,assets/dict/rain.png,assets/dict/mvua.ogg,assets/dict/mvua.ogg
kinanda,kinanda,4,assets/dict/piano.png,assets/dict/kinanda.ogg,assets/dict/kinanda.ogg
bwawa,bwawa,4,assets/dict/pond.png,assets/dict/bwawa.ogg,assets/dict/bwawa.ogg
njaa,njaa,4,assets/dict/njaa.png,assets/dict/njaa.ogg,assets/dict/njaa.ogg
vuguvugu,vuguvugu,4,assets/dict/warm.png,assets/dict/vuguvugu.ogg,assets/dict/vuguvugu.ogg
pointi,pointi,4,assets/dict/pointi.png,assets/dict/pointi.ogg,assets/dict/pointi.ogg
afya,afya,4,assets/dict/afya.png,assets/dict/afya.ogg,assets/dict/afya.ogg
utepe,utepe,4,assets/dict/ribbon.png,assets/dict/utepe.ogg,assets/dict/utepe.ogg
sakafu,sakafu,4,assets/dict/floor.png,assets/dict/sakafu.ogg,assets/dict/sakafu.ogg
bluu,bluu,4,assets/dict/blue.png,assets/dict/bluu.ogg,assets/dict/bluu.ogg
godoro,godoro,4,assets/dict/godoro.png,assets/dict/godoro.ogg,assets/dict/godoro.ogg
gazeti,gazeti,4,assets/dict/newspaper.png,assets/dict/gazeti.ogg,assets/dict/gazeti.ogg
glopu,glopu,4,assets/dict/bulb.png,assets/dict/glopu.ogg,assets/dict/glopu.ogg
mvuke,mvuke,4,assets/dict/steam.png,assets/dict/mvuke.ogg,assets/dict/mvuke.ogg
tupa,tupa,4,assets/dict/file.png,assets/dict/tupa.ogg,assets/dict/tupa.ogg
kabila,kabila,4,assets/dict/kabila.png,assets/dict/kabila.ogg,assets/dict/kabila.ogg
tofaa,tofaa,4,assets/dict/apple.png,assets/dict/tofaa.ogg,assets/dict/tofaa.ogg
meno,meno,4,assets/dict/teeth.png,assets/dict/meno.ogg,assets/dict/meno.ogg
mapafu,mapafu,4,assets/dict/lungs.png,assets/dict/mapafu.ogg,assets/dict/mapafu.ogg
roketi,roketi,4,assets/dict/rocket.png,assets/dict/roketi.ogg,assets/dict/roketi.ogg
wanawake,wanawake,4,assets/dict/wanawake.png,assets/dict/wanawake.ogg,assets/dict/wanawake.ogg
sabuni,sabuni,4,assets/dict/detergent.png,assets/dict/sabuni.ogg,assets/dict/sabuni.ogg
ibada,ibada,4,assets/dict/ibada.png,assets/dict/ibada.ogg,assets/dict/ibada.ogg
mkoba,mkoba,4,assets/dict/handbag.png,assets/dict/mkoba.ogg,assets/dict/mkoba.ogg
jokofu,jokofu,4,assets/dict/refrigerator.png,assets/dict/jokofu.ogg,assets/dict/jokofu.ogg
ghashi,ghashi,4,assets/dict/ghashi.png,assets/dict/ghashi.ogg,assets/dict/ghashi.ogg
bajeti,bajeti,4,assets/dict/bajeti.png,assets/dict/bajeti.ogg,assets/dict/bajeti.ogg
konokono,konokono,4,assets/dict/snail.png,assets/dict/konokono.ogg,assets/dict/konokono.ogg
dhoruba,dhoruba,4,assets/dict/stormy.png,assets/dict/dhoruba.ogg,assets/dict/dhoruba.ogg
kinywa,kinywa,4,assets/dict/mouth.png,assets/dict/kinywa.ogg,assets/dict/kinywa.ogg
taswira,taswira,4,assets/dict/taswira.png,assets/dict/taswira.ogg,assets/dict/taswira.ogg
rafiki,rafiki,4,assets/dict/rafiki.png,assets/dict/rafiki.ogg,assets/dict/rafiki.ogg
trekta,trekta,4,assets/dict/tractor.png,assets/dict/trekta.ogg,assets/dict/trekta.ogg
yavuyavu,yavuyavu,4,assets/dict/jellyfish.png,assets/dict/yavuyavu.ogg,assets/dict/yavuyavu.ogg
chiku,chiku,4,assets/dict/chikoo.png,assets/dict/chiku.ogg,assets/dict/chiku.ogg
ubavu,ubavu,4,assets/dict/sideburn.png,assets/dict/ubavu.ogg,assets/dict/ubavu.ogg
mashua,mashua,4,assets/dict/boat.png,assets/dict/mashua.ogg,assets/dict/mashua.ogg
shinda,shinda,4,assets/dict/win.png,assets/dict/shinda.ogg,assets/dict/shinda.ogg
ukuaji,ukuaji,4,assets/dict/ukuaji.png,assets/dict/ukuaji.ogg,assets/dict/ukuaji.ogg
midomo,midomo,4,assets/dict/lips.png,assets/dict/midomo.ogg,assets/dict/midomo.ogg
askari,askari,4,assets/dict/soldier.png,assets/dict/askari.ogg,assets/dict/askari.ogg
nondo,nondo,4,assets/dict/moth.png,assets/dict/nondo.ogg,assets/dict/nondo.ogg
kuchoka,kuchoka,4,assets/dict/bored.png,assets/dict/kuchoka.ogg,assets/dict/kuchoka.ogg
susu,susu,4,assets/dict/rack.png,assets/dict/susu.ogg,assets/dict/susu.ogg
chumvi,chumvi,4,assets/dict/salt.png,assets/dict/chumvi.ogg,assets/dict/chumvi.ogg
kaa,kaa,4,assets/dict/crab.png,assets/dict/kaa.ogg,assets/dict/kaa.ogg
tembo,tembo,4,assets/dict/elephant.png,assets/dict/tembo.ogg,assets/dict/tembo.ogg
bakuli,bakuli,4,assets/dict/bowl.png,assets/dict/bakuli.ogg,assets/dict/bakuli.ogg
mbayuwayu,mbayuwayu,4,assets/dict/kingfisher.png,assets/dict/mbayuwayu.ogg,assets/dict/mbayuwayu.ogg
cheo,cheo,4,assets/dict/cheo.png,assets/dict/cheo.ogg,assets/dict/cheo.ogg
karatasi,karatasi,4,assets/dict/paper.png,assets/dict/karatasi.ogg,assets/dict/karatasi.ogg
mkunga,mkunga,4,assets/dict/eel.png,assets/dict/mkunga.ogg,assets/dict/mkunga.ogg
nyanya,nyanya,4,assets/dict/tomato.png,assets/dict/nyanya.ogg,assets/dict/nyanya.ogg
nyundo,nyundo,4,assets/dict/hammer.png,assets/dict/nyundo.ogg,assets/dict/nyundo.ogg
shavu,shavu,4,assets/dict/cheek.png,assets/dict/shavu.ogg,assets/dict/shavu.ogg
kidani,kidani,4,assets/dict/necklace.png,assets/dict/kidani.ogg,assets/dict/kidani.ogg
dagla,dagla,4,assets/dict/dagla.png,assets/dict/dagla.ogg,assets/dict/dagla.ogg
kipanga,kipanga,4,assets/dict/hawk.png,assets/dict/kipanga.ogg,assets/dict/kipanga.ogg
vuli,vuli,4,assets/dict/autumn.png,assets/dict/vuli.ogg,assets/dict/vuli.ogg
kolibri,kolibri,4,assets/dict/hummingbird.png,assets/dict/kolibri.ogg,assets/dict/kolibri.ogg
kaoshi,kaoshi,4,assets/dict/vest.png,assets/dict/kaoshi.ogg,assets/dict/kaoshi.ogg
kumwaga,kumwaga,4,assets/dict/spill.png,assets/dict/kumwaga.ogg,assets/dict/kumwaga.ogg
tandu,tandu,4,assets/dict/centipede.png,assets/dict/tandu.ogg,assets/dict/tandu.ogg
baseball,baseball,4,assets/dict/baseball.png,assets/dict/baseball.ogg,assets/dict/baseball.ogg
taji,taji,4,assets/dict/taji.png,assets/dict/taji.ogg,assets/dict/taji.ogg
kalamu,kalamu,4,assets/dict/pen.png,assets/dict/kalamu.ogg,assets/dict/kalamu.ogg
jarari,jarari,4,assets/dict/jarari.png,assets/dict/jarari.ogg,assets/dict/jarari.ogg
nge,nge,4,assets/dict/scorpion.png,assets/dict/nge.ogg,assets/dict/nge.ogg
pato,pato,4,assets/dict/pato.png,assets/dict/pato.ogg,assets/dict/pato.ogg
seremala,seremala,4,assets/dict/seremala.png,assets/dict/seremala.ogg,assets/dict/seremala.ogg
waandishi,waandishi,4,assets/dict/waandishi.png,assets/dict/waandishi.ogg,assets/dict/waandishi.ogg
ndege,ndege,4,assets/dict/airplane.png,assets/dict/ndege.ogg,assets/dict/ndege.ogg
chai,chai,4,assets/dict/tea.png,assets/dict/chai.ogg,assets/dict/chai.ogg
wanaume,wanaume,4,assets/dict/wanaume.png,assets/dict/wanaume.ogg,assets/dict/wanaume.ogg
kamba,kamba,4,assets/dict/strap.png,assets/dict/kamba.ogg,assets/dict/kamba.ogg
dazani,dazani,4,assets/dict/dazani.png,assets/dict/dazani.ogg,assets/dict/dazani.ogg
haja,haja,4,assets/dict/haja.png,assets/dict/haja.ogg,assets/dict/haja.ogg
ghali,ghali,4,assets/dict/ghali.png,assets/dict/ghali.ogg,assets/dict/ghali.ogg
mmea,mmea,4,assets/dict/plant.png,assets/dict/mmea.ogg,assets/dict/mmea.ogg
sokwe,sokwe,4,assets/dict/gorilla.png,assets/dict/sokwe.ogg,assets/dict/sokwe.ogg
uso,uso,4,assets/dict/face.png,assets/dict/uso.ogg,assets/dict/uso.ogg
nene,nene,4,assets/dict/nene.png,assets/dict/nene.ogg,assets/dict/nene.ogg
walezi,walezi,4,assets/dict/walezi.png,assets/dict/walezi.ogg,assets/dict/walezi.ogg
funga,funga,4,assets/dict/lock.png,assets/dict/funga.ogg,assets/dict/funga.ogg
jongoo,jongoo,4,assets/dict/millipede.png,assets/dict/jongoo.ogg,assets/dict/jongoo.ogg
tango,tango,4,assets/dict/cucumber.png,assets/dict/tango.ogg,assets/dict/tango.ogg
machungwa,machungwa,4,assets/dict/orange.png,assets/dict/machungwa.ogg,assets/dict/machungwa.ogg
vikundi,vikundi,4,assets/dict/vikundi.png,assets/dict/vikundi.ogg,assets/dict/vikundi.ogg
hofu,hofu,4,assets/dict/afraid.png,assets/dict/hofu.ogg,assets/dict/hofu.ogg
thread,thread,4,assets/dict/thread.png,assets/dict/thread.ogg,assets/dict/thread.ogg
kisigino,kisigino,4,assets/dict/heel.png,assets/dict/kisigino.ogg,assets/dict/kisigino.ogg
dubu,dubu,4,assets/dict/panda.png,assets/dict/dubu.ogg,assets/dict/dubu.ogg
njiwa,njiwa,4,assets/dict/pigeon.png,assets/dict/njiwa.ogg,assets/dict/njiwa.ogg
adhibu,adhibu,4,assets/dict/adhibu.png,assets/dict/adhibu.ogg,assets/dict/adhibu.ogg
dada,dada,4,assets/dict/sister.png,assets/dict/dada.ogg,assets/dict/dada.ogg
mwewe,mwewe,4,assets/dict/kite.png,assets/dict/mwewe.ogg,assets/dict/mwewe.ogg
tano,tano,4,assets/dict/tano.png,assets/dict/tano.ogg,assets/dict/tano.ogg
ukungu,ukungu,4,assets/dict/foggy.png,assets/dict/ukungu.ogg,assets/dict/ukungu.ogg
ngwini,ngwini,4,assets/dict/penguin.png,assets/dict/ngwini.ogg,assets/dict/ngwini.ogg
puto,puto,4,assets/dict/balloon.png,assets/dict/puto.ogg,assets/dict/puto.ogg
kijivu,kijivu,4,assets/dict/grey.png,assets/dict/kijivu.ogg,assets/dict/kijivu.ogg
shule,shule,4,assets/dict/school.png,assets/dict/shule.ogg,assets/dict/shule.ogg
uchovu,uchovu,4,assets/dict/uchovu.png,assets/dict/uchovu.ogg,assets/dict/uchovu.ogg
povu,povu,4,assets/dict/povu.png,assets/dict/povu.ogg,assets/dict/povu.ogg
ndovu,ndovu,4,assets/dict/ndovu.png,assets/dict/ndovu.ogg,assets/dict/ndovu.ogg
mshale,mshale,4,assets/dict/arrow.png,assets/dict/mshale.ogg,assets/dict/mshale.ogg
pango,pango,4,assets/dict/cave.png,assets/dict/pango.ogg,assets/dict/pango.ogg
ukanda,ukanda,4,assets/dict/belt.png,assets/dict/ukanda.ogg,assets/dict/ukanda.ogg
hadithi,hadithi,4,assets/dict/hadithi.png,assets/dict/hadithi.ogg,assets/dict/hadithi.ogg
nafuu,nafuu,4,assets/dict/nafuu.png,assets/dict/nafuu.ogg,assets/dict/nafuu.ogg
suruali,suruali,4,assets/dict/pant.png,assets/dict/suruali.ogg,assets/dict/suruali.ogg
mtindi,mtindi,4,assets/dict/cream.png,assets/dict/mtindi.ogg,assets/dict/mtindi.ogg
shomoro,shomoro,4,assets/dict/sparrow.png,assets/dict/shomoro.ogg,assets/dict/shomoro.ogg
teleka,teleka,4,assets/dict/swift.png,assets/dict/teleka.ogg,assets/dict/teleka.ogg
soksi,soksi,4,assets/dict/socks.png,assets/dict/soksi.ogg,assets/dict/soksi.ogg
haramia,haramia,4,assets/dict/haramia.png,assets/dict/haramia.ogg,assets/dict/haramia.ogg
mapera,mapera,4,assets/dict/guava.png,assets/dict/mapera.ogg,assets/dict/mapera.ogg
saa,saa,4,assets/dict/watch.png,assets/dict/saa.ogg,assets/dict/saa.ogg
pikipiki,pikipiki,4,assets/dict/scooter.png,assets/dict/pikipiki.ogg,assets/dict/pikipiki.ogg
sataranji,sataranji,4,assets/dict/chess.png,assets/dict/sataranji.ogg,assets/dict/sataranji.ogg
puliza,puliza,4,assets/dict/blow.png,assets/dict/puliza.ogg,assets/dict/puliza.ogg
njano,njano,4,assets/dict/yellow.png,assets/dict/njano.ogg,assets/dict/njano.ogg
hatari,hatari,4,assets/dict/danger.png,assets/dict/hatari.ogg,assets/dict/hatari.ogg
cheka,cheka,4,assets/dict/laugh.png,assets/dict/cheka.ogg,assets/dict/cheka.ogg
msisimko,msisimko,4,assets/dict/excited.png,assets/dict/msisimko.ogg,assets/dict/msisimko.ogg
sahani,sahani,4,assets/dict/plate.png,assets/dict/sahani.ogg,assets/dict/sahani.ogg
mbuzi,mbuzi,4,assets/dict/goat.png,assets/dict/mbuzi.ogg,assets/dict/mbuzi.ogg
sharubu,sharubu,4,assets/dict/mustache.png,assets/dict/sharubu.ogg,assets/dict/sharubu.ogg
zawadi,zawadi,4,assets/dict/gift.png,assets/dict/zawadi.ogg,assets/dict/zawadi.ogg
kambi,kambi,4,assets/dict/camp.png,assets/dict/kambi.ogg,assets/dict/kambi.ogg
pweza,pweza,4,assets/dict/octopus.png,assets/dict/pweza.ogg,assets/dict/pweza.ogg
gari,gari,4,assets/dict/wagon.png,assets/dict/gari.ogg,assets/dict/gari.ogg
kadhaa,kadhaa,4,assets/dict/dozen.png,assets/dict/kadhaa.ogg,assets/dict/kadhaa.ogg
zambarau,zambarau,4,assets/dict/purple.png,assets/dict/zambarau.ogg,assets/dict/zambarau.ogg
nakala,nakala,4,assets/dict/nakala.png,assets/dict/nakala.ogg,assets/dict/nakala.ogg
medali,medali,4,assets/dict/locket.png,assets/dict/medali.ogg,assets/dict/medali.ogg
nyota,nyota,4,assets/dict/star.png,assets/dict/nyota.ogg,assets/dict/nyota.ogg
sanduku,sanduku,4,assets/dict/box.png,assets/dict/sanduku.ogg,assets/dict/sanduku.ogg
kimbunga,kimbunga,4,assets/dict/cyclone.png,assets/dict/kimbunga.ogg,assets/dict/kimbunga.ogg
nafasi,nafasi,4,assets/dict/nafasi.png,assets/dict/nafasi.ogg,assets/dict/nafasi.ogg
kipimio,kipimio,4,assets/dict/scale.png,assets/dict/kipimio.ogg,assets/dict/kipimio.ogg
nyoka,nyoka,4,assets/dict/snake.png,assets/dict/nyoka.ogg,assets/dict/nyoka.ogg
kionesha,kionesha,4,assets/dict/monitor.png,assets/dict/kionesha.ogg,assets/dict/kionesha.ogg
ulimwengu,ulimwengu,4,assets/dict/ulimwengu.png,assets/dict/ulimwengu.ogg,assets/dict/ulimwengu.ogg
oka,oka,4,assets/dict/grill.png,assets/dict/oka.ogg,assets/dict/oka.ogg
pazia,pazia,4,assets/dict/curtain.png,assets/dict/pazia.ogg,assets/dict/pazia.ogg
bambika,bambika,4,assets/dict/bambika.png,assets/dict/bambika.ogg,assets/dict/bambika.ogg
