English Word,Swahili Words
a few,kadha
a fifth,humsi
a mix of small fish,chengo
a ninth,tusui
a seventh,subui
a sixth,sudusi
a tenth,ushuri
a third,thuluthi
a thousand,kikwi
abort,aviya
abrupt,dharura
abuse,tukano
accelerator,akselereta
accept,kiri
accident,ajali
account,akaunti
accurate,sanifu
accused,mshtakiwa
accuser,mshtaki
accusers,washtaki
acknowledge,hujumu
acquaintance,rubaa
acre,ekari
act,kitendo
acting,uigaji
action,tendo
actions,matendo
acts,vitendo
adams apple,zoloto
add,ongeza
addict,mraibu
addiction,uraibu
addicts,vingwagu
address,anwani
adjective,kiingizi
adverb,kitenzi
adverbs,vielezi
advice,ushauri
aeroplane,eropleni
affix,kiambishi
affixes,viambishi
afghanistans,wafugani
african,mwafrika
afro,sunzu
after,baada
afterlife,ahera
against,dhidi
age,hirimu
aged,uzee
agency,uwakala
agent,ajenti
agents,maajenti
agitator,mchochezi
agitators,wachochezi
agreement,mwafaka
agreements,maagano
aim,lengo
aims,malengo
air,hewa
album,albamu
alcohol,kileo
alert,chonjo
allow,idhinisha
almond,kungu
almond content,lozi
almonds,makungu
almonds content,malozi
alot,mengi
always,mara kwa mara
amatongolo,mapeni
amazement,bumbuazi
ambassador,balozi
amen,amina
ancestor,mhenga
ancestors,wahenga
anchor,nanga
ancient beer,wanzuki
anger,maya
animal,mnyama
animal waste,kinyesi
animals,wanyama
anklet,furungu
annoy,huni
annoyed,udhika
anorexic,kifyefye
another,nyengine
another one,kingine
answer,jawabu
answers,majibu
ant,mchwa
ant hill,kiduta
ant hills,viduta
antelope,paa
anticipate,azimia
anxiety,kukurukakara
anyhow,segemnege
aphrodisiac,rimbwata
apparatus,zana
appeal,rufaa
appealing,wagivu
appease,afiki
appendix,faharasa
apple,tufaha
apples,matufaha
appropriate,mwafaka
approximate,takriban
apricot,aprikoti
apron,aproni
arab cloak,bushuti
archaeology,akiologia
archaic,dinari
area,janibu
armies,majeshi
armour,dirizi
arms,mikono
army,jeshi
arrangement,mpangilio
arrangements,mipangilio
arrow,mshale
arrow head,chembe
arrow sign,alama ya mshale
arrow signs,alama za mishale
arrowroot,yugwa
arrows,mishale
artery,ateri
arthritis,kiharusi
article,makala
artist,msanii
artists,wasanii
ash,jivu
ashes,majivu
ass hole,mkundu
ass holes,mikundu
assessment,upimaji
asset,mali
assist,timirya
assistant,msaidizi
assistants,manaibu
assume,dhani
astrology,ramli
astronomy,falaki
at least,angalau
athlete,mkimbiaji
athletics,riadha
athretis,jongo
athritis,jongo
atlas,atlasi
attendance,hudhurio
auction,nadi
author,mwandishi
authority,mamlaka
authors,waandishi
average,wastani
aviation,elimu ya rubani
award,tunuku
awards,matunuku
baboon,sokwe
baby,mtoto
baby walker,kiwambo
baby walkers,viwambo
bachelor,kapera
back,mgongo
backs,migongo
bad breath,kiseyeye
bad intent,zuumu
bad omen,mkosi
bad omens,mikosi
bad person,tumbo joto
bad smell,ujaka
bad smell of fish,vumba
bad smell of fishes,mavumba
bag,mfuko
bags,mifuko
balcony,roshani
bald,kipara
baloon,puto
baloons,mabaluni
banana plant,mgomba
banana plants,migomba
band,bendi
bangle,bangili
bangles,mabangili
bank,benki
banner,bango
bar,baa
bark,gome
barrier,kizuizi
barriers,vizuizi
basha,mula
basin,beseni
basket,kikapu
basketball team,timu ya basketiboli
basketball teams,timu za basketiboli
basketball union,shirikisho la basketiboli
baskets,vikapu
bateleur,pungu
bateleurs,mapungu
battle field,medani
battle fields,mamedani
bay gal,pilipili hoho
be responsible,wajibika
be surfeited,kinai
beach,wangwa
beach crab,kururu
beads worn on womens waist,utunda
bean,haragwe
beans,maharagwe
beard,ndevu
beat,chapa
beaten,shindwa
beautiful,mrembo
beautiful girl,kipusa
beautiful ladies,warembo
beautiful lady,mrembo
beauty competition,mashindano ya urembo
bed,kitanda
bedbug,kunguni
beds,vitanda
beer,pombe
beet root,tini
beet roots,matini
before,awali
begining,alfa
behalf,niaba
behaviour,tabia
being mean,ubanifu
being respectful,adhimu
beleiver,mcha mungu
beleivers,wacha mungu
believer,muumini
believers,waumini
bell,kengele
belle,kidosho
bells,makengele
belt,mshipi
belts,mishipi
bench,fomu
bend,inama
bends,miinamo
benefit,manufaa
better,bora
bewitch,roga
bhang,bangi
big,mkubwa
big rat,buku
big tree,bobo
bill,bili
billion,bilioni
billygoat,beberu
bin,jaa
bird,ndege
birth,zaliwa
birthing cloth,mkaja
birthing clothes,mikaja
biscuit,biskuti
bisector,mchinjio kati
bisectors,michinjio kati
bishop,askofu
bite,uma
black,weusi
black jack,kichomanguo
black jacks,vichomanguo
black magic,mazingaombwe
bladder,kibofu
bladders,vibofu
blasphemy,kufuru
blessing,baraka
block brackets,mabano ya mraba
blue,buluu
blunt,butu
board,bao
boards,mabao
bodies,miili
body,mwili
body temperature,mwako
body temperatures,miako
boil,jipu
boils,majipu
bolt,bolti
bone,mfupa
bones,mifupa
book,kitabu
books,vitabu
boot,buti
boring stuff,bughudha
born cancer,saratani ya mfupa
boss,kigogo
bother,kero
boundaries,mipaka
boundary,mpaka
bow,uta
bowl,bakuli
boxer,bondia
boxers,mabondia
boxing,ndondi
boy,mvulana
boys,wavulana
brain,akili
branch,tawi
branches,matawi
brandy,brandi
brassiere,sidiria
bravery,ujasiri
brawn,akili
bread,mkate
breads,mikate
break,chenji
break down,mnyambuo
break downs,minyambuo
break law,kiuka
break off,mega
breakfast,staftahi
breast,titi
breast cancer,saratani ya titi
breasts,matiti
breeder,kiangulio
brew,chebuka
bribe,chai
bride price,pamvu
bridges,madaraja
brigadeer-general,brigedia-jenerali
brigadeer-generals,mabrigedia-jenerali
brim,fara
broom,kifagio
brooms,vifagio
brown,hudhurungi
brown-headed parrot,kwao
budget,bajeti
budgets,mabajeti
buffalo,nyati
building,jengo
buildings,majengo
bulb,glopu
bulbul,shore
bulbuls,mashore
bull,nzao
bulls,manzao
bunch,chane
bunches,michane
bundle,kitita
bundles,mafurushi
burial ceremonies,sherehe za harusi
burial ceremony,sherehe ya matanga
burn,choma
bus,basi
bush,kichaka
bush babies,makomba
bush baby,komba
bushes,vichaka
business license,leseni ya biashara
business licenses,leseni za biashara
business people,wanabiashara
business permit,ilani ya biashara
business person,mwanabiashara
business persons,wafanyibiashara
butter,siagi
buttock,tako
buttocks,matako
button,kitufe
buttons,vitufe
buyer,mnunuzi
by choice,hiari
by force,kwazima
cafe,mkahawa
cafeteria,kafeteria
cafeterias,makafeteria
cake,keki
calabash,buyu
calabashes,mabuyu
calender,kalenda
calenders,makalenda
calling,wito
calm,utulivu
camel,ngamia
camels,mangamia
camera,kamera
cameras,makamera
camp,kambi
campaign,kampeni
cancel,ghairi
cancer,kansa
candidate,mgombezi
candidates,wagombezi
candle,kandili
candlenut tree,mkaka
candlenut trees,mikaka
candles,makandili
cane farm,chalo
canes,viboko
canoe,mtumbwi
canoes,mitumbwi
canteen,kantini
canteens,makantini
cap,kofia
capital,mtaji
capital cities,miji mikuu
capital city,mji mkuu
capitalist,bepari
capitalists,mabepari
caps,makofia
captain,jemedari
captains,makapteni
car,motokaa
car patrol,gari la doria
car patrols,magari ya doria
carbohydrate,kabohidrati
carbon,kaboni
carcas,jifu
carcass,mzoga
carcasses,majifu
card,kadi
cardinal,kardinali
cardinals,makadinoli
carefully,taratibu
caress,papasa
cargo,shehena
cargos,makago
carpenter,seremala
carpenters,maseremala
carpet,zulia
cars,magari
cart,mkokoteni
cartoon,kibonzo
carts,mikokoteni
case,kesi
cash,keshi
cash donation,changizo
cash service,huduma ya pesa
cash services,huduma za pesa
cashier,keshia
cassette,kaseti
cassettes,makaseti
cast,kandika
cat,paka
cat fish,kambare
catch,daka
catch unawares,nyemelea
caterpillar,kiwavi
caterpillars,viwavi
catholic woman,mama katoliki
cause,chanzo
cavity,susa
celebration,sherehe
cell,seli
cells,maseli
cent,senti
centimeter,sentimita
centimeters,masentimita
centimetre,sentimeta
centipede,tandu
certain,hakika
certainity,uhakika
certainty,bainisha
certificate,hati
certificates,vyeti
chacoalstove,jiko
chaff,wishwa
chain,mkufu
chains,mikufu
chair,kiti
chairperson,mwenyekiti
chairs,viti
chalk,chaki
chalks,machaki
challenges,changa moto
champion,championi
champions,machampioni
change,badiliko
changes,mabadiliko
chaos,rabsha
chapter,sura
character,sifa
charcoal,kaa
charcoal stove,jiko
charcoal stoves,meko
charge,shtaka
charges,mashtaka
chart,chati
cheat,hadaa
cheerful,damisi
cheese,jibini
cheetah,duma
chemistry,kemia
cheque,cheki
cheques,macheki
chess,chesi
chest,kifua
chest cavities,vifuani
chest cavity,kifuani
chick,kifaranga
chicken,kuku
chief,chifu
chiefs,machifu
chieth,shonde
child,mtoto
children,watoto
children home,makaazi ya mtoto
chipboard,chipubodi
chips,chipsi
chocolate,chokoleti
choice,chaguo
choir,kwaya
choirs,makwaya
cholera,kipindupindu
christian,mkristo
christians,kanisa
christmas,krismasi
church,kanisa
church leaders,viongozi wa dini
churches,makanisa
cigarrette,sigara
cinema,sinema
cinemas,masinema
circle,duara
cities,majiji
citizen,mwananchi
citizens,wananchi
citizenship,uraia
city,jiji
city council,baraza la jiji
city councils,mabaraza ya jiji
clamp,mbano
clamps,mibano
clarification,yakin
classroom,darasa
classrooms,madarasa
clean,safi
cleaner,mwoshaji
cleaners,wasafishaji
cleaning,usafishaji
cleanliness,usafi
clerk,karani
clerks,makarani
climate change,mabadiliko ya anga
climb,kwea
clinic,kliniki
clitoris,kinembe
clock,saa
close,funga
close eyes,fumba
cloth,nguo
clothes,manguo
clothing,libasi
cloud,uwingu
clouds,mawingu
cloudy,utusitusi
clown,mcheshi
club,klabu
clubs,vilabu
clump of long grass,vue
clump of long grasses,mavue
clup of long grass,vue
co-rdinator,mratibu
coach,kocha
coaches,makocha
coachman,saisi
coachmen,masaisi
coast,pwani
coat,koti
coats,makoti
cock,jogoo
cockerel,jimbi
cockerels,majimbi
cockroach,mende
cockroaches,makombamwiko
coconut milk,kasimile
coconut palm,mnazi
coconut residue,chicha
coffe berry disease,chelebuni
coffee,kahawa
coffee berry,buni
coffee plant,mbuni
cohesion,mshikamano
cohesions,mishikamano
coin,sarafu
collaboration,kolabo
collaborations,makolabo
collar,ukosi
collars,kosi
collateral,dhamana
colon,alama ya mkato
colonialist,mkoloni
colonialists,wakoloni
colour,rangi
comb,kichana
comedian,chale
comedians,machali
comesa market,soko la comesa
comfort,starehe
command,amri
commander,kamanda
commanders,makamanda
commemoration,adhimisho
commemorations,maadhimisho
commission,kodi
commissioner,kamishna
commissioners,makamishna
commitment,jizatiti
committee,kamati
communication,mawasiliano
communist,ukomunisti
communities,majumuiya
community,jamii
companies,makampuni
company,kampuni
compare,linganisha
compass,bikeri
compete,wania
competitor,mshindani
complain,uzushi
complainant,mlalamishi
complainants,walalamishi
complaint,lawama
complaints,malawama
complete,kamili
complicated,kingwangwa
computer,Tarakilishi
con people,matapeli
con person,tapeli
con-person,bazazi
con-persons,mabazazi
concede,kai
condolesense,rambirambi
conductor,kondakta
conductors,makondakta
confidant,sahibu
confrontation,karipio
confuse,kanganya
confusion,zahimu
congratulate,heko
congratulation,hongera
congregation,halaiki
consciousness,fahamu
constipation,vimbizi
constitutional changes,mabadiliko ya kikatiba
constitutional law,sheria ya kikatiba
constitutional lawyer,wakili wa katiba
consultation,mashauriano
contents,yaliyomo
contest,shindano
contestant,mshindani
contestants,washindani
contests,mashindano
continue,endelea
contract,kandarasi
contractor,akidu
contractors,maakidu
contracts,makandarasi
controller,mdhabiti
controllers,wadhabiti
cook,mpishi
cooking stick,mwiko
cooks,wapishi
copper,shaba
copy,nakala
corner,kona
corpse,maiti
corpses,wafu
correction,marekebisho
cost,gharama
cost of living,gharama ya maisha
cotton,pamba
cotton plant,mpamba
cotton plants,mipamba
cough,kikohozi
coughs,vikohozi
council,baraza
councils,mabaraza
counterfeit,bandia
country,nchi
court,mahakama
court order,agizo la mahakama
court orders,maagizo ya mahakama
cousin,binamu
cow,ng'ombe
cow dung,mavi ya ngombe
cow peas,kunde
cow pen,chaa
cow pens,machaa
cowries,makululu
cowry,kululu
cowry shell,simbi
crack,ufa
cracks,nyufa
cranes,vinyavu
crave,tamani
crawl,tambaa
crease,mkunjo
creases,mikunjo
creation,kiumbe
creations,viumbe
credit,deni
credit crunch,shida za kifedha
creditor,mdai
creditors,wadai
cricket,chenene
crime,jinai
criminal,mhalifu
criminals,wahalifu
crisis,zahama
crisps,kaukau
critical condition,mahututi
crocodile,mamba
cronic disease,chamko
cross,msalaba
crow,kunguru
crown,taji
crowned hornbill,kwembe
crowns,mataji
crucify,sulubisha
cruel,katili
crumbs,chembelele
crust,koko
crutch,gwato
cunning,kichinichini
cup,kikombe
cupboard,kabati
cupboards,makabati
cups,vikombe
currency,fulusi
currency exchange,ubadilishaji sarafu
curry,bizari
curse,laana
cursed kid,harasi
curses,malaana
custom,ada
customer,mteja
customers,wateja
cylinder,kuru
dagger,ukengee
daisy,jaja
dance,lelemama
dark,weusi
daughter,binti
dawn,alfajiri
day,siku
day before yesterday,juzi
dead animal,nyamafu
deafness,uziwi
deal,dili
death,kifo
deaths,vifo
debate,mdahalo
debates,midahalo
debit,dhima
debt,mkopo
debtor,mdaiwa
debtors,wadaiwa
december,disemba
decoration,pambo
decorations,mapambo
decree,dikrii
deep freezer,dipfriza
deeply rooted,kita mzizi
defence,defensi
defender,mtetezi
defenders,watetezi
degree,digrii
degrees,madigrii
delay,chelezo
democracy,demokrasia
demon,pepo
demons,mapepo
denomination,dhehebu
denominations,madhehebu
deny,kana
department,idara
depend,tegemea
dependable player,mchezaji wa kutegemea
dependable players,wachezaji wa kutegemea
deposit,uwekaji
depositer,mwekaji
depot,depo
depots,madepo
depth,kina
depths,vina
derailer,potovu
desert,jangwa
deserts,majangwa
deserve,stahiki
desire,hamu
desk,dawati
desks,madawati
despise,dharau
deteriorate,dorora
devil,ibilisi
dhog,mdomo
dial,bonyeza
diameter,kipenyo
diameters,vipenyo
diamond,almasi
dichapetalum,chikwaya
dictator,dikteta
dictators,madikteta
dictionary,kamusi
differenciate,tofautisha
dinner,chakula cha jioni
diocese,jimbo
dip,josho
diplomacy,diplomasia
dips,majosho
direction,mwelekeo
directions,mielekeo
director,mkurugenzi
directors,wakurugenzi
dirt,uchafu
disaster,janga
disasters,majanga
disc,diski
disciplinary measure,hatua ya kinidhamu
disco,disko
discount,diskaunti
discussion,mazungumzo
disease,ugonjwa
diseases,magonjwa
disorder,fujo
dispensaries,mazahanati
dispensary,zahanati
display,zinza
distance,umbali
distressed,sononeka
distributor,mgavi
distributors,wagavi
district,wilaya
disturbance,usumbufu
disturbances,michafuko
divide,gawanya
divisible number,kigawo
divisible numbers,vigawo
division,farakano
divorce,taliki
dizziness,kisulisuli
dockworker,kuli
dockworkers,makuli
doctor,daktari
doctors,madaktari
dodge,chenga
dog,mbwa
dollar,dola
dollars,madola
domestic animal,mfugo
domestic animals,mifugo
donation,mchango
donations,michango
donkey,punda
doodle,msirimbo
door,mlango
doors,milango
dough,kinyunya
doughnut,andazi
doughnuts,mandazi
down,chini
dowry procession,pamvu
doze,sinzia
dozen,dazani
dozing,lepe
draft,mpepea
draft constitution,katiba hawala
draw,teka
drawing,uchoraji
drawings,michoro
dream interpretation,aguzi
dress,rinda
drill,drili
drink,kinyuaji
drinks,vinyuaji
driver,dereva
drivers,madereva
drizzle,rasharasha
drop,tone
drops,matone
drought,kiangazi
drum,ngoma
drunkard,mlevi
dry,kavu
dry air,hewa kavu
dry cleaner,dobi
dry cleaners,madobi
dry place,sehemu kavu
duck,bata
ducks,mabata
dug land,weu
dumping site,dampo
duster,dasta
dusters,madasta
dye plant,mdaa
dye plants,midaa
dysentery,kichocho
eagle,tai
eagle ray,pungu
eagles,mapungu
ear,sikio
ear ring,kipuli
ear rings,vipuli
earning,pato
earnings,pato
ears,masikio
earth,dunia
earthworm,choo
easter,pasaka
easy,chee
economist,mchumi
economists,wachumi
edge,chambochambo
edges,kingo
edispensari,zahanati
edition,toleo
education,elimu
effects,madhara
effort,juhudi
egg,yai
eggs,mayai
egret,yangeyange
eighty,themanini
ekona,kona
elder,mzee
elders,wazee
elect,uteuzi
election,uchaguzi
elections,kura
electoral commission,tume ya uchaguzi
electoral commissions,tume za uchaguzi
electricity,umeme
electricity pole,mlingoti wa umeme
electricity poles,milingoti ya umeme
electron,elektroni
electronics,elektroniki
element,elementi
elements,maelementi
elephant,ndovu
elephantiasis of the scrotum,busha
elevator,eleveta
elevators,maeleveta
embarassment,janaa
emerge,ibuka
emotional,simikwa
employee,mwajiriwa
employees,waajiriwa
employer,mwajiri
employers,waajiri
employment,ajira
empty,utupu
empty shell,bupura
empty shells,mabupura
encourage,diriki
end,mwisho
ends,vikomo
enemies,maadui
enemy,adui
energy,kani
engage,posa
engila,barabara
engine,injini
english,kizungu
enjoy,kujivinjari
entertain,tumbuiza
entertainment,burudani
enthusiasm,kakakaka
entries,vidahizo
entry,kidahizo
entry fee,kiingilio
envelope,bahasha
environment,mazingira
enzyme,kimeng'enya
enzymes,vimeng'enya
epic,kigano
epics,vigano
epiphany,epifania
equal lines,mstari sambamba
equality,usawa
error,kasoro
escalator,askaleta
escape,hepa
escapism,utoro
eskuli,shule
essence,mchakato
essences,michakato
estate,kitongoji
ethiopian,muhabeshi
ethiopians,waethiopia
eucharist,hostia
evangelism,uinjilisti
evangelist,mwinjilisti
evangelists,wainjilisti
evasion,kipengee
even,hata
evening,jioni
event,tukio
events,matukio
evil,baa
evil spirit,kitimiri
exam,mtihani
examinee,mtahiniwa
example,mfano
examples,mifano
exams,mitihani
excess,zaidi
exchange,ubadilishaji
exchequer,wizara ya hazina
excite,kusisimua
excitement,bambika
exclamation mark,alama ya mshangao
exclamation marks,alama za mshangao
exercise,zoezi
exercises,mazoezi
exhibit,kizibiti
exorcism ceremonies,mapungo
exorcism ceremony,pungo
expect,tazamia
expectation,kusudio
expectations,makusudio
expenses,harija
expensive,ghali
experience,tajiriba
expert,fahali
experts,magalacha
explanation,ufafanuzi
extra,ziada
eye brow,nyusi
eye pencil,mkahale
eye pencils,mikahale
eyeball,mboni
eyelid,kope
eyelids,makope
eyes,macho
face,sura
factory,karakana
faeces,mavi
faith,imani
fake,unafiki
fallopian tube,futuza
fallopian tubes,mafutuza
fame,umaarufu
fan,shabiki
fans,mashabiki
fantastic,murua
farming,ukulima
fast,saumu
fat,mafuta
fate,hatima
father,baba
fatigue,uchovu
fault,hatia
favor,upendeleo
favorites,vipenzi
favourite,kipenzi
fax,Nukushi
fear,woga
feases,shonde
feast,karamu
februay,februari
fee,karo
female,jike
feminine,kuke
fence,ua
fences,maua
ferry,feri
festival,tamasha
fever,joto
field,uwanja
fifty,hamsini
fig tree,mkuyu
fig trees,mikuyu
fight,vita
file,jalada
fill,mjazo
filter,kichungi
filter paper,bushashi
filters,vichungi
final,fainali
final step,aheri
finals,mafainali
fine dust,kivumbi
finger,kidole
finger print,alama ya kidole
finger prints,alama za vidole
finger sign,alama ya kidole
finger signs,alama za vidole
fingernail,kucha
fingernails,makucha
fingers,vidole
fire,moto
fireflies,vimetameta
firefly,kimetameta
fires,myoto
firewood,kuni
first,kwanza
first benefit,limbuko
first benefits,malimbuko
first born,kifungua mimba
first borns,wanambee
first uganda emperor,kabaka
fish,samaki
fish bone,kifuu
fish bones,vifuu
fish eagle,kwazi
fisherman,mvuvi
fishermen,wavuvi
fishhook,ndoana
fishhooks,mandoana
fishing,uvuvi
fishing net,nyavu
fishing nets,majarife
fist,ngumi
fists,mangumi
five,tano
flat,ghorofa
flats,maghorofa
flatulence,vimbiwa
flea,kiroboto
fleas,viroboto
flesh,kinofu
flex,kakamaa
flock,tongo
flood,gharika
floor,sakafu
flour,unga
flow,mkondo
flowers,maua
flows,mikondo
flute,zumari
flycatcher,shore
flycatchers,mashore
foam,povu
fold,fumba
folktale,hekaya
followup,fuatilia
food,chakula
food price,bei ya chakula
food prices,bei ya vyakula
food tray,chano
food trays,vyano
foods,vyakula
fool,jahili
fools,mafala
foot,wayo
foot palm,kiganja cha mguu
foot palms,viganja vya miguu
football,kandanda
footballer,mwanasoka
footballers,wanasoka
footprints,nyayo
force,kahiri
foreign policy,sera za kigeni
foreigner,ajinabi
foreigners,majinabi
foreman,mkadamu
foremen,wakadamu
foreseers,watabiri
forest,msitu
forests,misitu
foreteller,mtabiri
foretellers,wabashiri
forever,milele
forgetfulness,chechele
fork,uma
form,fomu
fornicator,mzinzi
forty,arubaini
foul breath,kimenomeno
foundation,msingi
foundations,misingi
four,nne
four-lined terapon,kuwi
fox,mbweha
fraction,tarakimu
frame,fremu
fraud,ghashi
free,bure
fridge,friji
fridges,mafriji
friend,rafiki
friends,marafiki
friendship,urafiki
fright,babaiko
frighten,ogofia
frog,chura
frogs,vyura
fruit,tunda
fruits,matunda
fry,kaanga
full,jaa
full colon,alama ya nuktambili
full expalnation,kinaganaga
full stop,kituo
fullstop,alama ya nukta
fullstops,alama za nukta
fungi,vidudu
fungus,kidudu
fur,manyoya
furniture,samani
gam,utenzi
game,mchezo
gams,fizi
gang,genge
gangs,magenge
gangstars,majambazi
gangster,jangili
gangsters,majangili
garage,gereji
garages,magereji
garden,kore
gardens,makore
garlic,saumu
gate way,lango
gauge,geji
gaze,pumbao
geezer,kikaramba
geezers,vikaramba
gender,jinsia
general,jenerali
generals,majenerali
genocide,amaharu
geography,jiografia
geology,jiolojia
geometry,jiometri
ghost,mzuka
ghosts,mizuka
giant,pandikizi
giants,pandikizi
gin,jini
giraffe,twiga
girl,msichana
girlfriend,kimwana
girls,wasichana
give birth,zaa
glass,gilasi
glasses,magilasi
glitter,kimeto
glitters,vimeto
glove,glovu
gloves,maglovu
glue,gamu
glutton,mlafi
gluttons,walafi
go,gura
goal,bao
goal area,kimiani
goal keeper,golikipa
goal keepers,walinda lango
goalkeeper,kipa
goalpost,goli
goals,mabao
goat,mbuzi
godly,uungu
gods creation,kiumbe cha mungu
gods creations,viumbe vya mungu
gold,dhahabu
gonde,mula
gonorrhea,sekeneko
good,wema
good news,bishara
good night,alamsiki
good place,pema
goodbye,kwaheri
goodness,wema
goods,bidhaa
gosh!,ka!
gospel,injili
gossip,umbea
gourd,kuzi
gourds,makuzi
government,serikali
governor,gavana
grace,fadhila
gramme,gramu
granaries,maghala
granary,ghala
grandchild,mjukuu
grandchildren,wajukuu
grandfather,babu
grandmother,nyanya
granny,ajuza
grape,zambarau
grapes,mizabibu
grapevine,mzabibu
grapevines,mizabibu
graph,jedwali
grass,nyasi
grasshopper,panzi
grate,kuna
gratitude,shukrani
grave-digger,mzishi
grease,grisi
great start,msisimko
great starts,misisimko
greatgrandchild,kitukuu
greatgrandchildren,vitukuu
greed,uroho
greediness,pupa
green,kijani kibichi
green grams,dengu
green grams plant,mdengu
green grams plants,midengu
green pepper,pilipili tamu
greet,amkia
grid,jedwali
grindstone,cherehe
group,kikundi
groups,vikundi
grow,kukuza
growth,ukuaji
guard,askari
guards,maaskari
guava,pera
guava tree,mpera
guava trees,mipera
guavas,mapera
guide,mwelekezi
guides,waelekezi
guineafowl,kanga
guineafowls,makanga
guitar,Gitaa
habit,mazoea
hair,nywele
half,nusu
half cast,shombe
half casts,machotara
half diging fork,kiserema
halls,kumbi
halyard,jarari
hammer,nyundo
hand of a clock,akrabu ya saa
hand over,kabidhi
handcuff,pingu
handicap,kilema
handicaps,vilema
hands of clocks,akrabu za saa
handy man,ufundi
hangover,chelewa
hangovers,machelewa
happen,jiri
happenings,tukiyo
hard,gumu
hard times,wakati mgumu
hard work,bidii
hardship,ghamu
hardships,maghamu
harm,dhuru
harsh,mkali
hat,kofia
hate,chuki
hawk,tai
he-goat,ndenge
head,kichwa
head teacher,mwalimu mkuu
headcloth,ushungi
headline,taarifa
heads,wakuu
heal,nafuu
health,afya
heart,moyo
heart shape,kopa
heart shapes,makopa
hearts,mioyo
heat rash,harara
heaven,mbingu
heavy,uzito
hectare,hekta
heel,kisigino
heels,visigino
heifer,mtamba
heifers,mitamba
heir,mrithi
heirs,warithi
helicopter,helikopta
hell,jehanamu
help,msaada
hen,mwera
hen droppings,mavi ya kuku
herbal medicine,mwarubaini
herdsman,mchungaji
herdsmen,wachungaji
hero,bingwa
herpes,tego
hi,jambo
hidden acts,nyerereza
hide container,kiriba
hide containers,viriba
hide out,mede
hide outs,mamede
hide-and-seek,kibe
high seas,majimakuu
hinterland,rala
hinterlands,marala
hippo,kiboko
hippos,viboko
his or hers,yake
history,historia
hive,mzinga
hives,mizinga
holder,kamata
holders,makamata
hole,shimo
holes,mashimo
holiday,sikukuu
holy,takatifu
holy people,watakatifu
holy person,mtakatifu
home,boma
homestead,kaya
honey,asali
honorarium,honoraria
honour,hadhi
honourable,janabi
hook,ndowani
hooks,mandowani
hope,tumaini
horn,pembe
horny,nyege
horse,farasi
hospitals,mahospitali
hostel,hosteli
hotels,mikahawa
hour,saa
hours,masaa
house,nyumba
houses,vyumba
human,binadamu
human being,binadamu
human beings,wanadamu
human rights,haki za kibinadamu
human waste,mavi ya mtu
humane,utu
humble people,wapole
humble person,mpole
hump,nundu
hunch back,kibyongo
hunch backs,vibyongo
hundred,mia
hunger,njaa
hunter,mwindaji
hunters,wawindaji
hunting,uwindaji
hurricane,tufani
hurricanes,matufani
hurry,janaa
husband,mume
husk,ukumvi
husks,kumvi
hydrogen,hidrojeni
hyena,fisi
hymen,kizinda
hyper,utundu
hypocrisy,unafiki
hypocrite,kabwela
hypocrites,makabwela
hyrax,kwanga
hyraxs,makwanga
ibis,kwarara
identity card,kitambulisho
identity cards,vitambulisho
idiot,kichwamaji
idiots,kichwamaji
idle,zembea
illegal immigrant,mhamiaji haramu
illegal immigrants,wahamiaji haramu
imam,imamu
imitate,kuiga
immigration,uhamisho
immoral,fasiki
immorals,wafasiki
implement,tekeleza
importance,umuhimu
important issues,maswala nyeti
impotent,thori
improve,boresha
in-mate,habusu
inability to speak well,utasi
incase,endapo
incense,uvumba
incite,hamashisha
inclusion,jumuisho
income,mapato
independent distributor,ushindani usio wa haki
industry,kiwanda
infant,mtoto mchanga
infants,watoto wachanga
infect,wiche
inflation,mfumuko wa bei
inhibit,zuia
inhuman,kaini
initiate,chando
injector,injekta
injuries,majiraha
injury,jiraha
injustice,dhuluma
ink,wino
inlaw,shemeji
inlaws,mashemeji
insanity,wehu
insist,sisitiza
inspect,kagua
inspection,ukaguzi
inspections,misako
inspector,mpelelezi
inspectors,wakaguzi
institution,chuo
institutions,mataasisi
instruction,elezo
insult,tusi
insults,matusi
insurance,bima
intention,gharadhi
intentional,makusudi
interest,riba
interim,kaimu
international,kimataifa
international news,taarifa za kimataifa
interrogate,hoji
interruption,hitilafu
interview,mahojiano
intonation,kiimbo
intonations,viimbo
introduction,dibaji
investigator,mchunguzi
investigators,wachunguzi
investment,uwekezaji
investor,mwekezaji
investors,waekezaji
iodine,aidini
irandu,mkopo
iron,pasa
iron box,pasi
ironsheet,bati
islamic,kiislamu
island,kisiwa
islands,visiwa
issue,swala
issues,mambo
jacket,jaketi
jackets,majaketi
jam,jemu
jams,misongamano
janeko,mwendawazimu
janitor,chura
jasmine,afu
jealous person,mwivu
jealousy,wivu
jelous persons,wawivu
jersey,jezi
jerseys,majezi
jet,jeti
jets,majeti
joke,utani
journals,majarida
judge,jaji
judges,mahakimu
judgment day,kiama
jug,jagi
jugs,majagi
juice,juisi
jump on,denki
jump on and hold,dandia
jupiter,jupita
justice,haki
kamasomo,masomo
kenyan,mkenya
kenyans,wakenya
kerosene,kerosini
kettle,birika
kettles,mabirika
khat,miraa
khuola,nafuu
kid,mwanambuzi
kiddish,utoto
kidnap,teka nyara
kids,wanambuzi
kindness,uungwana
king,mfalme
kings,wafalme
kiosk,kioski
kiratu,kiatu
kitchen,jikoni
knacker,mchunaji
knackers,wachunaji
knee,goti
knees,magoti
knife,kisu
knives,visu
knot,fundo
knots,mafundo
koran,msahafu
koreans,wakorea
kwashiokor,chirwa
label,lebo
labels,malebo
lable,lebo
laboratory,maabara
labour,leba
lack,utovu
ladder,ngazi
ladies,wasichana
lady,bibi
ladybird,bunzi
ladybirds,mabunzi
lamb,mwanakondoo
lambs,wanakondoo
land,ardhi
landlord,mpangishaji
landlords,wapangishaji
lands,ardhi
language,lugha
lantern,kibahalui
laptop,Ngamizi pakatwa / Tarakilishi pakatwa
large metal pot,legeni
last born,kitinda mimba
last borns,vitinda mimba
last respect,heshima ya mwisho
last week,wiki jana
laughter,kicheko
law,sheria
lawn,ua
lawns,maua
lawyer,wakili
lawyers,wanasheria
laziness,uzembe
lazy,mlegevu
leader,mtawala
leaders,watawala
leadership,utawala
leaf,jani
league,ligi
leagues,maligi
leak,usalata
lean,egemea
leather sandal,ndara
leave,toka
leaves,majani
lecturer,mkufunzi
ledger,leja
left,-a kushoto
left over,masalio
left overs,maporo
leg,mguu
legend,kigano
legitimate child,mwanahalali
legitimate children,wanahalali
legs,miguu
lens,lenzi
lenses,malenzi
lent,kwaresima
lentils,adesi
leopard,chui
leprosy,ukoma
less,chache
lesson,funzo
lessons,mafunzo
letter,barua
letters,mabarua
leutenant colonel,luteni-kanali
leutenant colonels,maluteni-kanali
leutenant-general,luteni-jenerali
liar,mwongo
liars,waongo
library,maktaba
licence,leseni
license,lenseni
licenses,malenseni
lick,pumba
lid,kifuniko
lids,vifuniko
lie,uwongo
lies,uongo
life,uhai
life trend,msisimko wa maisha
life trends,misisimko ya maisha
lift,lifti
light,wepesi
limp,chopi
line,mstari
lineage,kizazi
lines,mistari
linguist,mwanaisimu
linguistics,isimu
lion,simba
lion cub,shibli
lion cubs,mashibli
liquid,majimaji
liquid cash,taslimu
listen,sikiza
live,ishi
liver,ini
livers,maini
living,hai
loafer,lofa
loafers,malofa
loan,mkopo
loans,mikopo
log,kikingi
logo,chapa
logos,machapa
logs,vikingi
loneliness,upweke
long ago,zamani
loose,chegele
loss,hasara
lotion,uturi
louse,chawa
love,huba
lover,mpenzi
lovers,wapenzi
low case of a ship,chichi
lraqi,mwanairaki
lslam,kislamu
luck,bahati
luggage,mzigo
luggages,mizigo
lunatic,mwendawazimu
lunatics,wendawazimu
lunch,chakula cha mchana
lung,pafu
lung cancer,saratani ya mapafu
lungs,mapafu
lying,ghiliba
maam,memsahib
machine,mashine
mad person,pungwani
madman,chizi
madmen,machizi
magazine,jarida
magistrate,hakimu
magistrates,mahakimu
magnetic compass,dira
mahogany,mtondoo
maid,mfanyikazi
maids,wafanyikazi
maintain,dumisha
maize,hindi
maizes,mahindi
major-general,meja-jenerali
major-generals,mameja-jenerali
make up,kipodozi
make ups,vipodozi
male,dume
male animal,tovi
male camel,galimu
male camels,magalimu
male child,waladi
male slave,mtwana
man,mwanamume
manage,mudu
manager,meneja
managers,mameneja
mangoes,maembe
mannerless person,chepe
mansion,jumba
mansions,majumba
manufacture,unda
marasmus,utapiamlo
mark,alama
market,soko
market plan,mpango wa soko
market plans,mipango ya soko
markets,masoko
marks,maki
marry,kuoa
mascara,wanja
mason,mwashi
masturbate,punyeto
mat,mkeka
match,mechi
matches,michuano
mattress,godoro
mattresses,magodoro
maui,maovu
mayor,meya
mayors,madiwani
mean people,wabanifu
mean person,mbanifu
measurement,kipimo
measurements,vipimo
meat,nyama
meat ball,kababu
meat balls,makababu
medicine,dawa
medicines,madawa
meditate,tafakari
member,mwanachama
member of parliament,mbunge
members,washiriki
members of parliament,wabunge
men,wanaume
menstruation,hedhi
mercenary,mamluki
mercy,huruma
messenger,tarishi
meteorologist,mtabiri wa hali ya anga
meteorologists,watabiri wa hali ya anga
meter,mita
metre,meta
microphone,kipaza sauti
microphones,vipaza sauti
microscope,mikroskopu
middle aged,umri wa makamu
middleage,makamo
middleman,mlanguzi
middlemen,walanguzi
midget,kibete
midwife,mkunga
midwifery,ukunga
midwives,wakunga
might,kudura
milk,maziwa
millennium,mwongo
millimetre,milimeta
million,milioni
millipede,jongoo
mine,chimbo
mineral,madini
mines,machimbo
minimal,duni
minister,waziri
minister for environment,waziri wa mazingira
minister for Justice,waziri wa haki
minister for security,waziri wa usalama
ministers,mawaziri
ministers for environment,mawaziri wa mazingira
ministers for justice,mawaziri wa haki
ministers for security,mawaziri wa usalama
ministry,wizara
ministry of agriculture,wizara ya ukulima
ministry of finance,wizara ya afya
ministry of foreign affairs,wizara ya mambo ya nje
ministry of health,wizara ya afya
ministry of home affairs,wizara ya mambo ya nyumbani
ministry of immigration,wizara ya uhamiaji
ministry of justice,wizara ya haki
minute,dakika
miracle,kioja
mistake,kosa
mistakes,makosa
mister,mwinyi
mixed drum sounds,lele
mixture,mchanganyiko
mixtures,michanganyiko
mob,ramramu
mobile phone,rununu
mobile phones,marununu
moist,zizima
molar,gego
molars,magego
mole,fuko
moles,mafuko
money,fedha
money plant,chazi
monkey,nyani
month,mwezi
months,miezi
moon,mwezi
moorhen,kukuziwa
mop,deki
morale,morali
morning,asubuhi
morning greeting,sabahi
mortar,kinu
mortars,vinu
mortuary,mochari
mosque,msikiti
mosquito net,chandarua
mosquito nets,vyandarua
mother,mama
mothers,akina mama
motivator,motisha
motor,mota
motor boat,motoboti
motorboat,motaboti
mount Everest,mlima Evarest
mountain,mlima
mountains,milima
mourn,jitimail
mousebird,kuzumburu
mouth,mdomo
mouths,vinywa
move,songa
movement,mfuatano
movements,mifuatano
murderer,muuaji
murderers,wauaji
murram,moramu
muscle,msuli
muscles,misuli
mushroom,uyoga
musician,mwanamuziki
musk,zabadi
muslim,mwiislamu
muslims,waislamu
must,lazima
my choice,chaguo langu
my right,haki yangu
name,jina
names,majina
nannies,walezi
nanny,mlezi
nappier grass,ndago
narrate,dokeza
nation,taifa
national congress,kongamano la kitaifa
national congresses,makongamano ya kimataifa
national executive committee of environment,halmashauri ya mazingira
national executive committees of environment,halmashauri za mazingira
national security,usama wa nchi
national team,timu ya taifa
national teams,timu za taifa
nationality,utaifa
nations,mataifa
natives,wazalia
navels,vitovu
neck,shingo
necklace,c
necklaces,vingaja
necktie,tai
need,haja
needs,matakwa
neighbour,jirani
neighbourhood,mtaa
neighbourhoods,mitaa
neighbours,majirani
neon light,kimulimuli
neon lights,vimulimuli
nephew/niece,mpwa
nest,kiota
net,wavu
nets,viandarua
network,mtandao
neutral person,wastani
new,mpya
new example,kigezo kipya
new examples,vigezo vipya
news,habari
newspaper,gazeti
next week,wiki ijayo
next year,mwakani
nice,nzuri
nickname,msimbo
nicknames,misimbo
nicotine,nikotini
niece,mpwa
nieces,wapwa
nightmare,jinamizi
nightmares,majinamizi
nimbus,ghubari
nine,tisa
ninety,tisini
nipple,nyonyo
nipples,manyonyo
noise,kelele
nonsense,pwaji
noose,kitanzi
normal,kawaida
nose,pua
noses,mapua
nosy people,wambeya
nosy person,mbeya
nosy persons,viduhushi
note,noti
notes,manoti
notice,tangazo
noun,kiima
novel,riwaya
november,novemba
number,nambari
nun,sista
nurse,muuguzi
nursing,uuguzi
obedient people,watiifu
obedient person,mtiifu
objective,shabaha
observation,mtazamo
observations,mitazamo
obuholo,mgogoro
occupation,shughuli
occurence,jambo
occurrence,kadhia
october,oktoba
odour,kutuzi
offender,mkosefu
offenders,wakosefu
offering,sadaka
officer,ofisa
officers,maafisa
ogre,jitu
ogres,majitu
old,zee
old ladies,maajuza
old lady,ajuza
old man,bamkubwa
one,moja
one eyed,chongo
one who prepares,mwandalizi
one-eyed person,jicho chongo
oneness,pamoja
onion,kitunguu
onions,vitunguu
open,wazi
openness,uwazi
operator,opereta
operators,maopereta
opinion,oni
opinions,maoni
opponent,mpinzani
opponents,wapinzani
opportunity,nafasi
orange,chungwa
oranges,machungwa
order,oda
organ,ungo
organization,shirika
organizations,mashirika
organs,maungo
origin,asili
original,halisi
orphan,yatima
orphans,mayatima
ostrich,mbuni
ot,nyumba
our rights,haki zetu
outfit,vazi
outfits,mavazi
outpour,mkurupuko
outpours,mikurupuko
outside,nje
overall,msurupwenye
overalls,maovaroli
overcoat,dagla
overnight stay,kesha
overseer,msimamizi
overseers,wasimamizi
overtime,ovataimu
owl,bundi
owner,mmiliki
owners,wamiliki
ox,fahali
oxen,mafahali
oxygen,oxygenia
packet,pakiti
packets,mapakiti
pad,pedi
padlock,kofuli
padlocks,vifuli
pagan,mpagani
pagans,wapagani
page,ukrasa
pain,uma
paint,rangi
palace,jum
palaces,makasri
palates,makaakaa
palette,kaakaa
palm leaf,ukuti
palm leaves,kuti
palm nut,chikichi
palm nuts,machikichi
palm oil tree,mchikichi
palms,kikofi
panel,jopo
panic,taharuki
paper,karatasi
papers,makaratasi
parallelogram,msambamba
paraphrase,falisi
parasite,kimelea
parasites,vimelea
parastatal,halmashauri
parent,mzazi
parenthood,uzazi
parents,wazazi
parking,egesho
parrot,kasuku
part,sehemu
particle,chembechembe
particles,machembechembe
parties,vyama
party,chama
passage,pito
passages,mapito
passenger,abiria
passport,paspoti
passports,mapaspoti
pastoralists,jamii za ufugaji
pastrolists,jamii ya ufugaji
patch,kiraka
patches,viraka
path,kichochoro
patience,subira
patriot,mzalendo
patriotism,uzalendo
patriots,wazalendo
pawpaw,papai
pawpaw tree,mpapai
pawpaw trees,mipapai
pawpaws,mapapai
peacock,tausi
peanut,njugu
peck,dona
pedal,pedeli
peel,ganda
pelican,mwari
pelicans,waari
pen,kalamu
pennies,mapeni
penny,peni
people,watu
people missing fingers or toes,mabuge
pepper,pilipili
pepper plant,mpilipili
percentage,asilimia
perfect,makini
perfection,uthabiti
perfume,marashi
perfume bottle,mrashi
perinum,msamba
period,awamu
periods,vipindi
permission,idhini
permit,kibali
permits,vibali
perseverance,ustahimili
persevere,stahimili
person,mtu
person missing finger or toe,buge
persons,watu
petticoat,kirinda
petticoats,virinda
pharaoh,firauni
pharisee,farisayo
phavana,watoto
philosophers,wasomi
phlegm,kohozi
phone number,nambari ya simu
phone numbers,nambari za simu
phonograph,santuri
photocopier,tanakilishi
photocopy machine,mashini ya chapa
photocopy machines,mashini za chapa
photographer,mpigapicha
physicist,mwanafizikia
physicists,wanafizikia
physics,fizikia
pick,dondoa
pick pocket,kibaka
pick pocketers,vibaka
pick up,okota
picture,picha
pictures,mapicha
piece,kipande
pieces,vipande
piles,bawasiri
pillar,jabali
pillars,majabali
pilot,rubani
pilots,wanahewa
pimp,kuwadi
pimps,makuwadi
pineapple,nanasi
pineapples,mananasi
pipe,kiko
pipes,viko
pirate,haramia
pirates,maharamia
pistol,mtondoo
pitcher,gudulia
pitchers,magudulia
place,mahali
plan,mkakati
plane,randa
planes,maranda
plans,mikakati
plant,mmea
plants,mimea
plate,sahani
play,cheza
player,mchezaji
players,wachezaji
plug,plagi
plums,mzambarau
plural,wingi
pneumonia,nimonia
poacher,mwindaji haramu
poachers,wawindaji haramu
poem,shairi
poems,mashairi
poet,malenga
point,pointi
pointer,akrabu
poisoned food,chakula cha sumu
poker,kamari
poles,milingoti
police,polisi
police men,maafisa wa usalama
police officer,afisa wa usalama
police officers,maafisa wa usalama
police trainee,kurutu
police trainees,makurutu
policies,masera
policy,sera
political leader,kiongozi wa siasa
political leaders,viongozi wa siasa
politics,siasa
pollen,chavua
pomegranate,komamanga
pomegranate tree,mkomamanga
poor,maskini
poor people,wasionacho
pope,papa
porcupine,nungunungu
porridge,uji
port,bandari
ports,mabandari
post office,posta
postal address,sanduku la posta
postponement,ahirisho
pot,mtungi
pot belly,kitambi
potato,kiazi
potatoes,viazi
pots,vyungu
pour,mwaga
poverty,umasikini
powersaw,jambeni
powersaws,majambeni
praise,utukufu
pray,sali
prayer,swala
prayer service,ibada
preacher,mhubiri
prediction,utabiri
predictive,nabihi
predictives,manabihi
pregnancy,mimba
pregnant,mimba
pregnant woman,mja mzito
pregnant women,waja wazito
preparation,utayarishi
preparations,matayarisho
prepare,andaa
presenter,mtangazaji
presenters,watangazaji
president,rais
prey,windo
preys,mawindo
price,bei
pride,fahari
prisoner,mfungwa
prisoners,mahabusu
private company,kampuni ya kibinafsi
private institution,chuo cha kibinafsi
private institutions,vyuo vya kibinafsi
problem,masaibu
procreation,jamiana
produce,zao
proffessional,stadi
program,kipindi
programme,jedwali
programs,vipindi
project,mradi
projects,miradi
promegranate trees,mikomamanga
promegranates,makomamanga
promiscuity,uzinzi
pronunciation,matamshi
prop,nguzo
propeller,rafadha
propellers,marafadha
prophesy,unabii
proposal,pendekezo
proposals,mapendekezo
prosecution,shtaki
prosecution report,taarifa ya mashtaka
prosecution reports,taarifa za mashtaka
prosecutor,kiongozi wa mashtaka
prosecutors,viongozi wa mashtaka
prosperity,fanaka
prostitute,kiberenge
prostitutes,makahaba
prostitution,ukahaba
protest,maandamano
province,mkoa
provinces,mikoa
psalm,zaburi
psychology,saikolojia
psycologist,mwanasaikolojia
psycologists,wanasaikolojia
public,umma
pudding,pudini
puff adder,moma
pulley,kopi
pulleys,vikopi
punch,konde
puncture,panchari
punctures,mapanchari
punish,adhibu
punishment,adhabu
purify,takasa
purpose,kusudi
purse,pochi
pus,usaha
put,tia
python,bafe
pythons,mabafe
qualify,fuzu
quarter,robo
quater finals,robo fainali
queen,malkia
question,swali
questions,maswali
rabbi,kuhani
race,mbio
racket,raketi
rackets,maraketi
radios,maredio
raft,nchoro
rage,mdadi
raid,uvamizi
rain,mvua
rain gauge,kipimamvua
rain gauges,vipimamvua
raise from the dead,fufua
range,masafa
rank,cheo
ranks,nyadhifa
ransom,fidia
rapist,mende
rapists,wanajisi
rash,upele
rat,panya
ratio,uwiano
rattle,kayamba
rattles,makayamba
razor blade,kijembe
razorblade,wembe
reader,msomaji
ready,tayari
reason,ajili
recent,karibuni
recently,majuzi
record,rekodi
records,marekodi
recovering,afueni
rectangle,mstatili
rectangles,mistatili
recyclable waste,bwambwa
red ant,chaki
red ants,machaki
red snapper,kudu
red snappers,makudu
redness,wekundu
reed,tete
reeds,matete
referal hospital,hospitali ya rufaa
referal hospitals,hospitali za rufaa
refrain,susa
refrigerator,jokofu
refugee,mlowezi
refuse,kanusha
regret,juto
regrets,masikitiko
relative,jamaa
relatives,wajamaa
relief,faraja
religion,dini
religious leader,kiongozi wa dini
reluctance,uzohali
remains,mabaki
renovation,ukarabati
repair,rekebisha
repentance,kitubio
repetition,uradidi
represent,wakilisha
representative,mjumbe
representatives,wawakilishi
request,ombi
requests,maombi
research,utafiti
researcher,mtafiti
researchers,watafiti
resemble,fanana
residence,makao
resident,mkazi
residents,wakaazi
resources,rasilimali
respect,heshima
respectful,uadhilifu
response,kiitikio
responses,viitikio
responsibilities,majukumu
responsibility,wajibu
restaurant,diro
results,matokeo
reveal,fichua
revelation,ufunuo
revolution,mapinduzi
rhetorical,balagha
rhetorical question,swali balagha
rhetorical questions,maswali balagha
rhino,kifaru
rhinos,vifaru
rhyme,kina
rhymes,vina
rice,mchele
rice cake,kibibi
rice flour,bwibwi
rich,tajiri
rich nation,nchi tajiri
riddle,fumbo
riddles,mafumbo
right,haki
ring finger,chanda
ring-necked dove,kuyu
rings,mapete
river,mto
rivers,mito
road,njia
roast meat,nyama choma
robber,mnyang'anyi
robbers,wanyang'anyi
robbery with violence,wizi wa kimabavu
robin-chat,kurumbiza
rock,jiwe
rod,gongo
rods,magongo
romans,warume
roof,paa
room,chumba
rooms,vyumba
rooster,jogoo
roosters,majogoo
root,mzizi
roots,mizizi
rope,kamba
rosary,rozari
rot,ukoka
round,mviringo
round about,mzunguko
round abouts,mizunguko
row,safu
rub,futa
rubber,raba
rubbers,vifutio
rubble,fusi
rubbles,mafusi
rug,kitambaa
rugby,gori
rugby team,timu ya raga
rugby teams,timu za raga
rugs,vitambaa
ruins,gofu
rule,sharti
ruler,chenezo
rulers,vyenezo
rumour,uvumi
rumour monger,chakubimbi
rumuor,fununu
run away,toroka
russian,mrashia
rust,kutu
rwandan citizen,mrwanda
sabotage,susia
sacrament,sakramenti
sacrifice,kafara
sacrifices,makafara
sad news,taarifa za tanzia
sadness,jonzi
safe,mdumu
safes,midumu
safety,usalama
sail,shira
sailor,baharia
sailors,wanamaji
sails,mashira
salad,saladi
salaries,mishahara
salary,mshahara
sale,seli
sales,mauzo
sales person,muuzaji
sales persons,wauzaji
salivate,rambita
salon,saluni
salt,chumvi
sanctions,kwazo
sanctions,vikwazo
sand,changarawe
sandal,kandambili
sandles,champali
sane,razini
santa claus,babakrismasi
sap,utomvu
sash,shuka
satan,shetani
satisfactory,toshelezi
saturday,jumamosi
saxophone,harimuni
saxophones,maharimuni
saying,msemo
sayings,misemo
scale,skeli
scales,mizani
scandal,kashfa
scar,kovu
scarcity,tukizi
scare,ogofya
scars,makovu
school,shule
school fees,karo
schools,mashule
science,sayansi
scissor,makasi
scone,skonzi
score,funga
scorpion,nge
screw driver,bisbisi
screw pine,mkadi
screw pines,mikadi
sculptor,sonara
sea,bahari
season,msimu
seasons,misimu
second,sekunde
secondary school,sekondari
secrecy,usiri
secret,siri
secret meeting,kigwena
secret meetings,vigwena
secretaries,makarani
secretary,karani
section,kitengo
sector,sekta
secure,usalamu
seed,mbegu
seedling,chipukizi
seedlings,machipukizi
selected,teule
selfish,mchoyo
selfishness,uchoyo
seller,muuzaji
semen,manii
semi finals,nusu finali
semi-circle,nusu duara
seminar,warsha
sentence,kifungo
sentences,vifungo
sentense,sentensi
separation,utengano
september,septemba
sermon,suta
servant,mtumishi
servants,watumishi
service,huduma
set free,achiliwa huru
seven,saba
seven hundred grammes,kibaba
seventy,sabini
sewing machine,cherehani
sewing machines,macherehani
sex,jinsia
shaft,shafti
shafts,mashafti
shape,umbo
shapes,maumbo
shares,hisa
shark,papa
shed,hori
sheep,kondoo
shell,bufuu
shells,mabufuu
shelve,daka
shield,ngao
shift,doria
shilling,shilingi
shiver,sisimka
shock,mshtuko
shocks,mishtuko
shoe,kiatu
shoes,viatu
shooting star,kimondo
shooting stars,vimondo
short,kaptura
short coming,dosari
short message services,matini
short rains,vuli
shortage,uhaba
shortcoming,dosari
shoulder,bega
shout,yowe
shouts,mayowe
show,onyesho
show off,ringa
shower,oga
showers,manyunyu
shows,maonyesho
sibala,ardhi
side,upande
sieve,kichujio
sieves,vichujio
signature,sahihi
signatures,masaini
silence,kimya
silly,bahau
silver,fedha
similar,lingana
simile,kibadala
similes,vibadala
simple,rahisi
sin,dhambi
since,tangu
singular,umoja
sins,madhambi
siren,king'ora
sirens,ving'ora
sissy,rambuza
sissys,marambuza
sister,kibibi
six,sita
sixty,sitini
skill,kozi
skin,ngozi
skin cancer,saratani ya ngozi
skin container,kiriba
skins,magamba
slanderer,mzushi
slanderes,wazushi
slap,kibare
slaps,vibare
slash sign,alama ya mkwaju
slash signs,alama za mkwaju
slaughter,chinja
slavery,utumwa
sleeping bag,kishupi
slime,zafe
sling,kumbwewe
slop,mteremko
slope,mteremko
slopes,miteremko
slow,pole
slum,kitongoji duni
slums,mitaa duni
sly,gea
small,ndogo
small pieces,chenge chenge
small sticks,cherewa
smoke,moshi
smooth,wororo
snack,kumbwe
snacks,makumbwe
snail,konokono
snake,nyoka
snapper,changu
snappers,machangu
sneez,chafya
so forth,kadhalika
soap,sabuni
soapstone,kinoo
soapstones,vinoo
soccer,kandanda
soccer team,timu ya kandanda
soccer teams,timu za kandanda
socialism,usoshalisti
socket,soketi
socks,soksi
soda ash,magadi
sodomise,fira
soft,ororo
soil,mchanga
soles,masoli
solution,suluhisho
solve,utatuzi
sombre greenbul,kuruwiji
some,baadhi
some thing,bonge
someones' children,ali
something simple,kichele
son,auladi
son in law,mkwe
sons in law,wakwe
sorcerer,mshirikina
sorceres,washirikina
sorry,pole
soul,roho
soup,supu
sour,kali
south monsoon,kusi
space,nafasi
spare,spea
spark,cheche
sparks,macheche
speak,zungumza
speaker,hatibu
speakers,maspika
special,maalum
special invitation,ujio
spectacles,miwani
speech,hotuba
speed,spidi
sphere,mviringo
spice,achari
spider,buibui
spies,majasusi
spinach,mdewere
spirit,roho
spirits,nyoyo
spitting cobra,fira
spokes persons,wasemaji
spokesperson,msemaji
sponser,mdhamini
sponsers,wadhamini
spoon,kijiko
spoons,vijiko
sport,mchezo
sports,michezo
spot,doa
spots,madoa
spread,tandaza
spring,chemichemi
sprout,mea
sputum,balaghamu
spy,jasusi
sqaures,miraba
squander,ufujaji
square,mraba
squat,otama
squeeze,bana
squirrel,kuchakulo
squirrels,makuchakulo
stabilize,imarisha
stable,hodari
stables,mahodari
stakeholder,mshikadau
stakeholders,washikadau
stalk,uti
stall,kibanda
stalls,vibanda
stand,msimamo
stands,misimamo
star,nyota
stare,duwaa
stares,mizubao
state,jamhuri
statement,hoja
station,kituo
statistics,takwimu
status,daraja
steam,mvuke
steering wheel,usukani
stem,shina
stems,mashina
stench,uvundo
step,hatua
steroid,pufya
steroids,mapufya
stew,mchuzi
stews,michuzi
stick,kijiti
sticks,vijiti
stinging rash,upupu
stingingnettle,weni
stir up,chochea
stomach,tumbo
stomach cancer,saratani ya tumbo
stone,jiwe
stool,kiroto
stools,vigoda
storage chest,kasha
storage chests,makasha
storm,halibari
story,hadithi
strand,shore
strands,mashore
strangle,nyonga
street urchin,chokora
street urchins,machokora
strength,nguvu
stress,jakamoyo
stretch,rauni
strike,mgomo
striker,mshambulizi
strikers,washambulizi
strikes,migomo
string,uzi
strings,nyuzi
strong,imara
struggle,juhudi
stubborn,mpingani
student,mwanafunzi
students,wanafunzi
study,taaluma
stupid,bunga
stupid people,wapumbavu
stupid person,mpumbavu
sub location,kata ndogo
subject,somo
subjects,masomo
submarine,nyambizi
submerged,majini
succeed,fanikiwa
success,fanaka
successor,mwandamizi
successors,waandamizi
sucker-fish,chazo
sudden,ghafla
sudden death,fajaa
suffer,teseka
sugar,sukari
sugar cane,miwa
sugar factories,viwanda vya sukari
sugar factory,kiwanda cha sukari
sugarcane farm,chalo
sugarcane farms,machalo
suit,suti
suits,masuti
sultan,sultani
sum,jumla
summer,chaka
sun,jua
sunbeam,mwonzi
sunday,jumapili
supermarket,supamaketi
supervision,usimamizi
supervisor,akida
supervisors,maakida
supper,chajio
surveillance,ulinzi
survivor,nusura
survivors,manusura
suspect,mshukiwa
suspicion,hatihati
swallow,meza
swampy,chepechepe
swarm,jana
swear,yamini
sweat,jasho
sweet potato,kiazi tamu
sweet potatoes,viazi tamu
swell,kuvimba
swimmer,mwogeleaji
swimmers,waogeleaji
swimming costume,nguo ya kuogelea
swimming costumes,nguo za kuogelea
swindler,mnafiki
swindlers,wanafiki
switch,swichi
swollen,kivimbe
sword fish,puju
sword fishes,mapuju
sycamore fig,kuyu
sympathy,shufaka
symposium,kongamano
synonym,kisawe
synonyms,visawe
syringe,sirinji
system,mfumo
sytems,mifumo
table,meza
taboo,mzio
taboos,vidubwana
tail,mkia
take care,linda
talent,kipawa
talents,vipaji
talk,nena
tall,refu
tangerine,chenza
tangerines,machenza
tap,mfereji
tape,kanda
targeted,lengwa
taste,kionjo
tastes,vionjo
tax,ushuru
taxi,teksi
taxis,mateksi
tea,chai
tea factories,viwanda vya majani
tea factory,kiwanda cha majani
tea leaves,majani chai
tea tree,mchai
teacher,mwalimu
teachers,walimu
teak tree,msajili
team,timu
tear,chozi
tears,machozi
teeth,meno
teko,uweza
telephone,simu
television,televisheni
temperature,fever
templet,kigezo
templets,vigezo
temptation,majaribu
ten,kumi
tenant,mpangaji
tenants,wapangaji
tense,nahau
terrorist,gaidi
terrorists,magaidi
test,jaribio
testicle,kende
testimony,shuhuda
tests,majaribio
text,buku
thanks,fadhila
that which washes,kiosha
theft,wizi
therefore,basi
thermometers,vipimajoto
thermometre,kipimajoto
thick,nene
thief,pwagu
thieves,wezi
thigh,paja
thighs,mapaja
thin,konda
thin thread,kimia
thin threads,vimia
thing,kitu
things,vitu
thirty,thelathini
thorn,mwiba
thorns,miiba
thorough,urudufu
those who prepare,wandalizi
thought,wazo
thoughts,mafikira
thousand,elfu
thousands,maelfu
threat,utisho
threats,vitisho
three,tatu
throat,koo
thud,kishindo
thuds,vishindo
thursday,alhamisi
tick,kupe
tie,tai
tiger,simba marara
timber,mbao
time,saa
timing,muda
tin,mkebe
tins,mikebe
tip,kiinua mgongo
toast bread,tosti
tobacco,tumbaku
today,leo
toddler,chekechea
togetherness,ushirika
toilet,choo
token,tuzo
tokens,matuzo
tomato,nyanya
tomorrow,kesho
tones,vitone
tongue,ulimi
tongues,ndimi
tool,chombo
tools,vyombo
tooth,jino
tooth,jinsi
toothless,kibogoyo
tortoise,kobe
touch,darana
tough people,mashupavu
tough person,shupavu
tour,talii
tourist,mtalii
tourists,watalii
towel,taulo
towels,mataulo
town,mji
towns,miji
tractor,trakta
tradition,itikadi
traditional,kienyeji
traffic jam,mfungamano wa magari
traffic police,trafiki
tragedies,mikasa
tragedy,mkasa
train,gari moshi
trains,magari moshi
transformer,mtambo wa transfoma
translation,fasiri
transportation,usafiri
trap,mtego
traps,mitego
trash,taka
traveler,msafiri
treasure,dafina
tree,mti
tree kingfisher,kurea
tree kingfishers,makurea
trees,miti
trench,handaki
trend,mwenendo
trends,mienendo
triangle,pembe tatu
triangle sign,alama ya pembe tatu
triangle signs,alama za mapembe tatu
triangles,mapembe tatu
tribe,kabila
tribes,makabila
trinity,utatu
trolley,toroli
troop,charo
troops,vikosi
trouble,masumbuko
trouser,suruali
trousers,masuruali
true man,mkweli
true men,wakweli
truth,ukweli
tsetse flies,machafuo
tsetse fly,chafuo
tube,mrija
tuberculosis,kifaduro
tubes,mirija
tuesday,jumanne
tuition,masomo ya ziada
turkey,bata mzinga
turkeys,mabata mzinga
turtle,kasa
twenty,ishirini
twice,dufu
two,mbili
type of glue,embwe
types of glue,maembwe
typewriter,taipureta
typewriters,mataipureta
typhoon,chamchela
typhoons,vimbuga
typist,mpigataipu
tyres,magurudumu
ullulations,vigelegele
ululation,kigelegele
umbilical cord,kitovu
umbrella,mwavuli
uncircumcised man,zunga
uncles place,ujombani
understanding,masikilizano
underwear,chupi
uneasy,kimuyemuye
uneasyness,wayowayo
unequal,witiri
unfair competion,ushindani usio wa haki
uniform,yunifomu
union,muungano
unions,miungano
unique,kipekee
united Arabia,mungano wa milki ya kiarabu
unity,umoja
universe,ulimwengu
up,juu
upcountry,nyanja
uprightness,wongofu
uprising,mgogoro
uprisings,migogoro
uproar,chachawizo
uproars,machachawizo
urge,hanjamu
urine,mkojo
use,matumizi
utterance,tamko
utterrance,kalima
vaccine,chanjo
vacuum cleaner,kifyonzavumbi
vacuum cleaners,vifyonzavumbi
valley,bonde
valleys,mabonde
value,dhamana
valueless,hafifu
vatican,vatikani
vegetable,mboga
vegetable salad,kachumbari
vein,mshipa
veins,mishipa
venus,zuhura
verb,kitenzi
verbs,vitenzi
vervet monkey,tumbili
vice,jiriwa
victory,ushindi
view,rai
viewer,mtazamaji
viewers,watazamaji
viewership,utazamaji
village,kijiji
virgin,bikira
virus,virusi
vision,taswira
visit,zuru
vocabularies,misamiati
vocabulary,msamiati
vocher,vocha
wage,ujira
waist,kiuno
waistlet,kundavi
walk,kirago
walking stick,bakora
walking sticks,mikwaju
walks,mitembeo
wall,ukuta
wallet,kipochi
wallets,vipochi
walls,kuta
wander,zurura
want,taka
war,ghazi
war song,zumo
warbler,kucha
warblers,makucha
warm,uvuguvugu
warn,ashiria
warning,ilani
wars,vita
wash clothes,fua
waste,bwambwara
watchman,mlinzi
watchmen,walinzi
water,maji
water melon,tikiti
water melons,matikiti
water-dikkop,chekeamwezi
waterbuck,kuro
waterbucks,makuro
waterlily,yungiyungi
wave,wimbi
wavelength,safa
waves,mawimbi
way,njia
weak,dhalili
weapons,silaha
weather forecast,utabiri wa hali ya anga
weaver bird,chigi
website,tovuti
wedding ceremonies,sherehe za harusi
wedding ceremony,sherehe ya harusi
wednesday,jumatano
weed,gugu
weeding,paliza
weeds,magugu
weekend,wikendi
weekends,mawikendi
weight,uzani
whale,kinengwe
whales,vinengwe
whistle,filimbi
whistles,vipenga
white,weupe
white-backed duck,kotwe
white-backed ducks,makotwe
wick,ukope
wickedness,ubaya
wicks,tambi
wide,pana
widow,ujane
width,upana
wife,ahali
wig,wigi
wild cat,chakapu
wild cats,machakapu
wilderness,mwitu
will,wasia
wilt,susuwaa
winch,slingi
winches,maslingi
window,dirisha
windows,madirisha
winner,mshindi
winners,washindi
wire,waya
wisdom,hekima
witchcraft,uganga
witchdoctor,mganga
witchdoctors,waganga
witches,wachawi
withdrawal,utoaji
witness,shahidi
woman,mwanamke
womanhood,uke
womb,uzazi
women,wanawake
wonder,ajabu
wonders,maajabu
wood fibre,kunge
wood plank,ubao
wooden cooking spoon,mkamshi
wooden cooking spoons,mikamshi
wool,sufu
word,neno
words,maneno
work,kazi
work cloth,demu
world,ulimwengu
world cup,kombe la dunia
world cups,vikombe vya dunia
worm,minyoo
worry,wasiwasi
worship,abudu
worth,dhamani
wound,jeraha
wounds,vidonda
wrangle,uvutano
wrangles,mavutano
wrecklessness,upurukushani
wrestling,miereka
wrinkle,kunyanzi
wrinkles,makunyanzi
writing,andiko
writtings,maandiko
yam,nduma
yard,yadi
year,mwaka
years,miaka
yeast bread,mkate wa wishwa
yellow,manjano
yesterday,jana
young locust,tunutu
young locusts,matunutu
yours,wako
youth,ujana
zeal,mbwembwe
zebra,pundamilia
zigzag,zigizagi